name	url	index	alteration	disease	therapy	type	gene	fusion.gene
CRLF2 c.695T>G (F232C) Mutation in Acute Lymphoblastic Leukemia	/content/disease/acute-lymphoblastic-leukemia/crlf2/199/	1	F232C	Acute Lymphoblastic Leukemia		point_mutation	CRLF2	
JAK2 c.2047A>G (R683G) Mutation in Acute Lymphoblastic Leukemia	/content/disease/acute-lymphoblastic-leukemia/jak2/200/	3	R683G	Acute Lymphoblastic Leukemia		point_mutation	JAK2	
JAK2 c.2049A>T (R683S) Mutation in Acute Lymphoblastic Leukemia	/content/disease/acute-lymphoblastic-leukemia/jak2/201/	4	R683S	Acute Lymphoblastic Leukemia		point_mutation	JAK2	
JAK2 c.2049A>C (R683S) Mutation in Acute Lymphoblastic Leukemia	/content/disease/acute-lymphoblastic-leukemia/jak2/202/	5	R683S	Acute Lymphoblastic Leukemia		point_mutation	JAK2	
JAK2 c.2048G>C (R683T) Mutation in Acute Lymphoblastic Leukemia	/content/disease/acute-lymphoblastic-leukemia/jak2/203/	6	R683T	Acute Lymphoblastic Leukemia		point_mutation	JAK2	
CALR c.1154_1155insTTGTC (K385fs*47) Mutation in Acute Myeloid Leukemia	/content/disease/acute-myeloid-leukemia/calr/371/	7	K385fs*47	Acute Myeloid Leukemia		frameshift	CALR	
CALR c.1099_1150del (L367fs*46) Mutation in Acute Myeloid Leukemia	/content/disease/acute-myeloid-leukemia/calr/387/	8	L367fs*46	Acute Myeloid Leukemia		frameshift	CALR	
DNMT3A c.2644C>T (R882C) Mutation in Acute Myeloid Leukemia	/content/disease/acute-myeloid-leukemia/dnmt3a/291/	13	R882C	Acute Myeloid Leukemia		point_mutation	DNMT3A	
DNMT3A c.2644C>A (R882S) Mutation in Acute Myeloid Leukemia	/content/disease/acute-myeloid-leukemia/dnmt3a/292/	14	R882S	Acute Myeloid Leukemia		point_mutation	DNMT3A	
DNMT3A c.2645G>A (R882H) Mutation in Acute Myeloid Leukemia	/content/disease/acute-myeloid-leukemia/dnmt3a/293/	15	R882H	Acute Myeloid Leukemia		point_mutation	DNMT3A	
DNMT3A c.2645G>C (R882P) Mutation in Acute Myeloid Leukemia	/content/disease/acute-myeloid-leukemia/dnmt3a/294/	16	R882P	Acute Myeloid Leukemia		point_mutation	DNMT3A	
DNMT3A c.2644C>G (R882G) Mutation in Acute Myeloid Leukemia	/content/disease/acute-myeloid-leukemia/dnmt3a/295/	17	R882G	Acute Myeloid Leukemia		point_mutation	DNMT3A	
DNMT3A c.2645G>T (R882L) Mutation in Acute Myeloid Leukemia	/content/disease/acute-myeloid-leukemia/dnmt3a/296/	18	R882L	Acute Myeloid Leukemia		point_mutation	DNMT3A	
FLT3 c.2503G>C (D835H) Mutation in Acute Myeloid Leukemia	/content/disease/acute-myeloid-leukemia/flt3/278/	20	D835H	Acute Myeloid Leukemia		point_mutation	FLT3	
FLT3 c.2503G>A (D835N) Mutation in Acute Myeloid Leukemia	/content/disease/acute-myeloid-leukemia/flt3/279/	21	D835N	Acute Myeloid Leukemia		point_mutation	FLT3	
FLT3 c.2503G>T (D835Y) Mutation in Acute Myeloid Leukemia	/content/disease/acute-myeloid-leukemia/flt3/280/	22	D835Y	Acute Myeloid Leukemia		point_mutation	FLT3	
FLT3 c. 2504A>C (D835A) Mutation in Acute Myeloid Leukemia	/content/disease/acute-myeloid-leukemia/flt3/281/	23	D835A	Acute Myeloid Leukemia		point_mutation	FLT3	
FLT3 c.2504A>T (D835V) Mutation in Acute Myeloid Leukemia	/content/disease/acute-myeloid-leukemia/flt3/282/	24	D835V	Acute Myeloid Leukemia		point_mutation	FLT3	
FLT3 c.2505T>G (D835E) Mutation in Acute Myeloid Leukemia	/content/disease/acute-myeloid-leukemia/flt3/283/	25	D835E	Acute Myeloid Leukemia		point_mutation	FLT3	
FLT3 c.2506A>C (I836L) Mutation in Acute Myeloid Leukemia	/content/disease/acute-myeloid-leukemia/flt3/284/	26	I836L	Acute Myeloid Leukemia		point_mutation	FLT3	
FLT3 c.2506A>G (I836V) Mutation in Acute Myeloid Leukemia	/content/disease/acute-myeloid-leukemia/flt3/285/	27	I836V	Acute Myeloid Leukemia		point_mutation	FLT3	
FLT3 c.2506_2507delATinsGA (I836D) Mutation in Acute Myeloid Leukemia	/content/disease/acute-myeloid-leukemia/flt3/286/	28	I836D	Acute Myeloid Leukemia		point_mutation	FLT3	
FLT3 c.2506_2507delATinsCA (I836H) Mutation in Acute Myeloid Leukemia	/content/disease/acute-myeloid-leukemia/flt3/287/	29	I836H	Acute Myeloid Leukemia		point_mutation	FLT3	
FLT3 c.2505T>A (D835E) Mutation in Acute Myeloid Leukemia 	/content/disease/acute-myeloid-leukemia/flt3/288/	30	D835E	Acute Myeloid Leukemia 		point_mutation	FLT3	
FLT3 c.2506A>T (I836F) Mutation in Acute Myeloid Leukemia	/content/disease/acute-myeloid-leukemia/flt3/289/	31	I836F	Acute Myeloid Leukemia		point_mutation	FLT3	
FLT3 c.2508C>G (I836M) Mutation in Acute Myeloid Leukemia 	/content/disease/acute-myeloid-leukemia/flt3/290/	32	I836M	Acute Myeloid Leukemia 		point_mutation	FLT3	
IDH1 c.394C>T (R132C) Mutation in Acute Myeloid Leukemia 	/content/disease/acute-myeloid-leukemia/idh1/260/	33	R132C	Acute Myeloid Leukemia 		point_mutation	IDH1	
IDH1 c.394C>G (R132G) Mutation in Acute Myeloid Leukemia	/content/disease/acute-myeloid-leukemia/idh1/261/	34	R132G	Acute Myeloid Leukemia		point_mutation	IDH1	
IDH1 c.394C>A (R132S) Mutation in Acute Myeloid Leukemia	/content/disease/acute-myeloid-leukemia/idh1/262/	35	R132S	Acute Myeloid Leukemia		point_mutation	IDH1	
IDH1 c.395G>A (R132H) Mutation in Acute Myeloid Leukemia	/content/disease/acute-myeloid-leukemia/idh1/263/	36	R132H	Acute Myeloid Leukemia		point_mutation	IDH1	
IDH1 c.395G>T (R132L) Mutation in Acute Myeloid Leukemia	/content/disease/acute-myeloid-leukemia/idh1/264/	37	R132L	Acute Myeloid Leukemia		point_mutation	IDH1	
IDH1 c.395G>C (R132P) Mutation in Acute Myeloid Leukemia	/content/disease/acute-myeloid-leukemia/idh1/265/	38	R132P	Acute Myeloid Leukemia		point_mutation	IDH1	
IDH2 c.419G>A (R140Q) Mutation in Acute Myeloid Leukemia	/content/disease/acute-myeloid-leukemia/idh2/266/	39	R140Q	Acute Myeloid Leukemia		point_mutation	IDH2	
IDH2 c.418C>T (R140W) Mutation in Acute Myeloid Leukemia	/content/disease/acute-myeloid-leukemia/idh2/267/	40	R140W	Acute Myeloid Leukemia		point_mutation	IDH2	
IDH2 c.419G>T (R140L) Mutation in Acute Myeloid Leukemia	/content/disease/acute-myeloid-leukemia/idh2/268/	41	R140L	Acute Myeloid Leukemia		point_mutation	IDH2	
IDH2 c.418C>G (R140G) Mutation in Acute Myeloid Leukemia	/content/disease/acute-myeloid-leukemia/idh2/269/	42	R140G	Acute Myeloid Leukemia		point_mutation	IDH2	
IDH2 c.515G>A (R172K) Mutation in Acute Myeloid Leukemia	/content/disease/acute-myeloid-leukemia/idh2/270/	43	R172K	Acute Myeloid Leukemia		point_mutation	IDH2	
IDH2 c.515G>T (R172M) Mutation in Acute Myeloid Leukemia	/content/disease/acute-myeloid-leukemia/idh2/271/	44	R172M	Acute Myeloid Leukemia		point_mutation	IDH2	
IDH2 c.516G>C (R172S) Mutation in Acute Myeloid Leukemia	/content/disease/acute-myeloid-leukemia/idh2/272/	45	R172S	Acute Myeloid Leukemia		point_mutation	IDH2	
KIT c.2446G>T (D816Y) Mutation in Acute Myeloid Leukemia	/content/disease/acute-myeloid-leukemia/kit/274/	47	D816Y	Acute Myeloid Leukemia		point_mutation	KIT	
KIT c.2447A>T (D816V) Mutation in Acute Myeloid Leukemia	/content/disease/acute-myeloid-leukemia/kit/275/	48	D816V	Acute Myeloid Leukemia		point_mutation	KIT	
KIT c.2446_2447delGAinsAT (D816I) Mutation in Acute Myeloid Leukemia	/content/disease/acute-myeloid-leukemia/kit/276/	49	D816I	Acute Myeloid Leukemia		point_mutation	KIT	
KIT c.2446G>C (D816H) Mutation in Acute Myeloid Leukemia 	/content/disease/acute-myeloid-leukemia/kit/84/	50	D816H	Acute Myeloid Leukemia 		point_mutation	KIT	
SMO c.1417G>C (D473H) Mutation in Basal Cell Carcinoma	/content/disease/basal-cell-carcinoma/smo/163/	60	D473H	Basal Cell Carcinoma		point_mutation	SMO	
SMO c.203_204delCCinsTT (A68V) Mutation in Basal Cell Carcinoma	/content/disease/basal-cell-carcinoma/smo/164/	61	A68V	Basal Cell Carcinoma		point_mutation	SMO	
SMO c.595C>T (R199W) Mutation in Basal Cell Carcinoma	/content/disease/basal-cell-carcinoma/smo/165/	62	R199W	Basal Cell Carcinoma		point_mutation	SMO	
SMO c.1046_1047delCCinsTT (T349I) Mutation in Basal Cell Carcinoma	/content/disease/basal-cell-carcinoma/smo/166/	63	T349I	Basal Cell Carcinoma		point_mutation	SMO	
SMO c.1452_1453delCCinsTT (R485W) Mutation in Basal Cell Carcinoma	/content/disease/basal-cell-carcinoma/smo/167/	64	R485W	Basal Cell Carcinoma		point_mutation	SMO	
SMO c.1542_1543delCCinsTT (L515F) Mutation in Basal Cell Carcinoma	/content/disease/basal-cell-carcinoma/smo/168/	65	L515F	Basal Cell Carcinoma		point_mutation	SMO	
SMO c.1604G>T (W535L) Mutation in Basal Cell Carcinoma	/content/disease/basal-cell-carcinoma/smo/169/	66	W535L	Basal Cell Carcinoma		point_mutation	SMO	
SMO c.1685G>A (R562Q) Mutation in Basal Cell Carcinoma	/content/disease/basal-cell-carcinoma/smo/170/	67	R562Q	Basal Cell Carcinoma		point_mutation	SMO	
SMO c.1955C>T (A652V) Mutation in Basal Cell Carcinoma	/content/disease/basal-cell-carcinoma/smo/171/	68	A652V	Basal Cell Carcinoma		point_mutation	SMO	
SMO c.2263_2264delCCinsTT (P755F) Mutation in Basal Cell Carcinoma	/content/disease/basal-cell-carcinoma/smo/172/	69	P755F	Basal Cell Carcinoma		point_mutation	SMO	
FGFR3 c.746C>G (S249C) Mutation in Bladder Cancer	/content/disease/bladder-cancer/fgfr3/356/	71	S249C	Bladder Cancer		point_mutation	FGFR3	
FGFR3 c.1114G>T (G372C) Mutation in Bladder Cancer	/content/disease/bladder-cancer/fgfr3/360/	72	G372C	Bladder Cancer		point_mutation	FGFR3	
FGFR3 c.1954A>C (K652E) Mutation in Bladder Cancer	/content/disease/bladder-cancer/fgfr3/361/	73	K652E	Bladder Cancer		point_mutation	FGFR3	
FGFR3 c.1955A>T (K652M) Mutation in Bladder Cancer	/content/disease/bladder-cancer/fgfr3/362/	74	K652M	Bladder Cancer		point_mutation	FGFR3	
FGFR3 c.1954A>G (K652Q) Mutation in Bladder Cancer	/content/disease/bladder-cancer/fgfr3/363/	75	K652Q	Bladder Cancer		point_mutation	FGFR3	
FGFR3 c.1955A>C (K652T) Mutation in Bladder Cancer	/content/disease/bladder-cancer/fgfr3/364/	76	K652T	Bladder Cancer		point_mutation	FGFR3	
FGFR3 c.742C>T (R248C) Mutation in Bladder Cancer	/content/disease/bladder-cancer/fgfr3/365/	77	R248C	Bladder Cancer		point_mutation	FGFR3	
FGFR3 c.1124A>G (Y375C) Mutation in Bladder Cancer	/content/disease/bladder-cancer/fgfr3/366/	78	Y375C	Bladder Cancer		point_mutation	FGFR3	
TSC1 c.1907_1908del (E636fs) Mutation in Bladder Cancer	/content/disease/bladder-cancer/tsc1/237/	79	E636fs	Bladder Cancer		frameshift	TSC1	
AKT1 c.49G>A (E17K) Mutation in Breast Cancer	/content/disease/breast-cancer/akt1/23/	80	E17K	Breast Cancer		point_mutation	AKT1	
FGFR3 c.746C>G (S249C) Mutation in Breast Cancer	/content/disease/breast-cancer/fgfr3/356/	86	S249C	Breast Cancer		point_mutation	FGFR3	
HER2 (ERBB2) c.926G>C (G309A) Mutation in Breast Cancer	/content/disease/breast-cancer/erbb2/239/	90	G309A	Breast Cancer		point_mutation	ERBB2	
HER2 (ERBB2) c.2305G>C (D769H) Mutation in Breast Cancer	/content/disease/breast-cancer/erbb2/240/	91	D769H	Breast Cancer		point_mutation	ERBB2	
HER2 (ERBB2) c.2305G>T (D769Y) Mutation in Breast Cancer	/content/disease/breast-cancer/erbb2/241/	92	D769Y	Breast Cancer		point_mutation	ERBB2	
HER2 (ERBB2) c.2264_2278del (L755_T759del) Mutation in Breast Cancer	/content/disease/breast-cancer/erbb2/242/	93	L755_T759del	Breast Cancer		small_deletion	ERBB2	
HER2 (ERBB2) c.2339_2340ins (G778_P780dup) Mutation in Breast Cancer	/content/disease/breast-cancer/erbb2/243/	94	G778_P780dup	Breast Cancer		duplication	ERBB2	
HER2 (ERBB2) c.2524G>A (V842I) Mutation in Breast Cancer	/content/disease/breast-cancer/erbb2/244/	95	V842I	Breast Cancer		point_mutation	ERBB2	
HER2 (ERBB2) c.2686C>T (R896C) Mutation in Breast Cancer	/content/disease/breast-cancer/erbb2/245/	96	R896C	Breast Cancer		point_mutation	ERBB2	
HER2 (ERBB2) c.2264T>C (L755S) Mutation in Breast Cancer	/content/disease/breast-cancer/erbb2/246/	97	L755S	Breast Cancer		point_mutation	ERBB2	
HER2 (ERBB2) c.2329G>T (V777L) Mutation in Breast Cancer	/content/disease/breast-cancer/erbb2/247/	98	V777L	Breast Cancer		point_mutation	ERBB2	
PIK3CA c.3140A>T (H1047L) Mutation in Breast Cancer	/content/disease/breast-cancer/pik3ca/10/	99	H1047L	Breast Cancer		point_mutation	PIK3CA	
PIK3CA  c.3140A>G (H1047R) Mutation in Breast Cancer	/content/disease/breast-cancer/pik3ca/11/	100	H1047R	Breast Cancer		point_mutation	PIK3CA	
PIK3CA c.1634A>G (E545G) Mutation in Breast Cancer	/content/disease/breast-cancer/pik3ca/13/	101	E545G	Breast Cancer		point_mutation	PIK3CA	
PIK3CA c.1634A>T (E545V) Mutation in Breast Cancer	/content/disease/breast-cancer/pik3ca/14/	102	E545V	Breast Cancer		point_mutation	PIK3CA	
PIK3CA c.1636C>G (Q546E) Mutation in Breast Cancer	/content/disease/breast-cancer/pik3ca/15/	103	Q546E	Breast Cancer		point_mutation	PIK3CA	
PIK3CA c.1636C>A (Q546K) Mutation in Breast Cancer	/content/disease/breast-cancer/pik3ca/16/	104	Q546K	Breast Cancer		point_mutation	PIK3CA	
PIK3CA c.1637A>T (Q546L) Mutation in Breast Cancer	/content/disease/breast-cancer/pik3ca/17/	105	Q546L	Breast Cancer		point_mutation	PIK3CA	
PIK3CA c.1637A>C (Q546P) Mutation in Breast Cancer	/content/disease/breast-cancer/pik3ca/18/	106	Q546P	Breast Cancer		point_mutation	PIK3CA	
PIK3CA c.1637A>G (Q546R) Mutation in Breast Cancer	/content/disease/breast-cancer/pik3ca/19/	107	Q546R	Breast Cancer		point_mutation	PIK3CA	
PIK3CA c.1645G>A (D549N) Mutation in Breast Cancer	/content/disease/breast-cancer/pik3ca/20/	108	D549N	Breast Cancer		point_mutation	PIK3CA	
PIK3CA c.1624G>A (E542K) Mutation in Breast Cancer	/content/disease/breast-cancer/pik3ca/7/	109	E542K	Breast Cancer		point_mutation	PIK3CA	
PIK3CA c.1633G>A (E545K) Mutation in Breast Cancer	/content/disease/breast-cancer/pik3ca/8/	110	E545K	Breast Cancer		point_mutation	PIK3CA	
PIK3CA c.1633G>C (E545Q) Mutation in Breast Cancer	/content/disease/breast-cancer/pik3ca/9/	111	E545Q	Breast Cancer		point_mutation	PIK3CA	
PTEN c.477G>T (R159S) Mutations in Breast Cancer	/content/disease/breast-cancer/pten/24/	113	R159S	Breast Cancer		point_mutation	PTEN	
PTEN c.697C>T (R233*) Mutations in Breast Cancer	/content/disease/breast-cancer/pten/25/	114	R233*	Breast Cancer		point_mutation	PTEN	
PTEN c.800delA (K267fs*9) Mutations in Breast Cancer	/content/disease/breast-cancer/pten/26/	115	K267fs*9	Breast Cancer		frameshift	PTEN	
NOTCH1 c.7541_7542delCT (P2514fs) Mutation in Chronic Lymphocytic Leukemia	/content/disease/chronic-lymphocytic-leukemia/notch1/344/	117	P2514fs	Chronic Lymphocytic Leukemia		frameshift	NOTCH1	
AKT1 c.49G>A (E17K) Mutation in Colorectal Cancer 	/content/disease/colorectal-cancer/akt1/23/	137	E17K	Colorectal Cancer 		point_mutation	AKT1	
BRAF c.1406G>A (G469E) Mutation in Colorectal Cancer	/content/disease/colorectal-cancer/braf/146/	138	G469E	Colorectal Cancer		point_mutation	BRAF	
BRAF c.1406G>T (G469V) Mutation in Colorectal Cancer	/content/disease/colorectal-cancer/braf/147/	139	G469V	Colorectal Cancer		point_mutation	BRAF	
BRAF c.1781A>G (D594G) Mutation in Colorectal Cancer	/content/disease/colorectal-cancer/braf/148/	140	D594G	Colorectal Cancer		point_mutation	BRAF	
BRAF c.1781A>T (D594V) Mutation in Colorectal Cancer	/content/disease/colorectal-cancer/braf/149/	141	D594V	Colorectal Cancer		point_mutation	BRAF	
BRAF c.1786G>C (G596R) Mutation in Colorectal Cancer	/content/disease/colorectal-cancer/braf/150/	142	G596R	Colorectal Cancer		point_mutation	BRAF	
BRAF c.1799T>A (V600E) Mutation in Colorectal Cancer	/content/disease/colorectal-cancer/braf/54/	143	V600E	Colorectal Cancer		point_mutation	BRAF	
BRAF c.1397G>T (G466V) Mutation in Colorectal Cancer	/content/disease/colorectal-cancer/braf/70/	144	G466V	Colorectal Cancer		point_mutation	BRAF	
BRAF c.1406G>C (G469A) Mutation in Colorectal Cancer	/content/disease/colorectal-cancer/braf/71/	145	G469A	Colorectal Cancer		point_mutation	BRAF	
KRAS c.38G>T (G13V) Mutation in Colorectal Cancer	/content/disease/colorectal-cancer/kras/159/	146	G13V	Colorectal Cancer		point_mutation	KRAS	
KRAS c.351A>C (K117N) Mutation in Colorectal Cancer	/content/disease/colorectal-cancer/kras/160/	147	K117N	Colorectal Cancer		point_mutation	KRAS	
KRAS c.351A>T (K117N) Mutation in Colorectal Cancer	/content/disease/colorectal-cancer/kras/161/	148	K117N	Colorectal Cancer		point_mutation	KRAS	
KRAS c.436G>C (A146P) Mutation in Colorectal Cancer	/content/disease/colorectal-cancer/kras/27/	149	A146P	Colorectal Cancer		point_mutation	KRAS	
KRAS c.436G>A (A146T) Mutation in Colorectal Cancer	/content/disease/colorectal-cancer/kras/28/	150	A146T	Colorectal Cancer		point_mutation	KRAS	
KRAS c.437C>T (A146V) Mutation in Colorectal Cancer	/content/disease/colorectal-cancer/kras/29/	151	A146V	Colorectal Cancer		point_mutation	KRAS	
KRAS c.183A>C (Q61H) Mutation in Colorectal Cancer	/content/disease/colorectal-cancer/kras/30/	152	Q61H	Colorectal Cancer		point_mutation	KRAS	
KRAS c.182A>C (Q61P) Mutation in Colorectal Cancer	/content/disease/colorectal-cancer/kras/308/	153	Q61P	Colorectal Cancer		point_mutation	KRAS	
KRAS c.183A>T (Q61H) Mutation in Colorectal Cancer	/content/disease/colorectal-cancer/kras/31/	154	Q61H	Colorectal Cancer		point_mutation	KRAS	
KRAS c.35G>C (G12A) Mutation in Colorectal Cancer	/content/disease/colorectal-cancer/kras/32/	155	G12A	Colorectal Cancer		point_mutation	KRAS	
KRAS c.34G>T (G12C) Mutation in Colorectal Cancer	/content/disease/colorectal-cancer/kras/33/	156	G12C	Colorectal Cancer		point_mutation	KRAS	
KRAS c.35G>A (G12D) Mutation in Colorectal Cancer	/content/disease/colorectal-cancer/kras/34/	157	G12D	Colorectal Cancer		point_mutation	KRAS	
KRAS c.64C>A (Q22K) Mutation in Colorectal Cancer	/content/disease/colorectal-cancer/kras/347/	158	Q22K	Colorectal Cancer		point_mutation	KRAS	
KRAS c.34G>C (G12R) Mutation in Colorectal Cancer	/content/disease/colorectal-cancer/kras/35/	159	G12R	Colorectal Cancer		point_mutation	KRAS	
KRAS c.34G>A (G12S) Mutation in Colorectal Cancer	/content/disease/colorectal-cancer/kras/36/	160	G12S	Colorectal Cancer		point_mutation	KRAS	
KRAS c.35G>T (G12V) Mutation in Colorectal Cancer	/content/disease/colorectal-cancer/kras/37/	162	G12V	Colorectal Cancer		point_mutation	KRAS	
KRAS c.37G>T (G13C) Mutation in Colorectal Cancer	/content/disease/colorectal-cancer/kras/38/	163	G13C	Colorectal Cancer		point_mutation	KRAS	
KRAS c.38G>A (G13D) Mutation in Colorectal Cancer	/content/disease/colorectal-cancer/kras/39/	164	G13D	Colorectal Cancer		point_mutation	KRAS	
KRAS c.37G>C (G13R) Mutation in Colorectal Cancer	/content/disease/colorectal-cancer/kras/40/	165	G13R	Colorectal Cancer		point_mutation	KRAS	
KRAS c.181C>A (Q61K) Mutation in Colorectal Cancer	/content/disease/colorectal-cancer/kras/41/	166	Q61K	Colorectal Cancer		point_mutation	KRAS	
KRAS c.182A>T (Q61L) Mutation in Colorectal Cancer	/content/disease/colorectal-cancer/kras/42/	167	Q61L	Colorectal Cancer		point_mutation	KRAS	
KRAS c.182A>G (Q61R) Mutation in Colorectal Cancer	/content/disease/colorectal-cancer/kras/43/	168	Q61R	Colorectal Cancer		point_mutation	KRAS	
KRAS c.38G>C (G13A) Mutation in Colorectal Cancer	/content/disease/colorectal-cancer/kras/68/	170	G13A	Colorectal Cancer		point_mutation	KRAS	
KRAS c.37G>A (G13S) Mutation in Colorectal Cancer	/content/disease/colorectal-cancer/kras/69/	171	G13S	Colorectal Cancer		point_mutation	KRAS	
NRAS c.181C>A (Q61K) Mutation in Colorectal Cancer	/content/disease/colorectal-cancer/nras/75/	173	Q61K	Colorectal Cancer		point_mutation	NRAS	
NRAS c.182A>G (Q61R) Mutation in Colorectal Cancer	/content/disease/colorectal-cancer/nras/77/	174	Q61R	Colorectal Cancer		point_mutation	NRAS	
NRAS c.35G>C (G12A) Mutation in Colorectal Cancer	/content/disease/colorectal-cancer/nras/85/	175	G12A	Colorectal Cancer		point_mutation	NRAS	
NRAS c.34G>T (G12C) Mutation in Colorectal Cancer	/content/disease/colorectal-cancer/nras/86/	176	G12C	Colorectal Cancer		point_mutation	NRAS	
NRAS c.35G>A (G12D) Mutation in Colorectal Cancer	/content/disease/colorectal-cancer/nras/87/	177	G12D	Colorectal Cancer		point_mutation	NRAS	
NRAS c.34G>A (G12S) Mutation in Colorectal Cancer	/content/disease/colorectal-cancer/nras/89/	178	G12S	Colorectal Cancer		point_mutation	NRAS	
NRAS c.35G>T (G12V) Mutation in Colorectal Cancer	/content/disease/colorectal-cancer/nras/90/	179	G12V	Colorectal Cancer		point_mutation	NRAS	
PIK3CA c.3140A>T (H1047L) Mutation in Colorectal Cancer	/content/disease/colorectal-cancer/pik3ca/10/	180	H1047L	Colorectal Cancer		point_mutation	PIK3CA	
PIK3CA c.3140A>G (H1047R) Mutation in Colorectal Cancer	/content/disease/colorectal-cancer/pik3ca/11/	181	H1047R	Colorectal Cancer		point_mutation	PIK3CA	
PIK3CA c.1634A>G (E545G) Mutation in Colorectal Cancer	/content/disease/colorectal-cancer/pik3ca/13/	182	E545G	Colorectal Cancer		point_mutation	PIK3CA	
PIK3CA c.1634A>T (E545V) Mutation in Colorectal Cancer	/content/disease/colorectal-cancer/pik3ca/14/	183	E545V	Colorectal Cancer		point_mutation	PIK3CA	
PIK3CA c.1636C>G (Q546E) Mutation in Colorectal Cancer	/content/disease/colorectal-cancer/pik3ca/15/	184	Q546E	Colorectal Cancer		point_mutation	PIK3CA	
PIK3CA c.1636C>A (Q546K) Mutation in Colorectal Cancer	/content/disease/colorectal-cancer/pik3ca/16/	185	Q546K	Colorectal Cancer		point_mutation	PIK3CA	
PIK3CA c.1637A>T (Q546L) Mutation in Colorectal Cancer	/content/disease/colorectal-cancer/pik3ca/17/	186	Q546L	Colorectal Cancer		point_mutation	PIK3CA	
PIK3CA c.1637A>C (Q546P) Mutation in Colorectal Cancer	/content/disease/colorectal-cancer/pik3ca/18/	187	Q546P	Colorectal Cancer		point_mutation	PIK3CA	
PIK3CA c.1637A>G (Q546R) Mutation in Colorectal Cancer	/content/disease/colorectal-cancer/pik3ca/19/	188	Q546R	Colorectal Cancer		point_mutation	PIK3CA	
PIK3CA c.1645G>A (D549N) Mutation in Colorectal Cancer	/content/disease/colorectal-cancer/pik3ca/20/	189	D549N	Colorectal Cancer		point_mutation	PIK3CA	
PIK3CA c.1624G>A (E542K) Mutation in Colorectal Cancer	/content/disease/colorectal-cancer/pik3ca/7/	190	E542K	Colorectal Cancer		point_mutation	PIK3CA	
PIK3CA c.1633G>A (E545K) Mutation in Colorectal Cancer	/content/disease/colorectal-cancer/pik3ca/8/	191	E545K	Colorectal Cancer		point_mutation	PIK3CA	
PIK3CA c.1633G>C (E545Q) Mutation in Colorectal Cancer	/content/disease/colorectal-cancer/pik3ca/9/	192	E545Q	Colorectal Cancer		point_mutation	PIK3CA	
PTEN c.477G>T (R159S) Mutations in Colorectal Cancer	/content/disease/colorectal-cancer/pten/24/	193	R159S	Colorectal Cancer		point_mutation	PTEN	
PTEN c.697C>T (R233*) Mutations in Colorectal Cancer 	/content/disease/colorectal-cancer/pten/25/	194	R233*	Colorectal Cancer 		point_mutation	PTEN	
PTEN c.800delA (K267fs*9) Mutations in Colorectal Cancer	/content/disease/colorectal-cancer/pten/26/	195	K267fs*9	Colorectal Cancer		frameshift	PTEN	
SMAD4 c.989A>C (E330A) Mutation in Colorectal Cancer	/content/disease/colorectal-cancer/smad4/151/	196	E330A	Colorectal Cancer		point_mutation	SMAD4	
SMAD4 c.1051G>C (D351H) Mutation in Colorectal Cancer	/content/disease/colorectal-cancer/smad4/152/	197	D351H	Colorectal Cancer		point_mutation	SMAD4	
SMAD4 c.1609G>T (D537Y) Mutation in Colorectal Cancer	/content/disease/colorectal-cancer/smad4/153/	198	D537Y	Colorectal Cancer		point_mutation	SMAD4	
SMAD4 c.1051G>A (D351N) mutation in Colorectal Cancer	/content/disease/colorectal-cancer/smad4/154/	199	D351N	Colorectal Cancer		point_mutation	SMAD4	
SMAD4 c.1065C>A (D355E) Mutation in Colorectal Cancer	/content/disease/colorectal-cancer/smad4/155/	200	D355E	Colorectal Cancer		point_mutation	SMAD4	
SMAD4 c.1081C>A (R361S) Mutation in Colorectal Cancer	/content/disease/colorectal-cancer/smad4/156/	201	R361S	Colorectal Cancer		point_mutation	SMAD4	
SMAD4 c.1081C>T (R361C) Mutation in Colorectal Cancer	/content/disease/colorectal-cancer/smad4/157/	202	R361C	Colorectal Cancer		point_mutation	SMAD4	
SMAD4 c.1082G>A (R361H) Mutation in Colorectal Cancer	/content/disease/colorectal-cancer/smad4/158/	203	R361H	Colorectal Cancer		point_mutation	SMAD4	
BRAF c.1799T>A (V600E) mutation in GIST	/content/disease/gist/braf/54/	205	V600E	GIST		point_mutation	BRAF	
BRAF c.1799T>A (V600E) Mutation in Glioma	/content/disease/glioma/braf/54/	218	V600E	Glioma		point_mutation	BRAF	
IDH1 c.394C>T (R132C) Mutation in Glioma	/content/disease/glioma/idh1/260/	219	R132C	Glioma		point_mutation	IDH1	
IDH1 c.394C>G (R132G) Mutation in Glioma	/content/disease/glioma/idh1/261/	220	R132G	Glioma		point_mutation	IDH1	
IDH1 c.394C>A (R132S) Mutation in Glioma	/content/disease/glioma/idh1/262/	221	R132S	Glioma		point_mutation	IDH1	
IDH1 c.395G>A (R132H) Mutation in Glioma	/content/disease/glioma/idh1/263/	222	R132H	Glioma		point_mutation	IDH1	
IDH1 c.395G>T (R132L) Mutation in Glioma	/content/disease/glioma/idh1/264/	223	R132L	Glioma		point_mutation	IDH1	
IDH2 c.515G>A (R172K) Mutation in Glioma	/content/disease/glioma/idh2/270/	224	R172K	Glioma		point_mutation	IDH2	
IDH2 c.515G>T (R172M) Mutation in Glioma	/content/disease/glioma/idh2/271/	225	R172M	Glioma		point_mutation	IDH2	
IDH2 c.516G>C (R172S) Mutation in Glioma	/content/disease/glioma/idh2/272/	226	R172S	Glioma		point_mutation	IDH2	
IDH2 c.514A>G (R172G) Mutation in Glioma	/content/disease/glioma/idh2/317/	227	R172G	Glioma		point_mutation	IDH2	
IDH2 c.514A>T (R172W) Mutation in Glioma	/content/disease/glioma/idh2/318/	228	R172W	Glioma		point_mutation	IDH2	
IDH2 c.516G>T (R172S) Mutation in Glioma	/content/disease/glioma/idh2/319/	229	R172S	Glioma		point_mutation	IDH2	
AKT1 c.49G>A (E17K) Mutations in Non-Small Cell Lung Cancer (NSCLC)	/content/disease/lung-cancer/akt1/23/	231	E17K	Non-Small Cell Lung Cancer (NSCLC)		point_mutation	AKT1	
BRAF c.1415A>G (Y472C) Mutation in Non-Small Cell Lung Cancer	/content/disease/lung-cancer/braf/209/	234	Y472C	Non-Small Cell Lung Cancer		point_mutation	BRAF	
BRAF c.1405_1406delGGinsTT (G469L) Mutation in Non-Small Cell Lung Cancer	/content/disease/lung-cancer/braf/310/	235	G469L	Non-Small Cell Lung Cancer		point_mutation	BRAF	
BRAF c.1799T>A (V600E) Mutation in Non-Small Cell Lung Cancer	/content/disease/lung-cancer/braf/54/	236	V600E	Non-Small Cell Lung Cancer		point_mutation	BRAF	
BRAF c.1397G>T (G466V) Mutation in Non-Small Cell Lung Cancer	/content/disease/lung-cancer/braf/70/	237	G466V	Non-Small Cell Lung Cancer		point_mutation	BRAF	
BRAF c.1406G>C (G469A) Mutation in Non-Small Cell Lung Cancer	/content/disease/lung-cancer/braf/71/	238	G469A	Non-Small Cell Lung Cancer		point_mutation	BRAF	
BRAF c.1789C>G (L597V) Mutation in Non-Small Cell Lung Cancer	/content/disease/lung-cancer/braf/73/	239	L597V	Non-Small Cell Lung Cancer		point_mutation	BRAF	
DDR2 c.2304T>A (S768R) Mutation in Squamous Cell Carcinoma of the Lung	/content/disease/lung-cancer/ddr2/78/	240	S768R	Squamous Cell Carcinoma of the Lung		point_mutation	DDR2	
EGFR c.2156G>C (G719A) Mutations in Non-Small Cell Lung Cancer	/content/disease/lung-cancer/egfr/1/	241	G719A	Non-Small Cell Lung Cancer		point_mutation	EGFR	
EGFR c.2155G>T (G719C) Mutations in Non-Small Cell Lung Cancer	/content/disease/lung-cancer/egfr/2/	243	G719C	Non-Small Cell Lung Cancer		point_mutation	EGFR	
EGFR c.2155G>A (G719S) Mutations in Non-Small Cell Lung Cancer	/content/disease/lung-cancer/egfr/3/	245	G719S	Non-Small Cell Lung Cancer		point_mutation	EGFR	
EGFR c.2290_2291ins (A763_Y764insFQEA) Mutation in Non-Small Cell Lung Cancer	/content/disease/lung-cancer/egfr/312/	246	A763_Y764insFQEA	Non-Small Cell Lung Cancer		insertion	EGFR	
EGFR c.2303G>T (S768I) Mutation in Lung Cancer	/content/disease/lung-cancer/egfr/348/	249	S768I	Lung Cancer		point_mutation	EGFR	
EGFR c.2390G>C (C797S) Mutation in Lung Cancer	/content/disease/lung-cancer/egfr/368/	250	C797S	Lung Cancer		point_mutation	EGFR	
EGFR c.2369C>T (T790M) Mutation in Non-Small Cell Lung Cancer	/content/disease/lung-cancer/egfr/4/	251	T790M	Non-Small Cell Lung Cancer		point_mutation	EGFR	
EGFR c.2573T>G (L858R) Mutation in Non-Small Cell Lung Cancer	/content/disease/lung-cancer/egfr/5/	252	L858R	Non-Small Cell Lung Cancer		point_mutation	EGFR	
EGFR c.2582T>A (L861Q) Mutation in Non-Small Cell Lung Cancer	/content/disease/lung-cancer/egfr/6/	253	L861Q	Non-Small Cell Lung Cancer		point_mutation	EGFR	
KRAS c.183A>C (Q61H) Mutation in Non-Small Cell Lung Cancer	/content/disease/lung-cancer/kras/30/	259	Q61H	Non-Small Cell Lung Cancer		point_mutation	KRAS	
KRAS c.183A>T (Q61H) Mutation in Non-Small Cell Lung Cancer	/content/disease/lung-cancer/kras/31/	260	Q61H	Non-Small Cell Lung Cancer		point_mutation	KRAS	
KRAS c.35G>C (G12A) Mutation in Non-Small Cell Lung Cancer	/content/disease/lung-cancer/kras/32/	261	G12A	Non-Small Cell Lung Cancer		point_mutation	KRAS	
KRAS c.34G>T (G12C) Mutation in Non-Small Cell Lung Cancer	/content/disease/lung-cancer/kras/33/	262	G12C	Non-Small Cell Lung Cancer		point_mutation	KRAS	
KRAS c.35G>A (G12D) Mutation in Non-Small Cell Lung Cancer	/content/disease/lung-cancer/kras/34/	263	G12D	Non-Small Cell Lung Cancer		point_mutation	KRAS	
KRAS c.34G>C (G12R) Mutation in Non-Small Cell Lung Cancer	/content/disease/lung-cancer/kras/35/	264	G12R	Non-Small Cell Lung Cancer		point_mutation	KRAS	
KRAS c.34G>A (G12S) Mutation in Non-Small Cell Lung Cancer	/content/disease/lung-cancer/kras/36/	265	G12S	Non-Small Cell Lung Cancer		point_mutation	KRAS	
KRAS c.35G>T (G12V) Mutation in Non-Small Cell Lung Cancer	/content/disease/lung-cancer/kras/37/	266	G12V	Non-Small Cell Lung Cancer		point_mutation	KRAS	
KRAS c.37G>T (G13C) Mutation in Non-Small Cell Lung Cancer	/content/disease/lung-cancer/kras/38/	267	G13C	Non-Small Cell Lung Cancer		point_mutation	KRAS	
KRAS c.38G>A (G13D) Mutation in Non-Small Cell Lung Cancer	/content/disease/lung-cancer/kras/39/	268	G13D	Non-Small Cell Lung Cancer		point_mutation	KRAS	
KRAS c.37G>C (G13R) Mutation in Non-Small Cell Lung Cancer	/content/disease/lung-cancer/kras/40/	269	G13R	Non-Small Cell Lung Cancer		point_mutation	KRAS	
KRAS c.181C>A (Q61K) Mutation in Non-Small Cell Lung Cancer	/content/disease/lung-cancer/kras/41/	270	Q61K	Non-Small Cell Lung Cancer		point_mutation	KRAS	
KRAS c.182A>T (Q61L) Mutation in Non-Small Cell Lung Cancer	/content/disease/lung-cancer/kras/42/	271	Q61L	Non-Small Cell Lung Cancer		point_mutation	KRAS	
KRAS c.182A>G (Q61R) Mutation in Non-Small Cell Lung Cancer	/content/disease/lung-cancer/kras/43/	272	Q61R	Non-Small Cell Lung Cancer		point_mutation	KRAS	
KRAS c.38G>C (G13A) Mutation in Non-Small Cell Lung Cancer	/content/disease/lung-cancer/kras/68/	273	G13A	Non-Small Cell Lung Cancer		point_mutation	KRAS	
KRAS c.37G>A (G13S) Mutation in Non-Small Cell Lung Cancer	/content/disease/lung-cancer/kras/69/	274	G13S	Non-Small Cell Lung Cancer		point_mutation	KRAS	
MEK1 (MAP2K1) c.199G>A (D67N) Mutations in Non-Small Cell Lung Cancer (NSCLC)	/content/disease/lung-cancer/map2k1/60/	275	D67N	Non-Small Cell Lung Cancer (NSCLC)		point_mutation	MAP2K1	
MEK1 (MAP2K1) c.171G>T (K57N) Mutations in Non-Small Cell Lung Cancer (NSCLC)	/content/disease/lung-cancer/map2k1/72/	276	K57N	Non-Small Cell Lung Cancer (NSCLC)		point_mutation	MAP2K1	
MEK1 (MAP2K1) c.167A>C (Q56P) Mutation in Non-Small Cell Lung Cancer (NSCLC)	/content/disease/lung-cancer/map2k1/74/	277	Q56P	Non-Small Cell Lung Cancer (NSCLC)		point_mutation	MAP2K1	
NRAS c.181C>A (Q61K) Mutation in Non-Small Cell Lung Cancer	/content/disease/lung-cancer/nras/75/	280	Q61K	Non-Small Cell Lung Cancer		point_mutation	NRAS	
NRAS c.182A>T (Q61L) Mutation in Non-Small Cell Lung Cancer	/content/disease/lung-cancer/nras/76/	281	Q61L	Non-Small Cell Lung Cancer		point_mutation	NRAS	
NRAS c.182A>G (Q61R) Mutation in Non-Small Cell Lung Cancer	/content/disease/lung-cancer/nras/77/	282	Q61R	Non-Small Cell Lung Cancer		point_mutation	NRAS	
NRAS c.183A>C (Q61H) Mutation in Non-Small Cell Lung Cancer	/content/disease/lung-cancer/nras/80/	283	Q61H	Non-Small Cell Lung Cancer		point_mutation	NRAS	
NRAS c.183A>T (Q61H) Mutation in Lung Cancer	/content/disease/lung-cancer/nras/81/	284	Q61H	Lung Cancer		point_mutation	NRAS	
NRAS c.35G>C (G12A) Mutation in Non-Small Cell Lung Cancer	/content/disease/lung-cancer/nras/85/	285	G12A	Non-Small Cell Lung Cancer		point_mutation	NRAS	
NRAS c.34G>T (G12C) Mutation in Non-Small Cell Lung Cancer	/content/disease/lung-cancer/nras/86/	286	G12C	Non-Small Cell Lung Cancer		point_mutation	NRAS	
NRAS c.35G>A (G12D) Mutation in Non-Small Cell Lung Cancer	/content/disease/lung-cancer/nras/87/	287	G12D	Non-Small Cell Lung Cancer		point_mutation	NRAS	
NRAS c.34G>C (G12R) Mutation in Non-Small Cell Lung Cancer	/content/disease/lung-cancer/nras/88/	288	G12R	Non-Small Cell Lung Cancer		point_mutation	NRAS	
NRAS c.34G>A (G12S) Mutation in Non-Small Cell Lung Cancer	/content/disease/lung-cancer/nras/89/	289	G12S	Non-Small Cell Lung Cancer		point_mutation	NRAS	
PIK3CA  c.3140A>T (H1047L) Mutation in Non-Small Cell Lung Cancer	/content/disease/lung-cancer/pik3ca/10/	292	H1047L	Non-Small Cell Lung Cancer		point_mutation	PIK3CA	
PIK3CA c.3140A>G (H1047R) Mutation in Non-Small Cell Lung Cancer	/content/disease/lung-cancer/pik3ca/11/	293	H1047R	Non-Small Cell Lung Cancer		point_mutation	PIK3CA	
PIK3CA c.1624G>A (E542K) Mutation in Non-Small Cell Lung Cancer	/content/disease/lung-cancer/pik3ca/7/	294	E542K	Non-Small Cell Lung Cancer		point_mutation	PIK3CA	
PIK3CA c.1633G>A (E545K) Mutation in Non-Small Cell Lung Cancer	/content/disease/lung-cancer/pik3ca/8/	295	E545K	Non-Small Cell Lung Cancer		point_mutation	PIK3CA	
PIK3CA c.1633G>C (E545Q) Mutation in Non-Small Cell Lung Cancer	/content/disease/lung-cancer/pik3ca/9/	296	E545Q	Non-Small Cell Lung Cancer		point_mutation	PIK3CA	
PTEN c.697C>T  (R233*) Mutations in Non-Small Cell Lung Cancer (NSCLC)	/content/disease/lung-cancer/pten/25/	297	R233*	Non-Small Cell Lung Cancer (NSCLC)		point_mutation	PTEN	
SMO c.1417G>C (D473H) Mutation in Medulloblastoma	/content/disease/medulloblastoma/smo/163/	302	D473H	Medulloblastoma		point_mutation	SMO	
BRAF c.1799_1800delTGinsAA (V600E) Mutation in Melanoma	/content/disease/melanoma/braf/111/	303	V600E	Melanoma		point_mutation	BRAF	
BRAF c.1799_1800delTGinsAT (V600D) Mutation in Melanoma	/content/disease/melanoma/braf/114/	304	V600D	Melanoma		point_mutation	BRAF	
BRAF c.1799T>G (V600G) Mutation in Melanoma	/content/disease/melanoma/braf/115/	305	V600G	Melanoma		point_mutation	BRAF	
BRAF c.1798_1799delGTinsAA (V600K) Mutation in Melanoma	/content/disease/melanoma/braf/116/	306	V600K	Melanoma		point_mutation	BRAF	
BRAF c.1798G>A (V600M) Mutation in Melanoma	/content/disease/melanoma/braf/117/	307	V600M	Melanoma		point_mutation	BRAF	
BRAF c.1798_1799delGTinsAG (V600R) Mutation in Melanoma	/content/disease/melanoma/braf/118/	308	V600R	Melanoma		point_mutation	BRAF	
BRAF c.1790T>G (L597R) Mutation in Melanoma	/content/disease/melanoma/braf/138/	309	L597R	Melanoma		point_mutation	BRAF	
BRAF c.1781A>G (D594G) Mutation in Melanoma	/content/disease/melanoma/braf/148/	310	D594G	Melanoma		point_mutation	BRAF	
BRAF c.1781A>T (D594V) Mutation in Melanoma	/content/disease/melanoma/braf/149/	311	D594V	Melanoma		point_mutation	BRAF	
BRAF c.1790T>A (L597Q) Mutation in Melanoma	/content/disease/melanoma/braf/188/	312	L597Q	Melanoma		point_mutation	BRAF	
BRAF c.1789_1790delCTinsTC (L597S) Mutation in Melanoma	/content/disease/melanoma/braf/189/	313	L597S	Melanoma		point_mutation	BRAF	
BRAF c.1801A>G (K601E) Mutation in Melanoma	/content/disease/melanoma/braf/190/	314	K601E	Melanoma		point_mutation	BRAF	
BRAF c.1780G>A (D594N) Mutation in Melanoma	/content/disease/melanoma/braf/298/	315	D594N	Melanoma		point_mutation	BRAF	
BRAF c.1779_1780delTGinsGA (D594N) Mutation in Melanoma	/content/disease/melanoma/braf/299/	316	D594N	Melanoma		point_mutation	BRAF	
BRAF c.1780G>C (D594H) Mutation in Melanoma	/content/disease/melanoma/braf/300/	317	D594H	Melanoma		point_mutation	BRAF	
BRAF c.1782T>A (D594E) Mutation in Melanoma	/content/disease/melanoma/braf/301/	318	D594E	Melanoma		point_mutation	BRAF	
BRAF c.1782T>G (D594E) Mutation in Melanoma	/content/disease/melanoma/braf/302/	319	D594E	Melanoma		point_mutation	BRAF	
BRAF c.1799T>A (V600E) Mutation in Melanoma	/content/disease/melanoma/braf/54/	321	V600E	Melanoma		point_mutation	BRAF	
BRAF c.1789C>G (L597V) Mutation in Melanoma	/content/disease/melanoma/braf/73/	322	L597V	Melanoma		point_mutation	BRAF	
CTNNB1(beta-catenin) c.110C>T (S37F) Mutation in Melanoma	/content/disease/melanoma/ctnnb1/104/	323	S37F	Melanoma		point_mutation	CTNNB1	
CTNNB1 (beta-catenin) c.110C>A (S37Y) Mutation in Melanoma	/content/disease/melanoma/ctnnb1/105/	324	S37Y	Melanoma		point_mutation	CTNNB1	
CTNNB1 (beta-catenin) c.134C>T (S45F) Mutation in Melanoma	/content/disease/melanoma/ctnnb1/106/	325	S45F	Melanoma		point_mutation	CTNNB1	
CTNNB1 (beta-catenin) c.133T>C (S45P) Mutation in Melanoma	/content/disease/melanoma/ctnnb1/107/	326	S45P	Melanoma		point_mutation	CTNNB1	
CTNNB1 (beta-catenin) c.134C>A (S45Y) Mutation in Melanoma	/content/disease/melanoma/ctnnb1/108/	327	S45Y	Melanoma		point_mutation	CTNNB1	
GNA11 c.626A>C (Q209P) Mutation in Melanoma	/content/disease/melanoma/gna11/101/	328	Q209P	Melanoma		point_mutation	GNA11	
GNA11 c.546_547delCCinsTT (R183C) Mutation in Melanoma	/content/disease/melanoma/gna11/335/	329	R183C	Melanoma		point_mutation	GNA11	
GNA11 c.547C>T (R183C) Mutation in Melanoma	/content/disease/melanoma/gna11/336/	330	R183C	Melanoma		point_mutation	GNA11	
GNA11 c.626A>T (Q209L) Mutation in Melanoma	/content/disease/melanoma/gna11/99/	331	Q209L	Melanoma		point_mutation	GNA11	
GNAQ c.626A>T (Q209L) Mutation in Melanoma	/content/disease/melanoma/gnaq/100/	332	Q209L	Melanoma		point_mutation	GNAQ	
GNAQ c.626A>C (Q209P) Mutation in Melanoma	/content/disease/melanoma/gnaq/102/	333	Q209P	Melanoma		point_mutation	GNAQ	
GNAQ c.626A>G (Q209R) Mutation in Melanoma	/content/disease/melanoma/gnaq/103/	334	Q209R	Melanoma		point_mutation	GNAQ	
GNAQ c.548G>A (R183Q) Mutation in Melanoma	/content/disease/melanoma/gnaq/337/	335	R183Q	Melanoma		point_mutation	GNAQ	
KIT c.1669T>A (W557R) Mutation in Melanoma	/content/disease/melanoma/kit/109/	336	W557R	Melanoma		point_mutation	KIT	
KIT c.1669T>C (W557R) Mutation in Melanoma	/content/disease/melanoma/kit/110/	337	W557R	Melanoma		point_mutation	KIT	
KIT c.1676T>C (V559A) Mutation in Melanoma	/content/disease/melanoma/kit/112/	338	V559A	Melanoma		point_mutation	KIT	
KIT c.1676T>A (V559D) Mutation in Melanoma	/content/disease/melanoma/kit/113/	339	V559D	Melanoma		point_mutation	KIT	
KIT c.2446G>C (D816H) Mutation in Melanoma	/content/disease/melanoma/kit/84/	342	D816H	Melanoma		point_mutation	KIT	
KIT c.1924A>G (K642E) Mutation in Melanoma	/content/disease/melanoma/kit/95/	343	K642E	Melanoma		point_mutation	KIT	
KIT c.1727T>C (L576P) Mutation in Melanoma	/content/disease/melanoma/kit/96/	344	L576P	Melanoma		point_mutation	KIT	
MEK1 (MAP2K1) c.157T>C (F53L) Mutation in Melanoma	/content/disease/melanoma/map2k1/210/	345	F53L	Melanoma		point_mutation	MAP2K1	
MEK1 (MAP2K1) c.332T>G (I111S) Mutation in Melanoma	/content/disease/melanoma/map2k1/211/	346	I111S	Melanoma		point_mutation	MAP2K1	
MEK1 (MAP2K1) c.362G>C (C121S) Mutation in Melanoma	/content/disease/melanoma/map2k1/212/	347	C121S	Melanoma		point_mutation	MAP2K1	
MEK1 (MAP2K1) c.371C>T (P124L) Mutation in Melanoma	/content/disease/melanoma/map2k1/213/	348	P124L	Melanoma		point_mutation	MAP2K1	
MEK1 (MAP2K1) c.370C>T (P124S) Mutation in Melanoma	/content/disease/melanoma/map2k1/214/	349	P124S	Melanoma		point_mutation	MAP2K1	
MEK1 (MAP2K1) c.607G>A (E203K) Mutation in Melanoma	/content/disease/melanoma/map2k1/215/	350	E203K	Melanoma		point_mutation	MAP2K1	
MEK1 (MAP2K1) c.790C>T (P264S) Mutation in Melanoma	/content/disease/melanoma/map2k1/216/	351	P264S	Melanoma		point_mutation	MAP2K1	
MEK1 (MAP2K1) c.1144A>C (N382H) Mutation in Melanoma	/content/disease/melanoma/map2k1/217/	352	N382H	Melanoma		point_mutation	MAP2K1	
NRAS c.37G>T (G13C) Mutation in Melanoma	/content/disease/melanoma/nras/297/	354	G13C	Melanoma		point_mutation	NRAS	
NRAS c.181C>A (Q61K) Mutation in Melanoma	/content/disease/melanoma/nras/75/	355	Q61K	Melanoma		point_mutation	NRAS	
NRAS c.182A>T (Q61L) Mutation in Melanoma	/content/disease/melanoma/nras/76/	356	Q61L	Melanoma		point_mutation	NRAS	
NRAS c.182A>G (Q61R) Mutation in Melanoma	/content/disease/melanoma/nras/77/	357	Q61R	Melanoma		point_mutation	NRAS	
NRAS c.183A>C (Q61H) Mutation in Melanoma	/content/disease/melanoma/nras/80/	358	Q61H	Melanoma		point_mutation	NRAS	
NRAS c.183A>T (Q61H) Mutation in Melanoma	/content/disease/melanoma/nras/81/	359	Q61H	Melanoma		point_mutation	NRAS	
NRAS c.182_183delAAinsGG (Q61R) Mutation in Melanoma	/content/disease/melanoma/nras/82/	360	Q61R	Melanoma		point_mutation	NRAS	
NRAS c.182_183delAAinsTG (Q61L) Mutation in Melanoma	/content/disease/melanoma/nras/83/	361	Q61L	Melanoma		point_mutation	NRAS	
NRAS c.35G>C (G12A) Mutation in Melanoma	/content/disease/melanoma/nras/85/	362	G12A	Melanoma		point_mutation	NRAS	
NRAS c.34G>T (G12C) Mutation in Melanoma	/content/disease/melanoma/nras/86/	363	G12C	Melanoma		point_mutation	NRAS	
NRAS c.35G>A (G12D) Mutation in Melanoma	/content/disease/melanoma/nras/87/	364	G12D	Melanoma		point_mutation	NRAS	
NRAS c.34G>C (G12R) Mutation in Melanoma	/content/disease/melanoma/nras/88/	365	G12R	Melanoma		point_mutation	NRAS	
NRAS c.34G>A (G12S) Mutation in Melanoma	/content/disease/melanoma/nras/89/	366	G12S	Melanoma		point_mutation	NRAS	
NRAS c.35G>T (G12V) Mutation in Melanoma	/content/disease/melanoma/nras/90/	367	G12V	Melanoma		point_mutation	NRAS	
NRAS c.38G>C (G13A) Mutation in Melanoma	/content/disease/melanoma/nras/91/	368	G13A	Melanoma		point_mutation	NRAS	
NRAS c.38G>A (G13D) Mutation in Melanoma	/content/disease/melanoma/nras/92/	369	G13D	Melanoma		point_mutation	NRAS	
NRAS c.37G>C (G13R) Mutation in Melanoma	/content/disease/melanoma/nras/93/	370	G13R	Melanoma		point_mutation	NRAS	
NRAS c.38G>T (G13V) Mutation in Melanoma	/content/disease/melanoma/nras/94/	371	G13V	Melanoma		point_mutation	NRAS	
NRAS c.181C>G (Q61E) Mutation in Melanoma	/content/disease/melanoma/nras/97/	372	Q61E	Melanoma		point_mutation	NRAS	
NRAS c.182A>C (Q61P) Mutation in Melanoma	/content/disease/melanoma/nras/98/	373	Q61P	Melanoma		point_mutation	NRAS	
CALR c.1154_1155insTTGTC (K385fs*47) Mutation in Myeloproliferative Neoplasms	/content/disease/myeloproliferative-neoplasms/calr/371/	388	K385fs*47	Myeloproliferative Neoplasms		frameshift	CALR	
CALR c.1099_1150del (L367fs*46) Mutation in Myeloproliferative Neoplasms	/content/disease/myeloproliferative-neoplasms/calr/387/	389	L367fs*46	Myeloproliferative Neoplasms		frameshift	CALR	
JAK2 c.1849G>T (V617F) Mutation in Myeloproliferative Neoplasms	/content/disease/myeloproliferative-neoplasms/jak2/358/	390	V617F	Myeloproliferative Neoplasms		point_mutation	JAK2	
JAK2 c.1615_1616delAAinsTT (K539L) Mutation in Myeloproliferative Neoplasms	/content/disease/myeloproliferative-neoplasms/jak2/382/	391	K539L	Myeloproliferative Neoplasms		point_mutation	JAK2	
JAK2 c.1624_1629delAATGAA (N542_E543del) Mutation in Myeloproliferative Neoplasms	/content/disease/myeloproliferative-neoplasms/jak2/383/	392	N542_E543del	Myeloproliferative Neoplasms		small_deletion	JAK2	
JAK2 c.1611_1616delTCACAA (F537_K539delinsL) Mutation in Myeloproliferative Neoplasms	/content/disease/myeloproliferative-neoplasms/jak2/386/	393	F537_K539delinsL	Myeloproliferative Neoplasms		delins	JAK2	
MPL c.1544G>T (W515L) Mutation in Myeloproliferative Neoplasms	/content/disease/myeloproliferative-neoplasms/mpl/378/	394	W515L	Myeloproliferative Neoplasms		point_mutation	MPL	
MPL c.1543_1544delTGinsAA (W515K) Mutation in Myeloproliferative Neoplasms	/content/disease/myeloproliferative-neoplasms/mpl/384/	395	W515K	Myeloproliferative Neoplasms		point_mutation	MPL	
ALK c.3271G>A (D1091N) Mutation in Neuroblastoma	/content/disease/neuroblastoma/alk/173/	396	D1091N	Neuroblastoma		point_mutation	ALK	
ALK c.3452C>T (T1151M) Mutation in Neuroblastoma	/content/disease/neuroblastoma/alk/174/	397	T1151M	Neuroblastoma		point_mutation	ALK	
ALK c.3512T>A (I1171N) Mutation in Neuroblastoma	/content/disease/neuroblastoma/alk/175/	398	I1171N	Neuroblastoma		point_mutation	ALK	
ALK c.3521T>G (F1174C) Mutation in Neuroblastoma	/content/disease/neuroblastoma/alk/176/	399	F1174C	Neuroblastoma		point_mutation	ALK	
ALK c.3520T>A (F1174I) Mutation in Neuroblastoma	/content/disease/neuroblastoma/alk/177/	400	F1174I	Neuroblastoma		point_mutation	ALK	
ALK c.3522C>A (F1174L) Mutation in Neuroblastoma	/content/disease/neuroblastoma/alk/178/	401	F1174L	Neuroblastoma		point_mutation	ALK	
ALK c.3520T>G (F1174V) Mutation in Neuroblastoma	/content/disease/neuroblastoma/alk/179/	402	F1174V	Neuroblastoma		point_mutation	ALK	
ALK c.3734T>G (F1245C) Mutation in Neuroblastoma	/content/disease/neuroblastoma/alk/180/	403	F1245C	Neuroblastoma		point_mutation	ALK	
ALK c.3735C>G (F1245L) Mutation in Neuroblastoma	/content/disease/neuroblastoma/alk/181/	404	F1245L	Neuroblastoma		point_mutation	ALK	
ALK c.3733T>G (F1245V) Mutation in Neuroblastoma	/content/disease/neuroblastoma/alk/182/	405	F1245V	Neuroblastoma		point_mutation	ALK	
ALK c.3824G>A (R1275Q) Mutation in Neuroblastoma	/content/disease/neuroblastoma/alk/183/	406	R1275Q	Neuroblastoma		point_mutation	ALK	
ALK c.3833A>C (Y1278S) Mutation in Neuroblastoma	/content/disease/neuroblastoma/alk/184/	407	Y1278S	Neuroblastoma		point_mutation	ALK	
BRAF c.1790T>G (L597R) Mutation in Ovarian Cancer	/content/disease/ovarian-cancer/braf/138/	408	L597R	Ovarian Cancer		point_mutation	BRAF	
BRAF c.1799T>A (V600E) Mutation in Ovarian Cancer	/content/disease/ovarian-cancer/braf/54/	409	V600E	Ovarian Cancer		point_mutation	BRAF	
KRAS c.35G>C (G12A) Mutation in Ovarian Cancer	/content/disease/ovarian-cancer/kras/32/	410	G12A	Ovarian Cancer		point_mutation	KRAS	
KRAS c.34G>T (G12C) Mutation in Ovarian Cancer	/content/disease/ovarian-cancer/kras/33/	411	G12C	Ovarian Cancer		point_mutation	KRAS	
KRAS c.35G>A (G12D) Mutation in Ovarian Cancer	/content/disease/ovarian-cancer/kras/34/	412	G12D	Ovarian Cancer		point_mutation	KRAS	
KRAS c.34G>C (G12R) Mutation in Ovarian Cancer	/content/disease/ovarian-cancer/kras/35/	413	G12R	Ovarian Cancer		point_mutation	KRAS	
KRAS c.35G>T (G12V) Mutation in Ovarian Cancer	/content/disease/ovarian-cancer/kras/37/	414	G12V	Ovarian Cancer		point_mutation	KRAS	
KRAS c.38G>A (G13D) Mutation in Ovarian Cancer	/content/disease/ovarian-cancer/kras/39/	415	G13D	Ovarian Cancer		point_mutation	KRAS	
PIK3CA c.3140A>T (H1047L) Mutation in Ovarian Cancer	/content/disease/ovarian-cancer/pik3ca/10/	416	H1047L	Ovarian Cancer		point_mutation	PIK3CA	
PIK3CA c.3140A>G (H1047R) Mutation in Ovarian Cancer	/content/disease/ovarian-cancer/pik3ca/11/	417	H1047R	Ovarian Cancer		point_mutation	PIK3CA	
PIK3CA c.1636C>A (Q546K) Mutation in Ovarian Cancer	/content/disease/ovarian-cancer/pik3ca/16/	418	Q546K	Ovarian Cancer		point_mutation	PIK3CA	
PIK3CA c.1624G>A (E542K) Mutation in Ovarian Cancer	/content/disease/ovarian-cancer/pik3ca/7/	419	E542K	Ovarian Cancer		point_mutation	PIK3CA	
PIK3CA c.1633G>A (E545K) Mutation in Ovarian Cancer	/content/disease/ovarian-cancer/pik3ca/8/	420	E545K	Ovarian Cancer		point_mutation	PIK3CA	
PTEN c.388C>T (R130*) Mutation in Ovarian Cancer	/content/disease/ovarian-cancer/pten/137/	421	R130*	Ovarian Cancer		point_mutation	PTEN	
PTEN c.968dupA (N323fs*2) Mutation in Ovarian Cancer	/content/disease/ovarian-cancer/pten/140/	422	N323fs*2	Ovarian Cancer		frameshift	PTEN	
PTEN c.968delA (N323fs*21) Mutation in Ovarian Cancer	/content/disease/ovarian-cancer/pten/141/	423	N323fs*21	Ovarian Cancer		frameshift	PTEN	
PTEN c.741dupA (P248fs*5) Mutation in Ovarian Cancer	/content/disease/ovarian-cancer/pten/142/	424	P248fs*5	Ovarian Cancer		frameshift	PTEN	
PTEN c.389delG (R130fs*4) Mutation in Ovarian Cancer	/content/disease/ovarian-cancer/pten/143/	425	R130fs*4	Ovarian Cancer		frameshift	PTEN	
PTEN c.389G>A (R130Q) Mutation in Ovarian Cancer	/content/disease/ovarian-cancer/pten/144/	426	R130Q	Ovarian Cancer		point_mutation	PTEN	
PTEN c.388C>G (R130G) Mutation in Ovarian Cancer	/content/disease/ovarian-cancer/pten/145/	427	R130G	Ovarian Cancer		point_mutation	PTEN	
AR c.2631C>A (F877L) Mutation in Prostate Cancer	/content/disease/prostate-cancer/ar/349/	428	F877L	Prostate Cancer		point_mutation	AR	
AR c.2632A>G (T878A) Mutation in Prostate Cancer	/content/disease/prostate-cancer/ar/350/	429	T878A	Prostate Cancer		point_mutation	AR	
AR c.2105T>A (L702H) Mutation in Prostate Cancer	/content/disease/prostate-cancer/ar/351/	430	L702H	Prostate Cancer		point_mutation	AR	
AR c.2623C>T (H875Y) Mutation in Prostate Cancer	/content/disease/prostate-cancer/ar/352/	431	H875Y	Prostate Cancer		point_mutation	AR	
AR c.2226G>T (W742C) Mutation in Prostate Cancer	/content/disease/prostate-cancer/ar/353/	432	W742C	Prostate Cancer		point_mutation	AR	
ALK c.3673G>A (D1225N) Mutation in Rhabdomyosarcoma	/content/disease/rhabdomyosarcoma/alk/187/	436	D1225N	Rhabdomyosarcoma		point_mutation	ALK	
KIT c. 1669T>C (W557R) Mutation in Thymic Carcinoma	/content/disease/thymic-carcinoma/kit/110/	437	W557R	Thymic Carcinoma		point_mutation	KIT	
KIT c. 1676T>C (V559A) Mutation in Thymic Carcinoma	/content/disease/thymic-carcinoma/kit/112/	438	V559A	Thymic Carcinoma		point_mutation	KIT	
KIT c.2460T>A (D820E) Mutation in Thymic Carcinoma	/content/disease/thymic-carcinoma/kit/120/	439	D820E	Thymic Carcinoma		point_mutation	KIT	
KIT c.2089C>T (H697Y) Mutation in Thymic Carcinoma	/content/disease/thymic-carcinoma/kit/121/	440	H697Y	Thymic Carcinoma		point_mutation	KIT	
KIT c.1730_1738del (P577_D579del) Mutation in Thymic Carcinoma	/content/disease/thymic-carcinoma/kit/122/	441	P577_D579del	Thymic Carcinoma		small_deletion	KIT	
KIT c.1679_1681del (V560del) Mutation in Thymic Carcinoma	/content/disease/thymic-carcinoma/kit/123/	442	V560del	Thymic Carcinoma		small_deletion	KIT	
KIT c.1657T>A (Y553N) Mutation in Thymic Carcinoma	/content/disease/thymic-carcinoma/kit/124/	443	Y553N	Thymic Carcinoma		point_mutation	KIT	
KIT c.1468G>A (E490K) Mutation in Thymic Carcinoma	/content/disease/thymic-carcinoma/kit/218/	444	E490K	Thymic Carcinoma		point_mutation	KIT	
KIT c.1727T>C (L576P) Mutation in Thymic Carcinoma	/content/disease/thymic-carcinoma/kit/96/	445	L576P	Thymic Carcinoma		point_mutation	KIT	
BRAF c.1799T>A (V600E) Mutation in Thyroid Cancer	/content/disease/thyroid-cancer/braf/54/	447	V600E	Thyroid Cancer		point_mutation	BRAF	
HRAS c.34G>C (G12R) Mutation in Thyroid Cancer	/content/disease/thyroid-cancer/hras/303/	448	G12R	Thyroid Cancer		point_mutation	HRAS	
HRAS c.35G>T (G12V) Mutation in Thyroid Cancer	/content/disease/thyroid-cancer/hras/304/	449	G12V	Thyroid Cancer		point_mutation	HRAS	
HRAS c.37G>T (G13C) Mutation in Thyroid Cancer	/content/disease/thyroid-cancer/hras/305/	450	G13C	Thyroid Cancer		point_mutation	HRAS	
HRAS c.37G>C (G13R) Mutation in Thyroid Cancer	/content/disease/thyroid-cancer/hras/306/	451	G13R	Thyroid Cancer		point_mutation	HRAS	
HRAS c.182A>G (Q61R) Mutation in Thyroid Cancer	/content/disease/thyroid-cancer/hras/307/	452	Q61R	Thyroid Cancer		point_mutation	HRAS	
KRAS c.437C>T (A146V) Mutation in Thyroid Cancer	/content/disease/thyroid-cancer/kras/29/	453	A146V	Thyroid Cancer		point_mutation	KRAS	
KRAS c.182A>C (Q61P) Mutation in Thyroid Cancer	/content/disease/thyroid-cancer/kras/308/	454	Q61P	Thyroid Cancer		point_mutation	KRAS	
KRAS c.35G>C (G12A) Mutation in Thyroid Cancer	/content/disease/thyroid-cancer/kras/32/	455	G12A	Thyroid Cancer		point_mutation	KRAS	
KRAS c.34G>T (G12C) Mutation in Thyroid Cancer	/content/disease/thyroid-cancer/kras/33/	456	G12C	Thyroid Cancer		point_mutation	KRAS	
KRAS c.35G>A (G12D) Mutation in Thyroid Cancer	/content/disease/thyroid-cancer/kras/34/	457	G12D	Thyroid Cancer		point_mutation	KRAS	
KRAS c.34G>C (G12R) Mutation in Thyroid Cancer	/content/disease/thyroid-cancer/kras/35/	458	G12R	Thyroid Cancer		point_mutation	KRAS	
KRAS c.34G>A (G12S) Mutation in Thyroid Cancer	/content/disease/thyroid-cancer/kras/36/	459	G12S	Thyroid Cancer		point_mutation	KRAS	
KRAS c.35G>T (G12V) Mutation in Thyroid Cancer	/content/disease/thyroid-cancer/kras/37/	460	G12V	Thyroid Cancer		point_mutation	KRAS	
KRAS c.38G>A (G13D) Mutation in Thyroid Cancer	/content/disease/thyroid-cancer/kras/39/	461	G13D	Thyroid Cancer		point_mutation	KRAS	
KRAS c.37G>C (G13R) Mutation in Thyroid Cancer	/content/disease/thyroid-cancer/kras/40/	462	G13R	Thyroid Cancer		point_mutation	KRAS	
KRAS c.181C>A (Q61K) Mutation in Thyroid Cancer	/content/disease/thyroid-cancer/kras/41/	463	Q61K	Thyroid Cancer		point_mutation	KRAS	
KRAS c.182A>T (Q61L) Mutation in Thyroid Cancer	/content/disease/thyroid-cancer/kras/42/	464	Q61L	Thyroid Cancer		point_mutation	KRAS	
KRAS c.182A>G (Q61R) Mutation in Thyroid Cancer	/content/disease/thyroid-cancer/kras/43/	465	Q61R	Thyroid Cancer		point_mutation	KRAS	
KRAS c.37G>A (G13S) Mutation in Thyroid Cancer	/content/disease/thyroid-cancer/kras/69/	466	G13S	Thyroid Cancer		point_mutation	KRAS	
NRAS c.181C>A (Q61K) Mutation in Thyroid Cancer	/content/disease/thyroid-cancer/nras/75/	467	Q61K	Thyroid Cancer		point_mutation	NRAS	
NRAS c.182A>G (Q61R) Mutation in Thyroid Cancer	/content/disease/thyroid-cancer/nras/77/	468	Q61R	Thyroid Cancer		point_mutation	NRAS	
RET M918T Mutations in Thyroid Cancer	/content/disease/thyroid-cancer/ret/128/	471	M918T	Thyroid Cancer		point_mutation	RET	
MYD88 c.794T>C (L265P)  Mutation in Waldenstrom Macroglobulinemia	/content/disease/waldenstrom-macroglobulinemia/myd88/369/	472	L265P	Waldenstrom Macroglobulinemia		point_mutation	MYD88	
