Hugo_Symbol	change	type
ASXL1	R548fs	frameshift
ASXL1	Y591fs	frameshift
ASXL1	Q733fs	frameshift
ASXL1	G645fs	frameshift
ASXL1	G646fs	frameshift
DNMT3A	Y584fs	frameshift
DNMT3A	N516fs	frameshift
DNMT3A	F851fs	frameshift
DNMT3A	K577fs	frameshift
MSH6	F1088fs	frameshift
TET2	Q764fs	frameshift
TET2	F381fs	frameshift
TET2	T229fs	frameshift
TET2	Q831fs	frameshift
TET2	H863fs	frameshift
TP53	R290fs	frameshift
AKT1	P68_C77dup	indel
AKT1	T65_I75dup	indel
AKT2	C60_I75dup	indel
AKT2	L78_Q79insHANTFVIRCL	indel
AKT2	R67_L78dup	indel
AKT2	R76_I84dup	indel
ANKRD11	K1461del	indel
ANKRD11	K1012del	indel
ANKRD11	E1008_P1015del	indel
BAP1	E31del	indel
BAP1	K25_D34delinsN	indel
BAP1	K25_Q28del	indel
BAP1	Y33del	indel
BRAF	T599dup	indel
BRAF	V600_K601delinsE	indel
BRAF	I592_A598dup	indel
BRAF	K601_W604del	indel
BRAF	V600_R603del	indel
BRAF	N486_P490del	indel
BRAF	N486_A489delinsK	indel
BRAF	P490_Q494del	indel
BRAF	T488_P492del	indel
BRAF	T488_Q493delinsK	indel
CDKN2A	V28_E33del	indel
CDKN2A	L32_L37del	indel
CDKN2A	A36_N39delinsD	indel
CDKN2A	E27del	indel
CDKN2A	G35_A36del	indel
CDKN2A	N39_N42del	indel
CDKN2A	R29_A34del	indel
CEBPA	N307_E309delinsK	indel
CEBPA	T310_Q311insKQNP	indel
CEBPA	T310_Q311insW	indel
CEBPA	V308dup	indel
CREBBP	S1680del	indel
CTNNB1	S45del	indel
CTNNB1	Y30_S33del	indel
CTNNB1	A43_P44dup	indel
CTNNB1	D32_I35delinsV	indel
CTNNB1	D32_S33del	indel
CTNNB1	D32_S37delinsA	indel
CTNNB1	G34_S71del	indel
CTNNB1	G38_P44del	indel
CTNNB1	L31_I35del	indel
CTNNB1	L31_S33del	indel
CTNNB1	P44_S60del	indel
CTNNB1	Q26_D32delinsH	indel
CTNNB1	Q28_D32delinsH	indel
CTNNB1	S23_S33del	indel
CTNNB1	S33_A39del	indel
CTNNB1	S45_P52del	indel
CTNNB1	T41_S45del	indel
CTNNB1	T41_S47del	indel
CTNNB1	T42_K49del	indel
CTNNB1	W25_D32del	indel
CTNNB1	W25_H36del	indel
DAXX	E457del	indel
DAXX	E457dup	indel
EGFR	E746_A750del	indel
EGFR	L747_T751del	indel
EGFR	L747_P753delinsS	indel
EGFR	E746_T751delinsA	indel
EGFR	L747_E749del	indel
EGFR	S752_I759del	indel
EGFR	L747_S752del	indel
EGFR	K745_E746insVPVAIK	indel
EGFR	K754_I759del	indel
EGFR	T751_A755del	indel
EGFR	T751_E758del	indel
EGFR	N771_H773dup	indel
EGFR	A767_V769dup	indel
EGFR	H773dup	indel
EGFR	S768_D770dup	indel
EGFR	D770_N771insG	indel
EGFR	D770_N771insGF	indel
EGFR	D770_N771insGL	indel
EGFR	D770_N771insY	indel
EGFR	D770_P772dup	indel
EGFR	H773_V774dup	indel
EGFR	N771_P772insH	indel
EGFR	N771_P772insHH	indel
EGFR	N771_P772insV	indel
EGFR	P772_H773dup	indel
EGFR	P772_H773insTPNP	indel
EGFR	Y764_D770dup	indel
EGFR	E709_T710delinsD	indel
ERBB2	Y772_A775dup	indel
ERBB2	M774dup	indel
ERBB2	G778_P780dup	indel
ESR1	V422del	indel
FLT3	F594_D600dup	indel
FLT3	D586_E596dup	indel
FLT3	D593_F594insSPEDNEYFYVD	indel
FLT3	E598_F612dup	indel
FLT3	E598_Y599insSGSSDNEYFYVDFREYE	indel
FLT3	E598_Y599insVAYVDFREYE	indel
FLT3	E604_F605insSPRGGNEYFYVDFREYEYDLKWE	indel
FLT3	F594_R595insGTGSSDNEYFYVDF	indel
FLT3	F612_G613insQGFYVDFREYEYDLKWEFPRENLEF	indel
FLT3	L601_K602insNVDFREYEYDL	indel
FLT3	M578_E598dup	indel
FLT3	N587_D600dup	indel
FLT3	R595_E596insDYVDFR	indel
FLT3	R595_L601dup	indel
FLT3	S584_D600dup	indel
FLT3	S584_F605dup	indel
FLT3	S585_F594dup	indel
FLT3	Y597_E598insAGSSDNEYFYVDFREY	indel
FLT3	Y597_E598insDEYFYVDFREY	indel
FLT3	Y597_K602dup	indel
FLT3	Y599_D600insEYEYEYEY	indel
FLT3	Y599_D600insPAPQIMSTSTLISENMNIA	indel
FLT3	Y599_E604dup	indel
FOXA1	F254_N256delinsY	indel
FOXA1	E255_N256del	indel
FOXA1	G251_F254del	indel
FOXA1	G251_G257del	indel
FOXA1	S250_Y259del	indel
FOXA1	A323_P326del	indel
FOXA1	C258_R261del	indel
FOXA1	D249_F254del	indel
FOXA1	D249_N252del	indel
FOXA1	F254_E255del	indel
FOXA1	F254_G257delinsC	indel
FOXA1	F254_L260del	indel
FOXA1	G284_G290del	indel
FOXA1	K264_K267del	indel
FOXA1	K264dup	indel
FOXA1	K267dup	indel
FOXA1	M253_N256del	indel
FOXA1	M253_Y259del	indel
FOXA1	N252_C258del	indel
FOXA1	N252_G257del	indel
FOXA1	N252_S408del	indel
FOXA1	N397_F400del	indel
FOXA1	Q263_C268del	indel
FOXA1	Q263_D296delinsH	indel
FOXA1	Q263_G281del	indel
FOXA1	Q263del	indel
FOXA1	R265_K270del	indel
FOXA1	S250_F254del	indel
FOXA1	S250_N252del	indel
FOXA1	S282_G283dup	indel
FOXA1	S409del	indel
HIST1H1C	K23del	indel
KIT	W557_K558del	indel
KIT	D579del	indel
KIT	N566_P573del	indel
KIT	Q556_D572del	indel
KIT	V559_E561del	indel
KIT	G565_T574delinsA	indel
KIT	K550_P551del	indel
KIT	K558_V560del	indel
KIT	K558_V560delinsN	indel
KIT	L576_H580dup	indel
KIT	L576del	indel
KIT	M552_E554delinsI	indel
KIT	M552_V555del	indel
KIT	M552_V555delinsI	indel
KIT	M552_W557del	indel
KIT	M552_Y570del	indel
KIT	P551_M552delinsL	indel
KIT	P551_V555del	indel
KIT	P551_Y553delinsH	indel
KIT	Q556_V560delinsH	indel
KIT	Q575del	indel
KIT	T574_H580dup	indel
KIT	V559_G565del	indel
KIT	V559_N566delinsD	indel
KIT	V559_P573del	indel
KIT	V560del	indel
KIT	W557_E561del	indel
KIT	W557_V559delinsF	indel
KIT	Y553_E554del	indel
KIT	Y570_L576del	indel
KIT	Y578_D579insEQQLPY	indel
KIT	A502_Y503dup	indel
LATS2	P479_A480dup	indel
LATS2	P479_A480insPP	indel
MAP2K1	E102_I103del	indel
MAP2K1	I103_K104del	indel
MAP2K1	I99_K104del	indel
MAP2K1	P105_A106del	indel
MAP2K1	P105_I107delinsL	indel
MDC1	K1025del	indel
MDC1	I1020_R1028del	indel
MED12	G44_F45del	indel
MED12	K42_N46del	indel
MED12	N46_S52del	indel
MED12	P49_E55del	indel
MED12	V41_S52del	indel
MTOR	A1459_D1468del	indel
MTOR	E1455_D1458dup	indel
MTOR	E1455_E1457dup	indel
MTOR	W1456_L1460delinsC	indel
MTOR	Y1450_W1456del	indel
MYC	S298del	indel
NFE2L2	D21_I22delinsE	indel
NFE2L2	D27del	indel
NFE2L2	E35_R42del	indel
NFE2L2	F37del	indel
NFE2L2	G31del	indel
NFE2L2	I22_D29del	indel
NFE2L2	I28dup	indel
NFE2L2	L30_S33del	indel
NFE2L2	R34_F37delinsL	indel
NFE2L2	R34_S40del	indel
NFE2L2	S33_R34del	indel
NFE2L2	W24_D29delinsY	indel
NFE2L2	E79del	indel
NFE2L2	L74_Q87del	indel
NFE2L2	L76_E82del	indel
NFE2L2	Q73_T80del	indel
NOTCH1	F357del	indel
NOTCH1	S356del	indel
NOTCH1	C359del	indel
NOTCH1	Y358del	indel
NOTCH1	D338del	indel
PIK3CA	E110del	indel
PIK3CA	K111del	indel
PIK3CA	E110_K111dup	indel
PIK3CA	I112_L113del	indel
PIK3CA	K111_I112del	indel
PIK3CA	L113del	indel
PIK3CA	N114del	indel
PIK3CA	E453del	indel
PIK3CA	E453_D454del	indel
PIK3CA	E453_P466del	indel
PIK3CA	E453_T462del	indel
PIK3CA	G451_D454del	indel
PIK3CA	G463_N465delinsD	indel
PIK3CA	H450_L455del	indel
PIK3CA	L436_P449dup	indel
PIK3CA	L452_G460del	indel
PIK3CA	L452_P458del	indel
PIK3CA	L455_G460delinsF	indel
PIK3CA	P447_L455del	indel
PIK3CA	P449_L452del	indel
PIK3CA	P449_L456del	indel
PIK3CA	G106_R108del	indel
PIK3CA	G106_N107del	indel
PIK3CA	I102_E103delinsK	indel
PIK3CA	I102del	indel
PIK3CA	P104_V105del	indel
PIK3CA	R108del	indel
PIK3CA	H419_C420del	indel
PIK3CA	H419_L422del	indel
PIK3CA	L10_M16del	indel
PIK3CA	W11_H14delinsY	indel
PIK3CA	W11_P18del	indel
PIK3R1	E451_Y452del	indel
PIK3R1	D464_Y467del	indel
PIK3R1	F456_Q457del	indel
PIK3R1	K459del	indel
PIK3R1	L449del	indel
PIK3R1	N441_T454del	indel
PIK3R1	E458del	indel
PIK3R1	E462_R465del	indel
PIK3R1	H450_E451insVH	indel
PIK3R1	K448_N453del	indel
PIK3R1	N453del	indel
PIK3R1	Q455_F456insL	indel
PIK3R1	Q457_S460del	indel
PIK3R1	R461_E462delinsQ	indel
PIK3R1	Y452_Q457del	indel
PIK3R1	Y452dup	indel
PIK3R1	D440_E451del	indel
PIK3R1	D440_K448del	indel
PIK3R1	D440del	indel
PIK3R1	D464_E468dup	indel
PIK3R1	D464_Y470dup	indel
PIK3R1	E439del	indel
PIK3R1	E451del	indel
PIK3R1	E458_K459del	indel
PIK3R1	E458_Y463dup	indel
PIK3R1	E462_Y463delinsD	indel
PIK3R1	E462dup	indel
PIK3R1	E468_E469insGEYDRLYE	indel
PIK3R1	E468_E469insGLYE	indel
PIK3R1	E468_Y470dup	indel
PIK3R1	F456_K459del	indel
PIK3R1	G446_E451del	indel
PIK3R1	G446_L449delinsV	indel
PIK3R1	H450_E451del	indel
PIK3R1	H450_E451dup	indel
PIK3R1	H450_E451insD	indel
PIK3R1	H450_K459del	indel
PIK3R1	H450_Q455dup	indel
PIK3R1	H450_T454del	indel
PIK3R1	H450del	indel
PIK3R1	I442_E443delinsK	indel
PIK3R1	I442_N453del	indel
PIK3R1	K448_Y452del	indel
PIK3R1	L449_H450insQ	indel
PIK3R1	L449_K459del	indel
PIK3R1	L449_Q455del	indel
PIK3R1	L466_E469del	indel
PIK3R1	L466_Y470delinsF	indel
PIK3R1	L466del	indel
PIK3R1	N453_D464dup	indel
PIK3R1	N453_Q455delinsK	indel
PIK3R1	N453_Q457del	indel
PIK3R1	N453_Y463del	indel
PIK3R1	Q455_K459del	indel
PIK3R1	Q455_S460dup	indel
PIK3R1	Q457_E462del	indel
PIK3R1	R465_Y467del	indel
PIK3R1	R465dup	indel
PIK3R1	S460_D464del	indel
PIK3R1	Y452_N453insF	indel
PIK3R1	Y463_E468dup	indel
PIK3R1	Y467_Y470del	indel
PIK3R1	T576del	indel
PIK3R1	K567_L570del	indel
PIK3R1	R574del	indel
PIK3R1	K567del	indel
PIK3R1	K575_R577del	indel
PIK3R1	R577del	indel
PIK3R1	D569_L570delinsV	indel
PIK3R1	D569_L581delinsE	indel
PIK3R1	D569dup	indel
PIK3R1	D578_M582delinsE	indel
PIK3R1	E558_K561del	indel
PIK3R1	E558_R562del	indel
PIK3R1	I566_P568delinsT	indel
PIK3R1	I571_K575del	indel
PIK3R1	I571_L581del	indel
PIK3R1	I571_Q572insR	indel
PIK3R1	I571_R574del	indel
PIK3R1	K567_I571del	indel
PIK3R1	K575_L581delinsM	indel
PIK3R1	K575_R577dup	indel
PIK3R1	K575_T576del	indel
PIK3R1	L570_D578del	indel
PIK3R1	L570_I571insY	indel
PIK3R1	L573_K575del	indel
PIK3R1	L573_R574del	indel
PIK3R1	L573del	indel
PIK3R1	M563_L570delinsI	indel
PIK3R1	M563_N564delinsI	indel
PIK3R1	N564_P568delinsT	indel
PIK3R1	P568_L573del	indel
PIK3R1	Q579_Y580delinsH	indel
PIK3R1	R577_D578del	indel
PIK3R1	R577_L581del	indel
PIK3R1	Y580_L581insF	indel
PIK3R1	I405del	indel
PIK3R1	E403_L404del	indel
PIK3R1	E403_L404delinsV	indel
PIK3R1	I405_L420del	indel
PIK3R1	S399_L404del	indel
PIK3R1	T397_V401del	indel
PIK3R1	V401_H407del	indel
PIK3R1	V401_N406del	indel
PIK3R1	V402_L413del	indel
PIK3R1	L380del	indel
PIK3R1	K379del	indel
PIK3R1	N378del	indel
SMAD4	R361_G365del	indel
SMAD4	C363del	indel
SMAD4	F362_H371del	indel
SMAD4	G358_D360del	indel
SMAD4	G365_E377del	indel
SMAD4	R361_L364del	indel
SMAD4	S357_G365del	indel
SMAD4	L536_E538delinsQ	indel
SMAD4	D537_E538dup	indel
SMAD4	L540del	indel
SMAD4	V539_A546del	indel
SMARCA4	K546del	indel
SMARCB1	K364del	indel
SOX9	K167del	indel
SOX9	R152_K167del	indel
SOX9	R152del	indel
SRSF2	P95_H99del	indel
SRSF2	P95_R102del	indel
SRSF2	P95_R117del	indel
SRSF2	Y92_H100del	indel
SRSF2	Y92_H99del	indel
STAT3	E616del	indel
TP53	I255del	indel
TP53	L252del	indel
TP53	L265del	indel
TP53	E286_E287del	indel
TP53	N235del	indel
TP53	N239_S240del	indel
TP53	N239_S241del	indel
TP53	N239dup	indel
TP53	S241dup	indel
TP53	T253dup	indel
TP53	T256_S260del	indel
TP53	V274_C275dup	indel
TP53	A276_C277dup	indel
TP53	A276_E285del	indel
TP53	C229_H233del	indel
TP53	C229_T230del	indel
TP53	C238_M243del	indel
TP53	C238_N239delinsY	indel
TP53	C238_S240del	indel
TP53	C275_R282delinsW	indel
TP53	C277dup	indel
TP53	D281_R282insP	indel
TP53	E285_K292del	indel
TP53	F270del	indel
TP53	G244_M246delinsV	indel
TP53	G245_P250delinsA	indel
TP53	G262del	indel
TP53	I254_T256del	indel
TP53	I255dup	indel
TP53	L252_I254del	indel
TP53	L252dup	indel
TP53	L264_N268del	indel
TP53	M237_N239del	indel
TP53	M243_I255del	indel
TP53	N235_Y236dup	indel
TP53	N263_N268del	indel
TP53	N268_R273del	indel
TP53	P250_I251delinsL	indel
TP53	P250_L252del	indel
TP53	R282_R283del	indel
TP53	S240_C242del	indel
TP53	S240_S241del	indel
TP53	S260_L264dup	indel
TP53	S269_E271del	indel
TP53	S269_E271delinsK	indel
TP53	T231_I232del	indel
TP53	T231_I232insTDCTT	indel
TP53	T253_L257del	indel
TP53	T256del	indel
TP53	V272_R273insL	indel
TP53	V274_G279del	indel
TP53	V274dup	indel
TP53	Y234_M237del	indel
TP53	Y234del	indel
TP53	Y236_M237delinsL	indel
TP53	N131del	indel
TP53	R156del	indel
TP53	V157_R158del	indel
TP53	A138_L145del	indel
TP53	A138_P142del	indel
TP53	A159del	indel
TP53	A161_I162del	indel
TP53	C135_L137delinsW	indel
TP53	C141_P142del	indel
TP53	D148_T150del	indel
TP53	D148_T155dup	indel
TP53	D148del	indel
TP53	G154_T155del	indel
TP53	I162_Y163delinsN	indel
TP53	I162dup	indel
TP53	K139_P142delinsT	indel
TP53	L130_A138dup	indel
TP53	L130del	indel
TP53	P128_L130del	indel
TP53	P128del	indel
TP53	P142dup	indel
TP53	P153_G154del	indel
TP53	P153del	indel
TP53	Q136_C141del	indel
TP53	Q136del	indel
TP53	R158_A159del	indel
TP53	R158_A159dup	indel
TP53	T150_R158del	indel
TP53	T155_A161del	indel
TP53	T155_R156del	indel
TP53	T155_R158del	indel
TP53	V143_P153del	indel
TP53	V147_D148dup	indel
TP53	V157_R158dup	indel
TP53	P177_C182del	indel
TP53	H178_S183del	indel
TP53	C176_H179del	indel
TP53	C176dup	indel
TP53	E180_D184del	indel
TP53	H179_D184del	indel
TP53	H179del	indel
TP53	P177_H178del	indel
TP53	S183_G187delinsC	indel
TP53	V173_R175del	indel
TP53	V173dup	indel
TP53	P191del	indel
TP53	G199_E204del	indel
TP53	E204_L206del	indel
TP53	I195_G199del	indel
TP53	P191_L201del	indel
TP53	Q192del	indel
TP53	R202_L206del	indel
TP53	V197_N200del	indel
U2AF1	G222_G223del	indel
U2AF1	G223del	indel
U2AF1	G223dup	indel
VHL	F76del	indel
VHL	E70_R79dup	indel
VHL	I75_C77del	indel
VHL	R79_S80del	indel
ABCC10	R570W	snv
ABCC10	R570Q	snv
ABCC10	R570L	snv
ACADS	R330H	snv
ACADS	R330C	snv
ACP6	V29G	snv
ACSBG2	I250M	snv
ACVR1	G328E	snv
ACVR1	G328V	snv
ACVR1	R258G	snv
ACVR1	R258M	snv
ACVR1	R206H	snv
ACVR1B	R485*	snv
AHI1	Q294R	snv
AKT1	E17K	snv
AKT1	E17*	snv
AKT1	L52R	snv
AKT1	L52H	snv
AKT1	Q79K	snv
AKT1	D323G	snv
AKT1	D323Y	snv
AKT1	D323N	snv
AKT3	E17K	snv
AKT3	E17*	snv
ALK	R1275Q	snv
ALK	R1275*	snv
ALK	R1275L	snv
ALK	F1174L	snv
ALK	F1174C	snv
ALK	F1174V	snv
ALK	F1245I	snv
ALK	F1245V	snv
ALK	R401*	snv
ALK	R401L	snv
ALK	R401Q	snv
ALK	R395H	snv
ALK	R395R	snv
AMPD1	L631F	snv
AMPD1	L631V	snv
ANKRD11	K369R	snv
ANKZF1	A650V	snv
ANKZF1	A650A	snv
APC	Q1429*	snv
APC	Q1429R	snv
APC	Q1367*	snv
APC	Q1367E	snv
APC	Q1378*	snv
APC	E1397*	snv
APC	Y935*	snv
APC	Q1406*	snv
APC	Q1406H	snv
APC	Q1338*	snv
APC	E1353*	snv
APC	E1408*	snv
APC	E1379*	snv
APC	R213*	snv
APC	Q1303*	snv
APC	Q1294*	snv
APC	Q1328*	snv
APC	S1315*	snv
APC	R1450*	snv
APC	R876*	snv
APC	R876Q	snv
APC	R1114*	snv
APC	R216*	snv
APC	R499*	snv
APC	R564*	snv
APC	R232*	snv
APOBR	E361D	snv
AR	L702H	snv
AR	L702L	snv
AR	T878A	snv
AR	T878S	snv
AR	H875Y	snv
AR	W742C	snv
AR	W742L	snv
ARAF	S214F	snv
ARAF	S214A	snv
ARAF	S214P	snv
ARAF	S214C	snv
ARAF	S214S	snv
ARAF	S214Y	snv
ARAF	P216L	snv
ARAF	P216R	snv
ARHGAP28	L277R	snv
ARHGAP28	L277P	snv
ARHGAP33	S964S	snv
ARID1A	R1989*	snv
ARID1A	R1989Q	snv
ARID1A	R693*	snv
ARID1A	R2158*	snv
ARID1A	R2158Q	snv
ARID1A	R2158R	snv
ARID1A	R1276*	snv
ARID1A	R1276Q	snv
ARID1A	R1721*	snv
ARID1A	G2087R	snv
ARID1A	G2087E	snv
ARID1A	R1335*	snv
ARID1A	R1722*	snv
ARID1A	R1461*	snv
ARID1A	R1461Q	snv
ARID1A	Q1142*	snv
ARID1B	G966D	snv
ARID1B	Q1179*	snv
ARID1B	Q1179P	snv
ARID1B	T1652M	snv
ARID1B	T1652A	snv
ARID1B	T1652T	snv
ARID2	S297F	snv
ARID2	S297S	snv
ARID2	R314C	snv
ARID2	R314S	snv
ARID3A	S557G	snv
ARIH1	A409E	snv
ARL16	G6R	snv
ASF1B	P21L	snv
ASF1B	P21P	snv
ASXL1	Q575*	snv
ASXL1	Q733*	snv
ASXL1	Y591*	snv
ASXL2	E330K	snv
ASXL2	E330Q	snv
ASXL2	E330D	snv
ASXL2	M1T	snv
ASXL2	M1I	snv
ASXL2	R357*	snv
ATM	R337C	snv
ATM	R337H	snv
ATM	R3008H	snv
ATM	R3008C	snv
ATM	R3008L	snv
ATM	R250*	snv
ATM	R250P	snv
ATM	N2875S	snv
ATM	N2875T	snv
ATM	N2875K	snv
ATM	L2890P	snv
ATM	L2890I	snv
ATM	L2890R	snv
ATM	L2890V	snv
ATM	R1466*	snv
ATM	R1466Q	snv
ATM	R1466P	snv
ATM	I2888T	snv
ATM	I2888L	snv
ATM	R2832C	snv
ATM	R2832S	snv
ATP6V1B2	P352S	snv
ATP6V1B2	P352P	snv
ATRX	R1426*	snv
ATRX	R1426R	snv
ATRX	R907*	snv
AXL	A273V	snv
AXL	A273P	snv
AXL	T443T	snv
AXL	G517D	snv
B2M	M1I	snv
B2M	M1L	snv
B2M	M1V	snv
B2M	M1T	snv
B2M	M1K	snv
B2M	M1R	snv
B2M	L12P	snv
B2M	L12Q	snv
B2M	L12L	snv
B2M	L7*	snv
B2M	L7S	snv
BCL10	L174*	snv
BCL10	N173H	snv
BCL10	E178E	snv
BCL10	E178D	snv
BCL2	A131D	snv
BCL2	A131T	snv
BCL2	A131V	snv
BCL2	K22K	snv
BCL2	K22*	snv
BCL2	K22R	snv
BCL2	G33R	snv
BCL2	G33G	snv
BCL2	N172S	snv
BCL2	N172N	snv
BCL2	N172Q	snv
BCL2L11	G156R	snv
BCL2L11	G156E	snv
BCL2L11	G156*	snv
BCL2L12	F8F	snv
BCL2L12	F17F	snv
BCL2L12	R18W	snv
BCL6	R594Q	snv
BCL6	R594G	snv
BCL6	R618C	snv
BCL6	R618H	snv
BCOR	N1459S	snv
BCORL1	G883E	snv
BCORL1	S264*	snv
BNC2	S575R	snv
BNC2	S575I	snv
BRAF	V600E	snv
BRAF	V600M	snv
BRAF	V600K	snv
BRAF	V600R	snv
BRAF	V600V	snv
BRAF	V600G	snv
BRAF	G469A	snv
BRAF	G469V	snv
BRAF	G469R	snv
BRAF	G469E	snv
BRAF	G469S	snv
BRAF	G469*	snv
BRAF	G469G	snv
BRAF	K601E	snv
BRAF	K601N	snv
BRAF	K601T	snv
BRAF	D594N	snv
BRAF	D594G	snv
BRAF	D594V	snv
BRAF	D594Y	snv
BRAF	D594E	snv
BRAF	D594H	snv
BRAF	N581S	snv
BRAF	N581I	snv
BRAF	N581T	snv
BRAF	N581D	snv
BRAF	N581H	snv
BRAF	N581Y	snv
BRAF	G466V	snv
BRAF	G466E	snv
BRAF	G466A	snv
BRAF	L597Q	snv
BRAF	L597R	snv
BRAF	L597S	snv
BRAF	L597L	snv
BRAF	L597V	snv
BRAF	L485W	snv
BRAF	L485*	snv
BRAF	L485F	snv
BRAF	L485S	snv
BRAF	G596R	snv
BRAF	G596C	snv
BRAF	G596D	snv
BRAF	G596S	snv
BRAF	G596V	snv
BRCA2	S2303S	snv
BRCA2	S2303F	snv
BRD4	P1065P	snv
BRD4	P1065R	snv
BRD7	Y455*	snv
BRINP1	G713G	snv
BTBD11	K1003T	snv
BTBD11	K1003R	snv
BTBD11	K1003M	snv
C3orf70	S6L	snv
C3orf70	S6W	snv
C3orf70	S6*	snv
C5orf49	K130T	snv
C6	K817T	snv
C6	K817R	snv
CANT1	K131R	snv
CARD11	K215T	snv
CARD11	K215M	snv
CARD11	K215N	snv
CARD11	L251P	snv
CARD11	D357V	snv
CARD11	D357N	snv
CARD11	D401N	snv
CARD11	E93D	snv
CARD11	E93K	snv
CARD11	E93Q	snv
CARD11	R337Q	snv
CARD11	R337*	snv
CARD11	E626K	snv
CARD11	E626*	snv
CARD11	E626Q	snv
CARD11	R423Q	snv
CARD11	R423W	snv
CARD11	R423R	snv
CASP8	R292W	snv
CASP8	R292Q	snv
CASP8	R127Q	snv
CASP8	R127*	snv
CASP8	R491*	snv
CASP8	R491Q	snv
CASP8	R494*	snv
CBFB	M1T	snv
CBFB	M1I	snv
CBFB	M1K	snv
CBFB	W73*	snv
CBL	C384R	snv
CBL	C384W	snv
CBL	R540*	snv
CCND1	Y44D	snv
CCND1	Y44*	snv
CCND1	Y44C	snv
CCND1	Y44F	snv
CCND1	Y44H	snv
CCND1	Y44S	snv
CCND1	P287S	snv
CCND1	P287L	snv
CCND1	P287A	snv
CCND1	P287R	snv
CCND1	P287T	snv
CCND1	T286I	snv
CCND1	T286A	snv
CCND1	C47S	snv
CCND1	C47G	snv
CCND1	E9E	snv
CCND1	E9D	snv
CCND1	E9K	snv
CCND3	I290K	snv
CCND3	I290R	snv
CCND3	Q276*	snv
CCT8	I86T	snv
CD79B	Y197H	snv
CD79B	Y197C	snv
CD79B	Y197D	snv
CD79B	Y197F	snv
CD79B	Y197N	snv
CD79B	Y197S	snv
CD79B	Y197R	snv
CDH1	Q23*	snv
CDH1	D254N	snv
CDH1	D254Y	snv
CDH1	D254E	snv
CDH1	D288V	snv
CDH1	D288N	snv
CDH1	R335*	snv
CDH1	R335Q	snv
CDH1	R63*	snv
CDH1	R63G	snv
CDH1	R63P	snv
CDH1	Y190C	snv
CDK12	R890H	snv
CDK4	R24L	snv
CDK4	R24H	snv
CDK4	R24C	snv
CDK4	R24S	snv
CDK4	K22M	snv
CDK4	K22Q	snv
CDK6	L65L	snv
CDKN1A	M1V	snv
CDKN1A	M1I	snv
CDKN1A	M1R	snv
CDKN1B	G72D	snv
CDKN1B	G72G	snv
CDKN1B	G72A	snv
CDKN2A	R80*	snv
CDKN2A	R80Q	snv
CDKN2A	H83Y	snv
CDKN2A	H83D	snv
CDKN2A	H83R	snv
CDKN2A	H83N	snv
CDKN2A	H83Q	snv
CDKN2A	R58*	snv
CDKN2A	R58R	snv
CDKN2A	W110*	snv
CDKN2A	P114L	snv
CDKN2A	P114P	snv
CDKN2A	P114T	snv
CDKN2A	P114F	snv
CDKN2A	P114H	snv
CDKN2A	P114S	snv
CDKN2A	D108Y	snv
CDKN2A	D108N	snv
CDKN2A	D108H	snv
CDKN2A	D108G	snv
CDKN2A	D108V	snv
CDKN2A	D84N	snv
CDKN2A	D84Y	snv
CDKN2A	D84G	snv
CDKN2A	D84V	snv
CDKN2A	D84A	snv
CDKN2A	D84D	snv
CDKN2A	Q50*	snv
CDKN2A	Q50H	snv
CDKN2A	Q50R	snv
CDKN2A	E88*	snv
CDKN2A	E88K	snv
CDKN2A	E88E	snv
CDKN2A	E120*	snv
CDKN2A	E120D	snv
CDKN2A	E120K	snv
CDKN2A	L130Q	snv
CDKN2A	L130R	snv
CDKN2A	L130V	snv
CDKN2A	Y129*	snv
CDKN2A	Y129C	snv
CDKN2A	P48L	snv
CDKN2A	P48R	snv
CDKN2A	N42H	snv
CDKN2A	N42I	snv
CDKN2A	N42K	snv
CDKN2A	N42Y	snv
CDKN2A	S12*	snv
CDKN2A	S12L	snv
CDKN2A	D74N	snv
CDKN2A	D74Y	snv
CDKN2A	D74G	snv
CDKN2A	D74V	snv
CDKN2A	Q50Q	snv
CELSR1	W1958G	snv
CELSR1	W1958C	snv
CEP63	S153L	snv
CEP63	S153S	snv
CEP89	S153G	snv
CEP89	S153I	snv
CFAP20	R100C	snv
CFAP20	R100H	snv
CFAP44	V1227G	snv
CHD3	I293L	snv
CHEK2	R346C	snv
CHEK2	R346G	snv
CHEK2	R346S	snv
CHEK2	R346H	snv
CHIT1	W358*	snv
CHST12	V12G	snv
CIC	R215W	snv
CIC	R215Q	snv
CIC	R215R	snv
CIC	R202W	snv
CIC	R202Q	snv
CIC	R1512H	snv
CIC	R1512L	snv
CIC	R1512C	snv
CIC	R1512S	snv
CIC	R1515C	snv
CIC	R1515H	snv
CIC	R201W	snv
CIC	R201R	snv
CIC	S231N	snv
CIC	S231G	snv
CIC	S231I	snv
CIC	N205S	snv
CIC	W238*	snv
CIC	W238R	snv
CIC	P203S	snv
CIC	P203A	snv
CIC	P203L	snv
CIZ1	L59P	snv
CLEC14A	R193C	snv
CLEC14A	R193H	snv
CLEC14A	R193R	snv
CLECL1	Y50N	snv
COBL	E480D	snv
CR1	R1842C	snv
CR1	R1842H	snv
CRB1	F630V	snv
CRB1	F630S	snv
CREBBP	R1446C	snv
CREBBP	R1446H	snv
CREBBP	R1446L	snv
CREBBP	R1446G	snv
CREBBP	R1446P	snv
CREBBP	R1446S	snv
CREBBP	Y1503H	snv
CREBBP	Y1503N	snv
CREBBP	Y1503C	snv
CREBBP	Y1503D	snv
CREBBP	Y1503S	snv
CREBBP	D1435G	snv
CREBBP	D1435H	snv
CREBBP	D1435N	snv
CREBBP	D1435Y	snv
CREBBP	Y1450D	snv
CREBBP	Y1450N	snv
CREBBP	Y1450C	snv
CREBBP	W1502C	snv
CREBBP	W1502*	snv
CREBBP	W1502L	snv
CREBBP	W1502R	snv
CREBBP	L1499P	snv
CREBBP	L1499Q	snv
CREBBP	L1499R	snv
CREBBP	W1472C	snv
CREBBP	W1472R	snv
CREBBP	W1472G	snv
CREBBP	W1472S	snv
CREBBP	Y1482C	snv
CREBBP	Y1482D	snv
CREBBP	Y1482H	snv
CREBBP	Y1482N	snv
CREBBP	I1431I	snv
CREBBP	I1431N	snv
CREBBP	I1431S	snv
CREBBP	I1431V	snv
CREBBP	A259S	snv
CRLF2	S128L	snv
CRLF2	S128S	snv
CRNKL1	S128F	snv
CRNKL1	S128S	snv
CSPG5	R365R	snv
CSPG5	R365Q	snv
CSPG5	R365W	snv
CTCF	R377C	snv
CTCF	R377H	snv
CTCF	R448*	snv
CTCF	Y226C	snv
CTCF	H284Y	snv
CTCF	H284N	snv
CTCF	H284P	snv
CTCF	S354F	snv
CTCF	S354Y	snv
CTCF	H288D	snv
CTCF	H288R	snv
CTCF	H288Y	snv
CTCF	M1V	snv
CTCF	M1I	snv
CTCF	M1T	snv
CTLA4	T17A	snv
CTNNB1	S37F	snv
CTNNB1	S37C	snv
CTNNB1	S37A	snv
CTNNB1	S37P	snv
CTNNB1	S37Y	snv
CTNNB1	D32Y	snv
CTNNB1	D32N	snv
CTNNB1	D32G	snv
CTNNB1	D32V	snv
CTNNB1	D32H	snv
CTNNB1	D32A	snv
CTNNB1	S33C	snv
CTNNB1	S33F	snv
CTNNB1	S33P	snv
CTNNB1	S33Y	snv
CTNNB1	S33A	snv
CTNNB1	S33T	snv
CTNNB1	T41A	snv
CTNNB1	T41I	snv
CTNNB1	T41N	snv
CTNNB1	S45F	snv
CTNNB1	S45P	snv
CTNNB1	S45C	snv
CTNNB1	S45Y	snv
CTNNB1	S45A	snv
CTNNB1	G34R	snv
CTNNB1	G34V	snv
CTNNB1	G34E	snv
CTNNB1	G34*	snv
CTNNB1	G34A	snv
CTNNB1	G34L	snv
CTNNB1	K335I	snv
CTNNB1	K335T	snv
CTNNB1	N387K	snv
CTNNB1	N387I	snv
CTNNB1	N387Y	snv
CTNNB1	H36P	snv
CTNNB1	H36Y	snv
CTNNB1	I35S	snv
CTNNB1	I35I	snv
CTNNB1	W383R	snv
CTNNB1	W383C	snv
CTNNB1	W383G	snv
CTNNB1	W383S	snv
CTNNB1	K292E	snv
CTNNB1	K292T	snv
CTNNB1	R535*	snv
CTNNB1	R535Q	snv
CTNNB1	S45S	snv
CUL3	M299R	snv
CUL3	M299V	snv
CUL3	A20A	snv
CYP2C8	P402S	snv
CYP2C8	P402L	snv
CYP4A11	I491M	snv
CYP4A11	I491T	snv
CYP7B1	K332T	snv
CYSLTR2	L129Q	snv
DCAF13	T118T	snv
DDX28	S442S	snv
DDX28	S442F	snv
DHRS4	T102M	snv
DICER1	E1813G	snv
DICER1	E1813Q	snv
DICER1	E1813A	snv
DICER1	E1813K	snv
DICER1	D1810N	snv
DICER1	D1810V	snv
DICER1	D1810Y	snv
DICER1	D1810A	snv
DICER1	D1810H	snv
DICER1	D1709N	snv
DICER1	S1344L	snv
DICER1	S1344I	snv
DIDO1	H1557R	snv
DIS3	D488N	snv
DIS3	D488A	snv
DIS3	D488G	snv
DIS3	D488H	snv
DIS3	D488Y	snv
DIS3	R780K	snv
DIS3	R780T	snv
DIS3	R780G	snv
DIS3	R780S	snv
DIS3	D479Y	snv
DIS3	D479G	snv
DIS3	D479H	snv
DIS3	D479V	snv
DIS3	R689Q	snv
DIS3	R689G	snv
DIS3	L767F	snv
DIS3	R382Q	snv
DIS3	R382G	snv
DNAH9	E2368K	snv
DNAH9	E2368D	snv
DNAJB1	L190L	snv
DNMT1	E51K	snv
DNMT1	E432K	snv
DNMT3A	R882H	snv
DNMT3A	R882C	snv
DNMT3A	R882P	snv
DNMT3A	E469*	snv
DNMT3A	S770*	snv
DNMT3A	W314*	snv
DNMT3B	V229M	snv
DNMT3B	V229V	snv
DNMT3B	V229L	snv
DTD2	R6W	snv
DUSP16	R483*	snv
EBF2	G444E	snv
EBF2	G444V	snv
EGFR	L858R	snv
EGFR	T790M	snv
EGFR	T790T	snv
EGFR	A289V	snv
EGFR	A289T	snv
EGFR	A289D	snv
EGFR	A289I	snv
EGFR	A289N	snv
EGFR	G598V	snv
EGFR	G598A	snv
EGFR	G598E	snv
EGFR	G719A	snv
EGFR	G719C	snv
EGFR	G719S	snv
EGFR	G719D	snv
EGFR	L861Q	snv
EGFR	R108K	snv
EGFR	R108G	snv
EGFR	S768I	snv
EGFR	S768T	snv
EGFR	R222C	snv
EGFR	R222H	snv
EGFR	R252C	snv
EGFR	R252H	snv
EGFR	R252P	snv
EGFR	L747L	snv
EGFR	L747P	snv
EGFR	L747F	snv
EGFR	L747S	snv
EGFR	E709K	snv
EGFR	E709A	snv
EGFR	E709Q	snv
EGFR	L62R	snv
EGFR	H304Y	snv
EGFR	T363I	snv
EGFR	T363A	snv
EGFR	T363N	snv
EGFR	P596L	snv
EGFR	P596S	snv
EGFR	P596P	snv
EGFR	P596R	snv
EGFR	T263P	snv
EGFR	T263I	snv
EGFR	A750A	snv
EGFR	A750P	snv
EGFR	L838M	snv
EGFR	L838P	snv
EGFR	K754E	snv
EGFR	K754I	snv
EGFR	K754K	snv
EGFR	L833F	snv
EGFR	L833V	snv
EGFR	L833M	snv
EHMT1	V280F	snv
EIF1AX	G9D	snv
EIF1AX	G9R	snv
EIF1AX	G9V	snv
EIF1AX	G15D	snv
EIF1AX	G15G	snv
EIF1AX	G15V	snv
EIF1AX	R13H	snv
EIF1AX	R13L	snv
EIF1AX	R13C	snv
EIF1AX	R13G	snv
EIF1AX	R13P	snv
EIF1AX	G6D	snv
EIF1AX	G6C	snv
EIF1AX	G6R	snv
EIF1AX	G6S	snv
EIF1AX	P2L	snv
EIF1AX	P2S	snv
EIF1AX	P2P	snv
EIF1AX	K10E	snv
EIF1AX	K10T	snv
EIF1AX	N4S	snv
EIF1AX	N4I	snv
EIF1AX	N4Y	snv
EIF1AX	G8R	snv
EIF1AX	G8E	snv
EIF4A2	M1I	snv
EIF4A2	M1K	snv
EIF4A2	M1R	snv
EIF4A2	M1V	snv
ELTD1	S11F	snv
ELTD1	S11S	snv
ELTD1	S11P	snv
EP300	D1399N	snv
EP300	D1399Y	snv
EP300	D1399E	snv
EP300	Y1414C	snv
EP300	Y1414D	snv
EP300	W1466L	snv
EP300	W1466C	snv
EP300	W1466*	snv
EP300	W1466G	snv
EP300	W1466R	snv
EP300	Y1467D	snv
EP300	Y1467N	snv
EP300	Y1467C	snv
EP300	Y1467H	snv
EP300	Y1467K	snv
EP300	Y1467S	snv
EP300	C1164Y	snv
EP300	C1164S	snv
EP300	H1451H	snv
EP300	H1451L	snv
EP300	H1451P	snv
EP300	H1451Q	snv
EP300	H1451R	snv
EP300	Q1455H	snv
EP300	Q1455Q	snv
EP300	Q1455R	snv
EP300	L415P	snv
EPAS1	P531L	snv
EPAS1	P531A	snv
EPAS1	P531S	snv
EPAS1	Y532C	snv
EPHA3	R136*	snv
EPHA7	G656E	snv
EPHA7	G656G	snv
EPHA7	G656R	snv
EPHA7	G656W	snv
EPHB1	R743W	snv
EPHB1	R743Q	snv
EPHB1	R743R	snv
ERBB2	S310F	snv
ERBB2	S310Y	snv
ERBB2	S310S	snv
ERBB2	L755S	snv
ERBB2	L755P	snv
ERBB2	L755M	snv
ERBB2	L755A	snv
ERBB2	L755L	snv
ERBB2	L755W	snv
ERBB2	R678Q	snv
ERBB2	R678W	snv
ERBB2	V777L	snv
ERBB2	V777M	snv
ERBB2	V842I	snv
ERBB2	D769Y	snv
ERBB2	D769H	snv
ERBB2	L869R	snv
ERBB2	G776V	snv
ERBB2	G776S	snv
ERBB2	V659E	snv
ERBB2	V659V	snv
ERBB2	V659D	snv
ERBB2	G660D	snv
ERBB2	G660G	snv
ERBB2	G660R	snv
ERBB2	R103Q	snv
ERBB2	D277Y	snv
ERBB2	D277H	snv
ERBB2	D277G	snv
ERBB2	D277V	snv
ERBB2	T862A	snv
ERBB2	R138Q	snv
ERBB2	R138W	snv
ERBB2	T733I	snv
ERBB2	V697L	snv
ERBB2	A293T	snv
ERBB2	A293P	snv
ERBB2	A293V	snv
ERBB2	I767M	snv
ERBB2	D769N	snv
ERBB3	V104M	snv
ERBB3	V104L	snv
ERBB3	E928G	snv
ERBB3	E928K	snv
ERBB3	D297Y	snv
ERBB3	D297A	snv
ERBB3	D297H	snv
ERBB3	D297N	snv
ERBB3	D297V	snv
ERBB3	K329E	snv
ERBB3	K329T	snv
ERBB3	K329R	snv
ERBB3	A232V	snv
ERBB3	A232T	snv
ERBB3	G284R	snv
ERBB3	S846I	snv
ERBB3	H228Q	snv
ERBB3	H228R	snv
ERBB3	E332K	snv
ERBB3	E332Q	snv
ERBB3	M91I	snv
ERBB3	T355I	snv
ERBB3	T355A	snv
ERBB3	T355P	snv
ERBB3	F219L	snv
ERBB3	F219C	snv
ERBB3	M60K	snv
ERBB3	M60R	snv
ERBB3	R103H	snv
ERBB3	R103R	snv
ERBB3	R103G	snv
ERBB3	R475W	snv
ERBB3	N126K	snv
ERBB3	N126I	snv
ERBB4	S1289A	snv
ERBB4	Q707E	snv
ERBB4	Q707Q	snv
ERBB4	L798R	snv
ERBB4	L798P	snv
ERBB4	L798H	snv
ERBB4	L798L	snv
ERBB4	K1002T	snv
ERBB4	K1002R	snv
ERBB4	K1223T	snv
ERBB4	K1223R	snv
ERBB4	K1223M	snv
ERBB4	F1102C	snv
ERBB4	F1102F	snv
ERBB4	S774G	snv
ERBB4	S774N	snv
ERBB4	S774R	snv
ERCC2	N238S	snv
ERCC2	T484A	snv
ERCC2	T484M	snv
ERCC2	Y24C	snv
ERCC2	Y72C	snv
ERCC2	S246Y	snv
ERCC2	S246F	snv
ERCC2	S246S	snv
ERCC2	Y14C	snv
ERCC2	P463L	snv
ERCC2	P463Q	snv
ERCC2	P463S	snv
ERCC2	D609E	snv
ERCC2	D609G	snv
ERCC2	E606Q	snv
ERCC2	E606G	snv
ERCC3	L713L	snv
ERG	R354R	snv
ERRFI1	K409N	snv
ERRFI1	K409Q	snv
ERRFI1	K116*	snv
ESR1	D538G	snv
ESR1	Y537S	snv
ESR1	Y537C	snv
ESR1	Y537N	snv
ESR1	Y537D	snv
ESR1	L536H	snv
ESR1	L536P	snv
ESR1	L536L	snv
ESR1	L536R	snv
ESR1	L536Q	snv
ESR1	E380Q	snv
ETV6	R369W	snv
ETV6	R369L	snv
ETV6	R369Q	snv
ETV6	R369R	snv
ETV6	S284S	snv
ETV6	S284F	snv
EVPL	C322C	snv
EYA4	L152R	snv
EYA4	L152I	snv
EYA4	L152V	snv
EYA4	L152P	snv
EYA4	L152H	snv
EZH2	Y646F	snv
EZH2	Y646N	snv
EZH2	Y646H	snv
EZH2	Y646S	snv
EZH2	Y646C	snv
EZH2	Y646Y	snv
EZH2	K515R	snv
EZH2	K665E	snv
EZH2	K665R	snv
FAM46D	S69R	snv
FAM46D	S69G	snv
FANK1	Q4*	snv
FAT1	R1627*	snv
FAT1	R1627Q	snv
FBXW7	R465C	snv
FBXW7	R465H	snv
FBXW7	R465S	snv
FBXW7	R465G	snv
FBXW7	R465L	snv
FBXW7	R465P	snv
FBXW7	R505C	snv
FBXW7	R505G	snv
FBXW7	R505H	snv
FBXW7	R505L	snv
FBXW7	R505P	snv
FBXW7	R505S	snv
FBXW7	R479Q	snv
FBXW7	R479*	snv
FBXW7	R479G	snv
FBXW7	R479P	snv
FBXW7	R479L	snv
FBXW7	R479R	snv
FBXW7	R658*	snv
FBXW7	R658Q	snv
FBXW7	R658R	snv
FBXW7	R689W	snv
FBXW7	R689Q	snv
FBXW7	R367*	snv
FBXW7	R367P	snv
FBXW7	S582L	snv
FBXW7	S582P	snv
FBXW7	S582S	snv
FBXW7	Y545C	snv
FBXW7	Y545*	snv
FBXW7	G423V	snv
FBXW7	G423*	snv
FBXW7	G423A	snv
FBXW7	D520N	snv
FBXW7	D520Y	snv
FBXW7	D520G	snv
FBXW7	D520H	snv
FBXW7	D520V	snv
FBXW7	R278*	snv
FBXW7	R224*	snv
FBXW7	R224Q	snv
FBXW7	T532P	snv
FBXW7	T532I	snv
FBXW7	E287D	snv
FBXW7	E287Q	snv
FBXW7	E287V	snv
FBXW7	E287K	snv
FBXW7	R14Q	snv
FBXW7	R14*	snv
FBXW7	G437V	snv
FBXW7	G437*	snv
FBXW7	G437E	snv
FBXW7	G437G	snv
FBXW7	S546L	snv
FBXW7	S546*	snv
FBXW7	S546P	snv
FBXW7	R441W	snv
FBXW7	R441G	snv
FBXW7	R441L	snv
FBXW7	R441Q	snv
FBXW7	T385K	snv
FBXW7	T385I	snv
FBXW7	T385P	snv
FBXW7	R393*	snv
FBXW7	R393Q	snv
FGFR1	N577K	snv
FGFR1	N577D	snv
FGFR1	K687E	snv
FGFR1	K687*	snv
FGFR1	K687K	snv
FGFR1	K687N	snv
FGFR2	N549K	snv
FGFR2	N549H	snv
FGFR2	N549S	snv
FGFR2	N549T	snv
FGFR2	S252W	snv
FGFR2	S252L	snv
FGFR2	S252S	snv
FGFR2	C382R	snv
FGFR2	C382Y	snv
FGFR2	R203H	snv
FGFR2	R203C	snv
FGFR2	Y375C	snv
FGFR2	F276C	snv
FGFR2	F276I	snv
FGFR2	P253R	snv
FGFR2	P253L	snv
FGFR2	N550K	snv
FGFR2	N550H	snv
FGFR2	C383R	snv
FGFR2	C383Y	snv
FGFR3	S249C	snv
FGFR3	Y373C	snv
FGFR3	R248C	snv
FGFR3	G370C	snv
FGFR3	K650E	snv
FGFR3	K650M	snv
FGFR3	K650N	snv
FGFR3	K650T	snv
FGFR3	G380R	snv
FGFR3	S371C	snv
FGFR3	L8L	snv
FGFR3	Y375C	snv
FGFR4	V550L	snv
FGFR4	V550M	snv
FGFR4	N535K	snv
FH	M336I	snv
FH	M336L	snv
FLT3	D835Y	snv
FLT3	D835E	snv
FLT3	D835H	snv
FLT3	D835V	snv
FOXA1	F266L	snv
FOXA1	F266C	snv
FOXA1	F266F	snv
FOXA1	F266I	snv
FOXA1	F266S	snv
FOXA1	F266V	snv
FOXA1	I176V	snv
FOXA1	I176M	snv
FOXA1	H247Y	snv
FOXA1	H247R	snv
FOXA1	H247Q	snv
FOXA1	H247L	snv
FOXA1	M253K	snv
FOXA1	M253R	snv
FOXA1	M253T	snv
FOXA1	R261G	snv
FOXA1	R261C	snv
FOXA1	R261H	snv
FOXA1	R261S	snv
FOXA1	S250F	snv
FOXA1	S250Y	snv
FOXA1	Y259C	snv
FOXA1	Y259S	snv
FOXA1	Y259F	snv
FOXA1	S242C	snv
FOXA1	S242F	snv
FOXA1	S242Y	snv
FOXA1	D226N	snv
FOXA1	D226G	snv
FOXA1	R219C	snv
FOXA1	R219S	snv
FOXA1	R219G	snv
FOXA1	R219R	snv
FOXL2	C134W	snv
FOXL2	E118K	snv
FOXL2	E118Q	snv
FOXO1	S22P	snv
FOXO1	S22W	snv
FOXO1	S22S	snv
FOXO1	S205N	snv
FOXO1	S205S	snv
FOXO1	S205Y	snv
FOXO1	T24I	snv
FOXO1	T24M	snv
FOXP1	R514H	snv
FOXP1	R514C	snv
FOXP1	S448L	snv
FOXP1	S448S	snv
FRMD4B	P368S	snv
FRMD4B	P368L	snv
FRMD4B	P368F	snv
FRMD6	S17S	snv
FRMD6	S17I	snv
FRMD6	S17C	snv
FRMD6	F6F	snv
FUBP1	R430C	snv
FUBP1	R430H	snv
FZD10	S22R	snv
GATA2	C352*	snv
GATA2	C352C	snv
GATA2	C352F	snv
GATA2	C352R	snv
GATA3	M293K	snv
GATA3	M293R	snv
GATA3	R364S	snv
GATA3	R364T	snv
GATA3	R364G	snv
GATA3	R366*	snv
GATA3	R366Q	snv
GLI1	R380Q	snv
GLI1	R380*	snv
GLI1	R380R	snv
GNA11	Q209L	snv
GNA11	Q209H	snv
GNA11	Q209P	snv
GNA11	R183C	snv
GNA11	R183H	snv
GNA11	R183R	snv
GNAQ	Q209P	snv
GNAQ	Q209L	snv
GNAQ	Q209H	snv
GNAQ	T96S	snv
GNAQ	R183Q	snv
GNAQ	R183*	snv
GNAQ	G48*	snv
GNAQ	G48L	snv
GNAQ	G48V	snv
GNAS	R201H	snv
GNAS	R201C	snv
GNAS	R201S	snv
GNAS	R201L	snv
GNAS	Q227H	snv
GNAS	Q227L	snv
GNAS	Q227K	snv
GNAS	R160C	snv
GNAS	R160H	snv
GNAS	R160P	snv
GNAS	R844C	snv
GNAS	R844H	snv
GNAS	R844L	snv
GNAS	R202H	snv
GPRIN2	A50A	snv
GPRIN2	T100P	snv
GTF2I	L424H	snv
GTF2I	N440S	snv
GTF2I	F641F	snv
GTF2I	F641C	snv
GUCY1A2	K643N	snv
H3F3A	K28M	snv
H3F3A	K28R	snv
H3F3A	G35R	snv
H3F3A	G35V	snv
H3F3A	G35W	snv
HDAC4	P412R	snv
HEXDC	T482P	snv
HGF	G229A	snv
HGF	G229D	snv
HIST1H1C	A180A	snv
HIST1H1C	A180P	snv
HIST1H1C	E115K	snv
HIST1H3B	K28M	snv
HIST1H3B	K28E	snv
HIST1H3B	E51K	snv
HIST1H3B	E51E	snv
HIST1H3B	E51Q	snv
HIST1H3B	E51D	snv
HIST1H3B	E106K	snv
HIST1H3B	E106Q	snv
HIST1H3B	E106E	snv
HIST1H3C	K37M	snv
HIST1H3C	K37K	snv
HIST1H3H	K37M	snv
HIST1H3H	K37E	snv
HLA-A	L180L	snv
HLA-B	E69A	snv
HLA-B	E69K	snv
HNF1A	G288G	snv
HNF1A	S591S	snv
HNF1A	S591Y	snv
HNF1A	I27L	snv
HNF1A	R114H	snv
HNF1A	R114C	snv
HNF1A	R114L	snv
HNF1A	G338G	snv
HNF1A	G338A	snv
HNMT	L145L	snv
HOOK2	S630S	snv
HOOK2	S630F	snv
HOOK2	S630A	snv
HOXB2	P335P	snv
HRAS	Q61R	snv
HRAS	Q61K	snv
HRAS	Q61L	snv
HRAS	Q61H	snv
HRAS	G13R	snv
HRAS	G13V	snv
HRAS	G13D	snv
HRAS	G13C	snv
HRAS	G13S	snv
HRAS	G13I	snv
HRAS	G13N	snv
HRAS	G12D	snv
HRAS	G12S	snv
HRAS	G12C	snv
HRAS	G12V	snv
HRAS	G12A	snv
HRAS	G12N	snv
HRAS	K117N	snv
HRAS	K117R	snv
HSD11B1	G45V	snv
HSD11B1	G45R	snv
HSD11B1	G45W	snv
HSD11B1	G45G	snv
HSD11B1	G45E	snv
IDH1	R132H	snv
IDH1	R132C	snv
IDH1	R132G	snv
IDH1	R132S	snv
IDH1	R132L	snv
IDH1	R132I	snv
IDH2	R172K	snv
IDH2	R172G	snv
IDH2	R172S	snv
IDH2	R172W	snv
IDH2	R172M	snv
IDH2	R172R	snv
IDH2	R172T	snv
IDH2	R140Q	snv
IDH2	R140W	snv
IDH2	R140L	snv
IGF1R	G129A	snv
IGF1R	G129G	snv
IGF1R	G129R	snv
IKZF1	E304K	snv
IKZF1	E304Q	snv
IL7R	K395R	snv
IL7R	K395T	snv
IL7R	K395K	snv
IL7R	K395N	snv
IL7R	K395M	snv
IL7R	I241V	snv
IL7R	I241F	snv
IL7R	I241L	snv
IL7R	I241M	snv
IL7R	R206*	snv
IL7R	R206Q	snv
ING1	R339*	snv
INMT	S212F	snv
INMT	S212S	snv
INPPL1	A1185D	snv
INPPL1	R70H	snv
INTS12	M1V	snv
INTS12	M1T	snv
INTS12	M1L	snv
IRF4	K123R	snv
IRF4	C99R	snv
IRF4	C99C	snv
IRF4	C99Y	snv
IRF4	Y428*	snv
IRF4	Y428H	snv
IRS2	G1057D	snv
JAK1	L910L	snv
JAK1	L910P	snv
JAK1	L910S	snv
JAK2	V617F	snv
JUN	E112K	snv
JUN	E112Q	snv
KAT8	R98W	snv
KAT8	R98Q	snv
KCNH5	T147T	snv
KCNJ12	E430G	snv
KCNJ12	E430*	snv
KCNJ8	G417E	snv
KCNJ8	G417R	snv
KCNJ8	G417D	snv
KCNQ5	G273E	snv
KCNQ5	G273R	snv
KDM6A	Q555*	snv
KDM6A	G526*	snv
KDM6A	G526E	snv
KDM6A	G526G	snv
KDM6A	G526V	snv
KDM6A	Q1003*	snv
KDM6A	Q1003P	snv
KDR	R1032Q	snv
KDR	R1032*	snv
KDR	S1037S	snv
KDR	S1037L	snv
KDR	S1037T	snv
KDR	C482R	snv
KDR	C482*	snv
KEAP1	R260L	snv
KEAP1	R260Q	snv
KEAP1	R260*	snv
KEAP1	R470C	snv
KEAP1	R470H	snv
KEAP1	R470S	snv
KEAP1	G480W	snv
KEAP1	G480G	snv
KEAP1	G480V	snv
KEAP1	M110I	snv
KEAP1	M110V	snv
KEAP1	R272C	snv
KEAP1	R272H	snv
KEAP1	R272P	snv
KEAP1	R272L	snv
KEAP1	G333C	snv
KEAP1	G333S	snv
KEAP1	G333F	snv
KEAP1	G417V	snv
KEAP1	G417E	snv
KEAP1	G417R	snv
KEAP1	G417W	snv
KEAP1	V155F	snv
KEAP1	V155A	snv
KEAP1	R320L	snv
KEAP1	R320Q	snv
KEAP1	R320M	snv
KEAP1	R320P	snv
KEAP1	R320W	snv
KEAP1	R601L	snv
KEAP1	R601W	snv
KIAA0020	K63R	snv
KIAA1468	Q579K	snv
KIF26B	R2024H	snv
KIF26B	R2024C	snv
KIF26B	R2024S	snv
KIT	N822K	snv
KIT	N822Y	snv
KIT	N822I	snv
KIT	D816V	snv
KIT	D816H	snv
KIT	D816Y	snv
KIT	D816A	snv
KIT	K642E	snv
KIT	K642N	snv
KIT	K642Q	snv
KIT	V559A	snv
KIT	V559D	snv
KIT	V559G	snv
KIT	L576P	snv
KIT	V654A	snv
KIT	W557R	snv
KIT	W557G	snv
KIT	W557S	snv
KIT	W557C	snv
KIT	D820Y	snv
KIT	D820V	snv
KIT	D820E	snv
KIT	D820A	snv
KIT	D820G	snv
KIT	Y823D	snv
KIT	Y823C	snv
KIT	V560D	snv
KIT	V560V	snv
KIT	V560A	snv
KIT	V560G	snv
KIT	R888Q	snv
KIT	R888W	snv
KIT	R888R	snv
KLF4	K409Q	snv
KLF4	K409N	snv
KLF5	E419Q	snv
KLF5	E419K	snv
KMT2A	R1264*	snv
KMT2C	R56Q	snv
KMT2C	R56*	snv
KMT2C	R4549C	snv
KMT2C	R4549H	snv
KMT2C	R4549S	snv
KMT2D	R5179H	snv
KMT2D	R5179C	snv
KMT2D	R5179L	snv
KMT2D	R5179P	snv
KMT2D	L1375L	snv
KMT2D	L1375I	snv
KMT2D	R1903*	snv
KMT2D	R1903R	snv
KMT2D	R2685*	snv
KMT2D	R2685R	snv
KMT2D	R5432W	snv
KMT2D	R5432Q	snv
KMT2D	R5432R	snv
KNSTRN	S24F	snv
KNSTRN	V12G	snv
KNSTRN	V12V	snv
KNSTRN	P28L	snv
KNSTRN	P28S	snv
KNSTRN	C22Y	snv
KNSTRN	C22S	snv
KRAS	Q61H	snv
KRAS	Q61R	snv
KRAS	Q61L	snv
KRAS	Q61K	snv
KRAS	Q61P	snv
KRAS	Q61A	snv
KRAS	Q61E	snv
KRAS	G13D	snv
KRAS	G13C	snv
KRAS	G13G	snv
KRAS	G13V	snv
KRAS	G13E	snv
KRAS	G13R	snv
KRAS	G13A	snv
KRAS	G12D	snv
KRAS	G12V	snv
KRAS	G12C	snv
KRAS	G12R	snv
KRAS	G12A	snv
KRAS	G12S	snv
KRAS	G12F	snv
KRAS	G12G	snv
KRAS	G12I	snv
KRAS	G12L	snv
KRAS	A146T	snv
KRAS	A146V	snv
KRAS	A146P	snv
KRAS	G60G	snv
KRAS	G60D	snv
KRAS	G60V	snv
KRAS	G60S	snv
KRAS	K117N	snv
KRAS	K117R	snv
KRAS	A59T	snv
KRAS	A59G	snv
KRAS	A59A	snv
KRAS	A59E	snv
KRAS	L19F	snv
KRAS	A11A	snv
KRAS	A11T	snv
KRAS	Q22K	snv
KRAS	Q22H	snv
KRAS	D33E	snv
KRAS	K5E	snv
LAMC1	P641P	snv
LAMC1	P641L	snv
LCE1A	K28T	snv
LCE1A	K28R	snv
LCE1A	K28M	snv
LCE1F	P27P	snv
LCE1F	P27Q	snv
LCE1F	P27L	snv
LENG8	G377G	snv
LRP1	P1058T	snv
LRP1	P1058L	snv
LRP5	S1609P	snv
LRP5	S1609S	snv
LRRC71	K324K	snv
LSM14A	R272C	snv
LSM14A	R272H	snv
LTN1	S19F	snv
LTN1	S19Y	snv
LYN	I364L	snv
LYN	I364N	snv
MAGEC1	K1046N	snv
MAGI2	L603R	snv
MAGI2	L603P	snv
MAGOH	I137T	snv
MAP2K1	K57N	snv
MAP2K1	K57T	snv
MAP2K1	K57E	snv
MAP2K1	P124S	snv
MAP2K1	P124L	snv
MAP2K1	P124M	snv
MAP2K1	P124P	snv
MAP2K1	P124Q	snv
MAP2K1	P124R	snv
MAP2K1	F53L	snv
MAP2K1	F53C	snv
MAP2K1	F53V	snv
MAP2K1	F53I	snv
MAP2K1	E203K	snv
MAP2K1	E203V	snv
MAP2K1	G128D	snv
MAP2K1	G128V	snv
MAP2K1	G128R	snv
MAP2K1	C121S	snv
MAP2K1	C121C	snv
MAP2K1	Y130C	snv
MAP2K1	Y130H	snv
MAP2K1	Y130N	snv
MAP2K1	T386T	snv
MAP2K1	Q56P	snv
MAP2K1	N122D	snv
MAP2K2	F57L	snv
MAP2K2	F57V	snv
MAP2K4	S184L	snv
MAP2K4	S184S	snv
MAP2K4	S184W	snv
MAP2K4	R134W	snv
MAP2K4	R134L	snv
MAP2K4	R134Q	snv
MAP2K4	R110*	snv
MAP2K4	R110Q	snv
MAP2K4	R110L	snv
MAP2K4	R110P	snv
MAP3K1	S1330L	snv
MAP3K1	S1330W	snv
MAP3K1	L380S	snv
MAPK1	E322K	snv
MAPK1	E322*	snv
MAPK1	E322A	snv
MAPK7	A501D	snv
MARCH10	G241E	snv
MARCH10	G241R	snv
MARCH10	G241G	snv
MAX	R60Q	snv
MAX	R60R	snv
MAX	R60W	snv
MAX	H28R	snv
MAX	R36W	snv
MBD1	S63N	snv
MECOM	T982N	snv
MED12	G44S	snv
MED12	G44D	snv
MED12	G44C	snv
MED12	G44A	snv
MED12	G44V	snv
MED12	L1224F	snv
MED12	L1224V	snv
MED12	V1223L	snv
MED12	V1223V	snv
MED28	G7G	snv
MED28	G7C	snv
MEF2A	P99S	snv
MEF2A	Y105C	snv
MEF2B	K4E	snv
MET	D1010H	snv
MET	D1010N	snv
MET	D1010Y	snv
MET	V1070A	snv
MET	V1070E	snv
MET	V1070R	snv
MET	M1250T	snv
MET	F1200I	snv
MET	F1200V	snv
MET	Y1230H	snv
MET	Y1230C	snv
MET	Y1230S	snv
MET	H1094Y	snv
MET	H1094R	snv
MET	Y1003*	snv
MET	Y1003C	snv
MET	Y1003F	snv
MET	T222T	snv
METTL14	R298P	snv
METTL14	R298H	snv
MGA	R1242*	snv
MICA	I236T	snv
MSH2	E580*	snv
MST1	G673S	snv
MTOR	S2215Y	snv
MTOR	S2215F	snv
MTOR	S2215T	snv
MTOR	T1977K	snv
MTOR	T1977I	snv
MTOR	T1977R	snv
MTOR	T1977S	snv
MTOR	I2500F	snv
MTOR	I2500M	snv
MTOR	I2500N	snv
MTOR	F1888I	snv
MTOR	F1888L	snv
MTOR	F1888V	snv
MTOR	L2427Q	snv
MTOR	L2427R	snv
MTOR	E1799K	snv
MTOR	C1483F	snv
MTOR	C1483R	snv
MTOR	C1483Y	snv
MTOR	C1483W	snv
MTOR	V2006F	snv
MTOR	V2006I	snv
MTOR	V2006L	snv
MTOR	V2006V	snv
MTOR	M2327I	snv
MTOR	M2327V	snv
MTOR	A1971T	snv
MTOR	A1971P	snv
MTOR	A1971S	snv
MTOR	L1460P	snv
MTOR	A1459D	snv
MTOR	A1459P	snv
MTOR	A1459V	snv
MXRA5	G792G	snv
MYC	P74L	snv
MYC	P74S	snv
MYC	P74T	snv
MYC	P74Q	snv
MYC	P74R	snv
MYC	S161L	snv
MYC	T73I	snv
MYC	T73P	snv
MYC	T73A	snv
MYC	V7M	snv
MYCN	P44L	snv
MYCN	P44F	snv
MYD88	L265P	snv
MYD88	S243N	snv
MYD88	M232T	snv
MYD88	P166L	snv
MYD88	P166P	snv
MYD88	L273P	snv
MYLK	Q1392*	snv
MYO18A	G979G	snv
MYO18A	G979A	snv
MYO18B	P1018S	snv
MYO18B	P1018P	snv
MYO18B	P1018L	snv
MYO18B	P1018T	snv
MYO9A	P1300S	snv
MYO9A	P1300P	snv
MYO9A	P1300L	snv
MYOD1	L122R	snv
MYOD1	L122L	snv
MYOD1	L122M	snv
MYT1L	K203T	snv
MYT1L	K203R	snv
NAP1L3	K502R	snv
NAP1L3	K502T	snv
NAP1L3	K502N	snv
NAP1L3	K502M	snv
NAP1L3	K502K	snv
NCOA3	R80C	snv
NCOA3	R80H	snv
NCR1	E42K	snv
NCR1	E42G	snv
NCR1	E42E	snv
NF1	R440*	snv
NF1	R440Q	snv
NF1	R2450*	snv
NF1	R2450Q	snv
NF1	R1241*	snv
NF1	R461*	snv
NF1	R461Q	snv
NF1	R1870Q	snv
NF1	R1870W	snv
NFE2L2	R34G	snv
NFE2L2	R34Q	snv
NFE2L2	R34P	snv
NFE2L2	R34*	snv
NFE2L2	R34L	snv
NFE2L2	E79Q	snv
NFE2L2	E79K	snv
NFE2L2	E79*	snv
NFE2L2	E79V	snv
NFE2L2	E79D	snv
NFE2L2	E79G	snv
NFE2L2	E82D	snv
NFE2L2	E82A	snv
NFE2L2	E82G	snv
NFE2L2	E82Q	snv
NFE2L2	D29H	snv
NFE2L2	D29Y	snv
NFE2L2	D29G	snv
NFE2L2	D29N	snv
NFE2L2	G31A	snv
NFE2L2	G31E	snv
NFE2L2	G31R	snv
NFE2L2	G31V	snv
NFE2L2	G81S	snv
NFE2L2	G81V	snv
NFE2L2	G81D	snv
NFE2L2	G81R	snv
NFE2L2	G81C	snv
NFE2L2	G81A	snv
NFE2L2	T80R	snv
NFE2L2	T80K	snv
NFE2L2	T80A	snv
NFE2L2	T80P	snv
NFE2L2	T80I	snv
NFE2L2	L30F	snv
NFE2L2	L30H	snv
NFE2L2	L30P	snv
NFE2L2	L30R	snv
NFE2L2	W24R	snv
NFE2L2	W24C	snv
NFE2L2	W24S	snv
NFE2L2	Q26K	snv
NFE2L2	Q26P	snv
NFE2L2	Q26H	snv
NFE2L2	Q26L	snv
NFE2L2	Q26R	snv
NFE2L2	D77G	snv
NFE2L2	D77H	snv
NFE2L2	D77V	snv
NFE2L2	D77Y	snv
NFE2L2	I28T	snv
NFIC	S339P	snv
NHS	L215P	snv
NOL4	L423L	snv
NOL4	L423V	snv
NOL4	L423M	snv
NOTCH1	F853C	snv
NOTCH1	F853I	snv
NOTCH1	R365C	snv
NOTCH1	R365S	snv
NOTCH1	C440F	snv
NOTCH1	C440R	snv
NOTCH1	C440S	snv
NOTCH1	C440W	snv
NOTCH1	G310R	snv
NOTCH1	G310E	snv
NOTCH1	E455K	snv
NOTCH1	E455E	snv
NOTCH1	I471T	snv
NOTCH2	T235S	snv
NOTCH2	R2400*	snv
NOTCH2	R5R	snv
NOTCH3	A284T	snv
NPAS1	F159F	snv
NPAS1	F159L	snv
NRAS	Q61R	snv
NRAS	Q61K	snv
NRAS	Q61L	snv
NRAS	Q61H	snv
NRAS	Q61P	snv
NRAS	Q61*	snv
NRAS	G12D	snv
NRAS	G12C	snv
NRAS	G12S	snv
NRAS	G12A	snv
NRAS	G12V	snv
NRAS	G12R	snv
NRAS	G13R	snv
NRAS	G13D	snv
NRAS	G13S	snv
NRAS	G13C	snv
NRAS	G13F	snv
NRAS	G13V	snv
NRAS	G60G	snv
NRAS	G60E	snv
NRAS	G60V	snv
NSD1	F392F	snv
NSD1	C1710*	snv
NSD1	C1710S	snv
NSD1	C1710Y	snv
NT5C3A	D322G	snv
NUP93	Q15*	snv
NUP93	Q15K	snv
NUP93	E14K	snv
NUP93	A733A	snv
NUP93	E14G	snv
OBP2B	S133P	snv
OVGP1	S536G	snv
OXA1L	L57F	snv
PACS2	Q87H	snv
PACS2	Q87Q	snv
PAK7	M173I	snv
PANK3	I301F	snv
PARP1	G500G	snv
PASD1	M338I	snv
PAX5	V26G	snv
PBRM1	R1160*	snv
PBRM1	R1160P	snv
PBRM1	R1160Q	snv
PBRM1	R710*	snv
PBRM1	R710G	snv
PBRM1	R921*	snv
PCBP1	L102Q	snv
PCBP1	L102R	snv
PCBP1	L102P	snv
PCDHA10	G539A	snv
PCDHA10	G539V	snv
PCED1B	S343F	snv
PCED1B	S343Y	snv
PCED1B	S343P	snv
PCMTD1	P342L	snv
PCMTD1	P342T	snv
PCMTD1	P342P	snv
PCSK5	W924*	snv
PCSK5	W924L	snv
PDGFRA	D842V	snv
PDGFRA	D842D	snv
PDGFRA	D842H	snv
PDGFRA	D842I	snv
PDGFRA	E229K	snv
PDGFRA	E229*	snv
PDGFRA	E229V	snv
PDGFRA	N659K	snv
PDGFRA	N659S	snv
PDGFRA	N659Y	snv
PDGFRA	C235Y	snv
PDGFRA	C235R	snv
PDGFRA	C235S	snv
PDHA1	G145D	snv
PDPK1	P499S	snv
PDPK1	P499L	snv
PGR	R836Q	snv
PGR	R836*	snv
PIK3CA	E545K	snv
PIK3CA	E545G	snv
PIK3CA	E545Q	snv
PIK3CA	E545A	snv
PIK3CA	E545D	snv
PIK3CA	H1047R	snv
PIK3CA	H1047L	snv
PIK3CA	H1047Y	snv
PIK3CA	H1047Q	snv
PIK3CA	E542K	snv
PIK3CA	E542A	snv
PIK3CA	E542Q	snv
PIK3CA	E542V	snv
PIK3CA	E542G	snv
PIK3CA	N345K	snv
PIK3CA	N345I	snv
PIK3CA	N345T	snv
PIK3CA	N345H	snv
PIK3CA	N345Y	snv
PIK3CA	N345D	snv
PIK3CA	N345N	snv
PIK3CA	Q546K	snv
PIK3CA	Q546R	snv
PIK3CA	Q546P	snv
PIK3CA	Q546H	snv
PIK3CA	Q546E	snv
PIK3CA	Q546L	snv
PIK3CA	R88Q	snv
PIK3CA	M1043I	snv
PIK3CA	M1043V	snv
PIK3CA	M1043L	snv
PIK3CA	M1043T	snv
PIK3CA	C420R	snv
PIK3CA	G118D	snv
PIK3CA	E726K	snv
PIK3CA	E726A	snv
PIK3CA	K111E	snv
PIK3CA	K111N	snv
PIK3CA	K111Q	snv
PIK3CA	K111R	snv
PIK3CA	E453K	snv
PIK3CA	E453Q	snv
PIK3CA	E453D	snv
PIK3CA	V344G	snv
PIK3CA	V344M	snv
PIK3CA	V344A	snv
PIK3CA	R93Q	snv
PIK3CA	R93W	snv
PIK3CA	R93L	snv
PIK3CA	R108H	snv
PIK3CA	R108L	snv
PIK3CA	R108S	snv
PIK3CA	G106V	snv
PIK3CA	G106R	snv
PIK3CA	G106C	snv
PIK3CA	G106S	snv
PIK3CA	G1049R	snv
PIK3CA	G1049A	snv
PIK3CA	Y1021C	snv
PIK3CA	Y1021H	snv
PIK3CA	R38H	snv
PIK3CA	R38C	snv
PIK3CA	R38G	snv
PIK3CA	R38L	snv
PIK3CA	R38S	snv
PIK3CA	N1044K	snv
PIK3CA	N1044Y	snv
PIK3CA	E81K	snv
PIK3CA	E81*	snv
PIK3CA	C901F	snv
PIK3CA	G1007R	snv
PIK3CA	G1007D	snv
PIK3CA	T1025A	snv
PIK3CA	T1025S	snv
PIK3CA	C378F	snv
PIK3CA	C378R	snv
PIK3CA	C378Y	snv
PIK3CA	D350N	snv
PIK3CA	D350G	snv
PIK3CA	D350V	snv
PIK3CA	P104L	snv
PIK3CA	P104R	snv
PIK3CA	M1V	snv
PIK3CA	E365K	snv
PIK3CA	E365V	snv
PIK3CA	R115L	snv
PIK3CA	R115P	snv
PIK3CA	R115Q	snv
PIK3CA	N107S	snv
PIK3CA	N107I	snv
PIK3CA	N107N	snv
PIK3CA	M1004I	snv
PIK3CA	M1004V	snv
PIK3CA	E39K	snv
PIK3CA	E39G	snv
PIK3CA	C604R	snv
PIK3CA	P471L	snv
PIK3CA	P471A	snv
PIK3CA	D939G	snv
PIK3CA	T1052K	snv
PIK3CA	H1065Y	snv
PIK3CA	H1065L	snv
PIK3CA	G364R	snv
PIK3CA	G364A	snv
PIK3CA	C90G	snv
PIK3CA	C90R	snv
PIK3CA	C90S	snv
PIK3CA	C90Y	snv
PIK3CA	P539R	snv
PIK3CA	E970K	snv
PIK3CA	R357Q	snv
PIK3CA	R357*	snv
PIK3CA	R357G	snv
PIK3CA	R357L	snv
PIK3CA	C420G	snv
PIK3CB	D1067V	snv
PIK3CB	D1067Y	snv
PIK3CB	D1067A	snv
PIK3CB	D1067H	snv
PIK3CB	E1051K	snv
PIK3CB	E1051G	snv
PIK3CB	R321Q	snv
PIK3CD	E1021K	snv
PIK3CD	C416R	snv
PIK3CD	R894R	snv
PIK3CD	R894Q	snv
PIK3R1	N564D	snv
PIK3R1	G376R	snv
PIK3R1	K567E	snv
PIK3R1	R348*	snv
PIK3R1	K379E	snv
PIK3R1	K379N	snv
PIK3R1	D560G	snv
PIK3R1	D560H	snv
PIK3R1	D560Y	snv
PIK3R1	D560N	snv
PIK3R1	Y452C	snv
PIK3R1	Y452H	snv
PIK3R1	Y452N	snv
PIK3R2	G373R	snv
PIK3R2	D557Y	snv
PIK3R2	D557N	snv
PIK3R2	D557G	snv
PIK3R2	D557H	snv
PIM1	S97N	snv
PIM1	S97S	snv
PIM1	S97R	snv
PIM1	S97T	snv
PIM1	G28D	snv
PIM1	G28A	snv
PIM1	G28V	snv
PIM1	K24N	snv
PIM1	K24K	snv
PIM1	Q37H	snv
PIM1	Q37Q	snv
PIM1	L2F	snv
PIM1	L2V	snv
PIM1	E79D	snv
PIM1	E79E	snv
PIM1	N7N	snv
PLCB3	T909P	snv
PLK2	L208P	snv
PLK2	L208V	snv
PMS2	K651R	snv
PNLIPRP3	K431T	snv
PNLIPRP3	K431R	snv
PODXL	S22P	snv
POLE	P286R	snv
POLE	P286H	snv
POLE	P286L	snv
POLE	P286S	snv
POLE	P286T	snv
POLE	V411L	snv
POLE	E18K	snv
POM121	N94S	snv
PPM1D	E525*	snv
PPM1D	Q520*	snv
PPM1D	S468*	snv
PPP2R1A	P179R	snv
PPP2R1A	P179L	snv
PPP2R1A	R183W	snv
PPP2R1A	R183Q	snv
PPP2R1A	R183G	snv
PPP2R1A	S256F	snv
PPP2R1A	S256Y	snv
PPP2R1A	R182W	snv
PPP2R1A	R182R	snv
PPP4R2	*418L	snv
PPP4R2	*418Y	snv
PPP6C	R264C	snv
PPP6C	S270L	snv
PPP6C	R301C	snv
PRDM14	F204F	snv
PRDM14	F204V	snv
PRDM14	R505H	snv
PRDM14	R505C	snv
PREX2	L50V	snv
PREX2	L50L	snv
PRKCI	R480C	snv
PRKCI	R480S	snv
PRKCI	R480H	snv
PRKDC	Q1389R	snv
PROCR	R98L	snv
PRSS27	V246G	snv
PSG4	E263K	snv
PTEN	R130Q	snv
PTEN	R130G	snv
PTEN	R130*	snv
PTEN	R130P	snv
PTEN	R130L	snv
PTEN	R130R	snv
PTEN	R130S	snv
PTEN	R233*	snv
PTEN	R233Q	snv
PTEN	R173H	snv
PTEN	R173C	snv
PTEN	R173P	snv
PTEN	C136R	snv
PTEN	C136F	snv
PTEN	C136Y	snv
PTEN	C136*	snv
PTEN	G132D	snv
PTEN	G132A	snv
PTEN	G132S	snv
PTEN	G132V	snv
PTEN	D92E	snv
PTEN	D92G	snv
PTEN	D92H	snv
PTEN	D92N	snv
PTEN	D92V	snv
PTEN	D92Y	snv
PTEN	Y68H	snv
PTEN	Y68*	snv
PTEN	Y68C	snv
PTEN	Y68N	snv
PTEN	H93R	snv
PTEN	H93Y	snv
PTEN	H93L	snv
PTEN	H93P	snv
PTEN	Y27D	snv
PTEN	Y27C	snv
PTEN	Y27N	snv
PTEN	Y27*	snv
PTEN	Y27H	snv
PTEN	G127E	snv
PTEN	G127R	snv
PTEN	G127V	snv
PTEN	G127*	snv
PTEN	G129E	snv
PTEN	G129R	snv
PTEN	G129G	snv
PTEN	G129V	snv
PTEN	G129*	snv
PTEN	A126S	snv
PTEN	A126D	snv
PTEN	A126V	snv
PTEN	A126G	snv
PTEN	C105Y	snv
PTEN	C105*	snv
PTEN	C105G	snv
PTEN	C105R	snv
PTEN	C105S	snv
PTEN	C105W	snv
PTEN	C124S	snv
PTEN	C124Y	snv
PTEN	C124G	snv
PTEN	C124R	snv
PTEN	R335*	snv
PTEN	R335G	snv
PTEN	R335P	snv
PTEN	G165E	snv
PTEN	G165R	snv
PTEN	G165*	snv
PTEN	Q171*	snv
PTEN	Q171R	snv
PTEN	Q171K	snv
PTEN	Y155C	snv
PTEN	Y155H	snv
PTEN	M35I	snv
PTEN	M35V	snv
PTEN	M35L	snv
PTEN	S170N	snv
PTEN	S170G	snv
PTEN	S170I	snv
PTEN	Y178*	snv
PTEN	Y178C	snv
PTEN	Y178H	snv
PTEN	D24G	snv
PTEN	D24E	snv
PTEN	D24H	snv
PTEN	D24V	snv
PTEN	D24N	snv
PTEN	Y336*	snv
PTEN	P38S	snv
PTEN	P38L	snv
PTEN	P38F	snv
PTEN	Y16*	snv
PTEN	Y16D	snv
PTEN	Y16Y	snv
PTEN	Y346*	snv
PTEN	Y346D	snv
PTEN	Y346C	snv
PTEN	Y346H	snv
PTEN	Y177*	snv
PTEN	Y177C	snv
PTEN	Y177D	snv
PTEN	Y177F	snv
PTEN	W111*	snv
PTEN	W111G	snv
PTEN	W111R	snv
PTEN	W111S	snv
PTEN	C71Y	snv
PTEN	C71*	snv
PTEN	C71F	snv
PTEN	L140*	snv
PTEN	L140F	snv
PTEN	L146*	snv
PTEN	H61R	snv
PTEN	H61N	snv
PTEN	H61Y	snv
PTEN	L247*	snv
PTEN	L247F	snv
PTEN	G251V	snv
PTEN	G251A	snv
PTEN	G251D	snv
PTEN	T277I	snv
PTEN	T277*	snv
PTEN	T277A	snv
PTEN	T277N	snv
PTEN	L320*	snv
PTEN	L320S	snv
PTEN	L320V	snv
PTEN	I67T	snv
PTEN	I67K	snv
PTEN	I67V	snv
PTEN	Y174*	snv
PTEN	Y174D	snv
PTEN	Y174H	snv
PTEN	I101T	snv
PTEN	W274*	snv
PTEN	W274S	snv
PTEN	Y65*	snv
PTN	K44T	snv
PTN	K44M	snv
PTPN11	A72T	snv
PTPN11	A72V	snv
PTPN11	A72D	snv
PTPN11	A72G	snv
PTPN11	A72S	snv
PTPN11	E76K	snv
PTPN11	E76G	snv
PTPN11	E76A	snv
PTPN11	E76Q	snv
PTPN11	Q510L	snv
PTPN11	Q510H	snv
PTPN11	Q510E	snv
PTPN11	E69K	snv
PTPN11	E69D	snv
PTPN11	G503V	snv
PTPN11	G503G	snv
PTPN11	N308D	snv
PTPN11	N308S	snv
PTPN11	F285S	snv
PTPN11	F285V	snv
PTPN11	T468M	snv
PTPN11	T468T	snv
PTPN11	T507K	snv
PTPN11	D61Y	snv
PTPN11	D61N	snv
PTPN11	A461T	snv
PTPN11	A461G	snv
PTPRD	S431L	snv
PTPRD	S431*	snv
PTPRD	S431S	snv
PTPRS	Y398Y	snv
PTPRS	R1492W	snv
PTPRS	R1492Q	snv
PTPRS	R1492R	snv
PTPRT	E548K	snv
PTPRT	E548G	snv
PTPRT	L668V	snv
PTPRT	L668L	snv
PTPRT	L695F	snv
PTPRT	L695L	snv
PTPRT	L695R	snv
PTPRT	R364Q	snv
PTPRT	R364*	snv
PTPRT	R364R	snv
RAC1	P29S	snv
RAC1	P29L	snv
RAC1	P29T	snv
RAC1	P29F	snv
RAC1	A178V	snv
RAC1	N111K	snv
RAC1	N111I	snv
RAC1	N111S	snv
RAC1	G12R	snv
RAC1	G12V	snv
RAC1	Q61K	snv
RAC1	Q61R	snv
RAC1	P34R	snv
RAC1	P34H	snv
RAC1	P34S	snv
RAC1	K135N	snv
RAC1	K135R	snv
RAC1	C18Y	snv
RAC1	C18F	snv
RAC1	C18S	snv
RAD50	D69Y	snv
RAD50	D69N	snv
RAD51C	Y224H	snv
RAD51C	P21S	snv
RAD51C	P21A	snv
RAD51C	P21T	snv
RAD52	R396H	snv
RAD52	R396R	snv
RAF1	S257L	snv
RAF1	S257W	snv
RAF1	S259F	snv
RAF1	S259P	snv
RAF1	S259C	snv
RAF1	S259S	snv
RARA	F286S	snv
RARA	F286C	snv
RARA	F286I	snv
RB1	R251*	snv
RB1	R251Q	snv
RB1	R320*	snv
RB1	R552*	snv
RB1	R579*	snv
RB1	R455*	snv
RB1	R467*	snv
RB1	R787*	snv
RB1	R787Q	snv
RB1	R445*	snv
RB1	Y606*	snv
RB1	Y606C	snv
RBM10	R153*	snv
RBM10	R153G	snv
RBM39	T353I	snv
RBM39	T353T	snv
RET	M918T	snv
RHEB	Y35N	snv
RHEB	Y35C	snv
RHEB	Y35H	snv
RHEB	Y35S	snv
RHEB	Y35*	snv
RHOA	G17V	snv
RHOA	G17E	snv
RHOA	G17A	snv
RHOA	Y42C	snv
RHOA	Y42S	snv
RHOA	Y42F	snv
RHOA	Y42I	snv
RHOA	R5Q	snv
RHOA	R5W	snv
RHOA	R5L	snv
RHOA	A161V	snv
RHOA	A161T	snv
RHOA	E47K	snv
RHOA	Y34C	snv
RHOA	Y34F	snv
RHOA	L57V	snv
RHOA	E40Q	snv
RHOA	E40K	snv
RHOA	E40*	snv
RHOA	E40D	snv
RHOA	E40V	snv
RHOA	G62E	snv
RHOA	G62R	snv
RHOA	G62V	snv
RHOA	T37I	snv
RHOA	T37A	snv
RHOA	T37S	snv
RHOA	L22R	snv
RHOA	L22L	snv
RHOA	L22P	snv
RHOA	L69P	snv
RHOA	L69R	snv
RHOA	L69M	snv
RICTOR	S1101L	snv
RICTOR	S1101S	snv
RIMS1	R71G	snv
RIMS1	R71R	snv
RIMS2	S423S	snv
RINT1	K85T	snv
RINT1	K85N	snv
RIPPLY2	S110L	snv
RIPPLY2	S110*	snv
RIT1	M90I	snv
RIT1	F82L	snv
RIT1	F82C	snv
RIT1	A77T	snv
RIT1	A77P	snv
RIT1	A77S	snv
RNF43	H86R	snv
RNF43	H86Y	snv
RNF43	R371*	snv
RNF43	R145*	snv
RNF43	R132*	snv
RPL10L	K156R	snv
RPL10L	K156T	snv
RPL10L	K156M	snv
RPS6KA4	R629C	snv
RPS6KA4	R629H	snv
RPS6KA4	R629R	snv
RPS6KA4	S236L	snv
RPS6KA4	S236S	snv
RPTOR	R139H	snv
RQCD1	P131L	snv
RQCD1	P131S	snv
RQCD1	S87P	snv
RQCD1	S87C	snv
RRAS2	Q72L	snv
RRAS2	Q72H	snv
RSBN1L	L432V	snv
RTKN2	R33*	snv
RTKN2	R33Q	snv
RUNX1	R201*	snv
RUNX1	R201Q	snv
RUNX1	R201G	snv
RUNX1	R162G	snv
RUNX1	R162K	snv
RUNX1	R162S	snv
RXRA	S427F	snv
RXRA	S427Y	snv
S100A3	P97S	snv
S100A3	P97P	snv
S100A8	K49R	snv
SDHA	L639V	snv
SDHA	S445S	snv
SDHA	S445L	snv
SDHA	V644M	snv
SDHA	V644L	snv
SDHAF2	S10L	snv
SDHAF2	S10*	snv
SDHAF2	S10A	snv
SEMA4B	S231S	snv
SEMA4B	S231F	snv
SESN2	I425V	snv
SETBP1	E603A	snv
SETD2	R1625C	snv
SETD2	R1625H	snv
SETD2	R1625L	snv
SETD2	R1625S	snv
SETD2	Y1666C	snv
SETD2	Y1666*	snv
SETD2	Y1666H	snv
SETD2	H1603R	snv
SETD2	H1603Y	snv
SF1	G407V	snv
SF3B1	K700E	snv
SF3B1	K700K	snv
SF3B1	K700R	snv
SF3B1	R625H	snv
SF3B1	R625C	snv
SF3B1	R625L	snv
SF3B1	R625G	snv
SF3B1	E902K	snv
SF3B1	E902Q	snv
SF3B1	E902G	snv
SF3B1	K666T	snv
SF3B1	K666N	snv
SF3B1	K666E	snv
SF3B1	K666M	snv
SF3B1	K666Q	snv
SF3B1	N626Y	snv
SF3B1	N626D	snv
SF3B1	N626H	snv
SF3B1	K741N	snv
SF3B1	K741E	snv
SF3B1	K741*	snv
SF3B1	K741Q	snv
SF3B1	K741T	snv
SF3B1	G742D	snv
SF3B1	G740E	snv
SF3B1	G740V	snv
SF3B1	D894G	snv
SF3B1	D894N	snv
SF3B1	D894A	snv
SF3B1	D894Y	snv
SF3B1	Y623C	snv
SF3B1	Y623H	snv
SF3B1	Y623S	snv
SF3B1	V701F	snv
SF3B1	V701A	snv
SF3B1	V701I	snv
SHB	A460T	snv
SHROOM1	P300T	snv
SLC16A13	F158L	snv
SLC27A5	T554I	snv
SLC27A5	T554T	snv
SLC4A11	V718G	snv
SLCO1B3	R709R	snv
SLCO1B3	R709T	snv
SLCO1B3	R709K	snv
SLCO1B7	E27K	snv
SMAD2	S464*	snv
SMAD2	R182*	snv
SMAD2	R182R	snv
SMAD2	C463*	snv
SMAD2	C463F	snv
SMAD2	R321Q	snv
SMAD2	R321*	snv
SMAD2	T303R	snv
SMAD2	T303I	snv
SMAD2	P305L	snv
SMAD2	P305Q	snv
SMAD2	P305T	snv
SMAD3	R268C	snv
SMAD3	R268H	snv
SMAD3	R287W	snv
SMAD3	R287Q	snv
SMAD4	R361H	snv
SMAD4	R361C	snv
SMAD4	R361S	snv
SMAD4	R361G	snv
SMAD4	R361L	snv
SMAD4	R361P	snv
SMAD4	D537G	snv
SMAD4	D537H	snv
SMAD4	D537V	snv
SMAD4	D537E	snv
SMAD4	D537Y	snv
SMAD4	D537A	snv
SMAD4	G386D	snv
SMAD4	G386V	snv
SMAD4	G386S	snv
SMAD4	G386R	snv
SMAD4	G386A	snv
SMAD4	G386C	snv
SMAD4	D351Y	snv
SMAD4	D351N	snv
SMAD4	D351G	snv
SMAD4	D351H	snv
SMAD4	D351V	snv
SMAD4	D351A	snv
SMAD4	P356L	snv
SMAD4	P356S	snv
SMAD4	P356R	snv
SMAD4	P356H	snv
SMAD4	R445*	snv
SMAD4	R445Q	snv
SMAD4	G419W	snv
SMAD4	G419V	snv
SMAD4	G419R	snv
SMAD4	G352E	snv
SMAD4	G352R	snv
SMAD4	G352A	snv
SMAD4	G352*	snv
SMAD4	G352L	snv
SMAD4	G352V	snv
SMAD4	Q534*	snv
SMAD4	Q534P	snv
SMAD4	E330K	snv
SMAD4	E330G	snv
SMAD4	E330Q	snv
SMAD4	E330*	snv
SMAD4	E526*	snv
SMAD4	E526K	snv
SMAD4	E526Q	snv
SMAD4	E526A	snv
SMAD4	E526D	snv
SMAD4	E526V	snv
SMAD4	D355G	snv
SMAD4	D355V	snv
SMAD4	D355Y	snv
SMAD4	W524C	snv
SMAD4	W524L	snv
SMAD4	W524R	snv
SMAD4	W524S	snv
SMAD4	C363F	snv
SMAD4	C363R	snv
SMAD4	C363S	snv
SMAD4	C363Y	snv
SMAD4	L536P	snv
SMAD4	L536Q	snv
SMAD4	L536R	snv
SMAD4	D493N	snv
SMAD4	D493G	snv
SMAD4	D493A	snv
SMAD4	D493H	snv
SMAD4	A118V	snv
SMAD4	Y353N	snv
SMAD4	Y353C	snv
SMAD4	Y353D	snv
SMAD4	Y95C	snv
SMAD4	Y95*	snv
SMAD4	Y95H	snv
SMAD4	G510*	snv
SMAD4	G510R	snv
SMAD4	G510A	snv
SMAD4	G510E	snv
SMAD4	S178*	snv
SMARCA4	T910M	snv
SMARCA4	T910A	snv
SMARCA4	T910R	snv
SMARCA4	T910T	snv
SMARCA4	G1232S	snv
SMARCA4	G1232C	snv
SMARCA4	G1232D	snv
SMARCA4	G1232V	snv
SMARCA4	R1192C	snv
SMARCA4	R1192H	snv
SMARCA4	R1192P	snv
SMARCA4	M781I	snv
SMARCA4	M781V	snv
SMARCA4	M781L	snv
SMARCA4	R1189Q	snv
SMARCA4	R1189G	snv
SMARCA4	R1189*	snv
SMARCA4	R1189L	snv
SMARCA4	R1243W	snv
SMARCA4	R1243G	snv
SMARCA4	R1243L	snv
SMARCA4	R1243P	snv
SMARCA4	R1135W	snv
SMARCA4	R1135Q	snv
SMARCA4	R973Q	snv
SMARCA4	R973W	snv
SMARCA4	E821K	snv
SMARCA4	E821D	snv
SMARCA4	R1157W	snv
SMARCA4	R1157Q	snv
SMARCB1	R377H	snv
SMARCB1	R377C	snv
SMARCB1	R377L	snv
SMARCB1	R374Q	snv
SMARCB1	R374W	snv
SMARCD1	R183Q	snv
SMARCD1	R183*	snv
SMARCD1	R183L	snv
SMO	L412F	snv
SMO	L412L	snv
SMO	W535L	snv
SMO	V414A	snv
SMO	V414G	snv
SMO	V414V	snv
SNRPD3	G96V	snv
SNRPD3	G96S	snv
SNRPD3	G96R	snv
SNRPD3	G96C	snv
SNX25	A745T	snv
SOCS1	A3T	snv
SOCS1	A3E	snv
SOCS1	A3P	snv
SOCS1	A3R	snv
SOS1	N233Y	snv
SOS1	A90A	snv
SOS1	A90T	snv
SOS1	A90V	snv
SOS1	G414W	snv
SOX17	S403I	snv
SOX17	A96G	snv
SPOP	F133L	snv
SPOP	F133V	snv
SPOP	F133C	snv
SPOP	F133S	snv
SPOP	F133I	snv
SPOP	F102C	snv
SPOP	F102V	snv
SPOP	F102L	snv
SPOP	F102S	snv
SPOP	F102I	snv
SPOP	W131G	snv
SPOP	W131C	snv
SPOP	W131L	snv
SPOP	W131S	snv
SPOP	W131R	snv
SPOP	Y87N	snv
SPOP	Y87S	snv
SPOP	Y87C	snv
SPOP	Y87D	snv
SPOP	M117V	snv
SPOP	F125L	snv
SPOP	F125C	snv
SPOP	F125I	snv
SPOP	F125V	snv
SPOP	K129E	snv
SPRED1	R349S	snv
SPRED1	R349W	snv
SPTA1	K1732T	snv
SRSF2	P95L	snv
SRSF2	P95H	snv
SRSF2	P95R	snv
SSBP3	K6R	snv
STAG2	R216*	snv
STAG2	R216Q	snv
STAG2	R216R	snv
STAT3	H410R	snv
STAT3	H410P	snv
STAT3	S614R	snv
STAT3	F384L	snv
STAT3	F384V	snv
STAT3	F384Y	snv
STAT3	D661V	snv
STAT3	D661Y	snv
STK11	E223*	snv
STK11	E223K	snv
STK11	E223V	snv
STK11	D194Y	snv
STK11	D194N	snv
STK11	D194V	snv
STK11	D194G	snv
STK11	D194H	snv
STK11	S216F	snv
STK11	S216S	snv
STK11	G242V	snv
STK11	G242W	snv
STK11	G242G	snv
STK11	G242R	snv
STK11	Q220*	snv
STK11	Q220P	snv
STK11	H174H	snv
STK11	H174D	snv
STK11	H174L	snv
STK11	H174R	snv
STK11	H174Y	snv
STK11	N181I	snv
STK11	N181S	snv
STK11	N181T	snv
STK11	N181Y	snv
STK11	E165*	snv
STK11	E165Q	snv
STK11	E165K	snv
STK11	P221L	snv
STK11	P221P	snv
STK11	P221S	snv
STK11	K84*	snv
STK11	P179L	snv
STK11	P179Q	snv
STK11	P179R	snv
STK11	W239C	snv
STK11	W239*	snv
STK11	W239S	snv
STK11	G251V	snv
STK11	G251C	snv
STK11	G251R	snv
STK11	W308L	snv
STK11	W308C	snv
STK11	W308*	snv
STK11	G196V	snv
STK11	G196G	snv
STK11	G196R	snv
STK19	D89N	snv
STK19	D89D	snv
SUZ12	R101*	snv
SUZ12	R101Q	snv
SWI5	P34S	snv
SYT13	P228S	snv
SYT13	P228T	snv
TACC3	P417S	snv
TACC3	P417P	snv
TARBP2	E191*	snv
TARBP2	E191E	snv
TBX2	S192I	snv
TBX3	W113*	snv
TBX3	W113R	snv
TCEB1	Y79C	snv
TCEB1	Y79*	snv
TCEB1	Y79F	snv
TCEB1	Y79N	snv
TCEB1	Y79S	snv
TCF20	P815L	snv
TCF20	P815S	snv
TCF3	N551K	snv
TCF7L2	R471C	snv
TCF7L2	R471H	snv
TCF7L2	R471S	snv
TERT	E280K	snv
TET1	P1752P	snv
TET1	P1752S	snv
TET2	R550*	snv
TET2	Q888*	snv
TET2	K889*	snv
TET2	Q531*	snv
TET2	Q644*	snv
TGFBR1	S241L	snv
TGFBR1	S241S	snv
TGFBR1	S241*	snv
TGFBR1	T375I	snv
TGFBR1	T375K	snv
TGFBR1	T375R	snv
TGFBR1	R487Q	snv
TGFBR1	R487W	snv
TGFBR1	I259I	snv
TGFBR1	I259N	snv
TGFBR2	R553H	snv
TGFBR2	R553C	snv
TGFBR2	R553L	snv
TGFBR2	R553G	snv
TGFBR2	D471N	snv
TGFBR2	D471V	snv
TGFBR2	D471Y	snv
TGFBR2	E544K	snv
TGFBR2	R520*	snv
TGFBR2	R520R	snv
TGFBRAP1	P824S	snv
TGFBRAP1	P824L	snv
TGFBRAP1	P824P	snv
TGFBRAP1	P824F	snv
THBD	C554C	snv
THRA	R79H	snv
THSD7B	E1181K	snv
THSD7B	G557R	snv
THSD7B	G557E	snv
THSD7B	G557V	snv
TMEM131	E1319Q	snv
TMEM131	E1319*	snv
TMEM131	E1319K	snv
TMEM147	A92V	snv
TMEM147	A92A	snv
TMEM200C	R19C	snv
TMEM200C	R19S	snv
TMEM200C	R19H	snv
TNFRSF14	M1I	snv
TNFRSF14	M1K	snv
TNFRSF14	M1T	snv
TNFRSF14	C111W	snv
TNFRSF14	C111Y	snv
TOP2B	R651H	snv
TP53	R175H	snv
TP53	R175G	snv
TP53	R175C	snv
TP53	R175L	snv
TP53	R248Q	snv
TP53	R248W	snv
TP53	R248L	snv
TP53	R248P	snv
TP53	R248G	snv
TP53	R248R	snv
TP53	R273C	snv
TP53	R273H	snv
TP53	R273L	snv
TP53	R273S	snv
TP53	R273P	snv
TP53	R273G	snv
TP53	Y220C	snv
TP53	Y220S	snv
TP53	Y220H	snv
TP53	Y220*	snv
TP53	Y220D	snv
TP53	Y220N	snv
TP53	G245S	snv
TP53	G245D	snv
TP53	G245V	snv
TP53	G245C	snv
TP53	G245R	snv
TP53	G245A	snv
TP53	G245N	snv
TP53	R213*	snv
TP53	R213Q	snv
TP53	R213L	snv
TP53	R213G	snv
TP53	R213P	snv
TP53	R282W	snv
TP53	R282G	snv
TP53	R282P	snv
TP53	R282Q	snv
TP53	R282L	snv
TP53	R282R	snv
TP53	H179R	snv
TP53	H179Y	snv
TP53	H179L	snv
TP53	H179Q	snv
TP53	H179D	snv
TP53	H179N	snv
TP53	H179P	snv
TP53	H193R	snv
TP53	H193Y	snv
TP53	H193L	snv
TP53	H193P	snv
TP53	H193D	snv
TP53	H193N	snv
TP53	H193Q	snv
TP53	C176F	snv
TP53	C176Y	snv
TP53	C176S	snv
TP53	C176W	snv
TP53	C176G	snv
TP53	C176R	snv
TP53	C176*	snv
TP53	C176C	snv
TP53	Y163C	snv
TP53	Y163H	snv
TP53	Y163N	snv
TP53	Y163D	snv
TP53	Y163*	snv
TP53	R342*	snv
TP53	R342P	snv
TP53	R196*	snv
TP53	R196P	snv
TP53	R196L	snv
TP53	R196Q	snv
TP53	I195T	snv
TP53	I195F	snv
TP53	I195N	snv
TP53	I195S	snv
TP53	I195M	snv
TP53	I195I	snv
TP53	I195K	snv
TP53	G266R	snv
TP53	G266E	snv
TP53	G266V	snv
TP53	G266*	snv
TP53	G266K	snv
TP53	G266T	snv
TP53	R249S	snv
TP53	R249M	snv
TP53	R249G	snv
TP53	R249T	snv
TP53	R249W	snv
TP53	R249K	snv
TP53	R249I	snv
TP53	Y234C	snv
TP53	Y234H	snv
TP53	Y234*	snv
TP53	Y234N	snv
TP53	Y234S	snv
TP53	Y234D	snv
TP53	V173L	snv
TP53	V173M	snv
TP53	V173A	snv
TP53	V173G	snv
TP53	V173E	snv
TP53	C238Y	snv
TP53	C238F	snv
TP53	C238R	snv
TP53	C238G	snv
TP53	C238S	snv
TP53	C238W	snv
TP53	Y205C	snv
TP53	Y205H	snv
TP53	Y205F	snv
TP53	Y205S	snv
TP53	Y205D	snv
TP53	Y205N	snv
TP53	Y205*	snv
TP53	P151S	snv
TP53	P151H	snv
TP53	P151A	snv
TP53	P151R	snv
TP53	P151T	snv
TP53	P151F	snv
TP53	P151L	snv
TP53	R158L	snv
TP53	R158H	snv
TP53	R158P	snv
TP53	R158G	snv
TP53	R158C	snv
TP53	R158S	snv
TP53	R158F	snv
TP53	Y236C	snv
TP53	Y236*	snv
TP53	Y236D	snv
TP53	Y236N	snv
TP53	Y236H	snv
TP53	Y236S	snv
TP53	C275F	snv
TP53	C275Y	snv
TP53	C275R	snv
TP53	C275S	snv
TP53	C275*	snv
TP53	C275W	snv
TP53	C275G	snv
TP53	C135Y	snv
TP53	C135F	snv
TP53	C135R	snv
TP53	C135*	snv
TP53	C135S	snv
TP53	C135W	snv
TP53	C135G	snv
TP53	P278S	snv
TP53	P278L	snv
TP53	P278A	snv
TP53	P278R	snv
TP53	P278T	snv
TP53	P278H	snv
TP53	P278F	snv
TP53	S241F	snv
TP53	S241C	snv
TP53	S241Y	snv
TP53	S241P	snv
TP53	S241S	snv
TP53	S241A	snv
TP53	S241T	snv
TP53	M237I	snv
TP53	M237K	snv
TP53	M237V	snv
TP53	V157F	snv
TP53	V157G	snv
TP53	V157L	snv
TP53	V157A	snv
TP53	V157D	snv
TP53	V157V	snv
TP53	V272M	snv
TP53	V272L	snv
TP53	V272G	snv
TP53	V272E	snv
TP53	V272K	snv
TP53	V272A	snv
TP53	V272V	snv
TP53	K132N	snv
TP53	K132R	snv
TP53	K132E	snv
TP53	K132M	snv
TP53	K132T	snv
TP53	K132Q	snv
TP53	K132*	snv
TP53	R280K	snv
TP53	R280T	snv
TP53	R280G	snv
TP53	R280I	snv
TP53	R280S	snv
TP53	R280*	snv
TP53	S215I	snv
TP53	S215R	snv
TP53	S215G	snv
TP53	S215N	snv
TP53	S215C	snv
TP53	S215T	snv
TP53	N239S	snv
TP53	N239D	snv
TP53	N239K	snv
TP53	N239H	snv
TP53	N239T	snv
TP53	C242F	snv
TP53	C242Y	snv
TP53	C242S	snv
TP53	C242W	snv
TP53	C242G	snv
TP53	C242R	snv
TP53	C242*	snv
TP53	C242C	snv
TP53	G244D	snv
TP53	G244C	snv
TP53	G244S	snv
TP53	G244V	snv
TP53	G244A	snv
TP53	G244F	snv
TP53	G244G	snv
TP53	G244R	snv
TP53	V274F	snv
TP53	V274A	snv
TP53	V274G	snv
TP53	V274D	snv
TP53	V274L	snv
TP53	E285K	snv
TP53	E285*	snv
TP53	E285V	snv
TP53	E285E	snv
TP53	E285Q	snv
TP53	R306*	snv
TP53	R306Q	snv
TP53	H214R	snv
TP53	H214L	snv
TP53	H214Q	snv
TP53	H214P	snv
TP53	E286K	snv
TP53	E286*	snv
TP53	E286Q	snv
TP53	E286G	snv
TP53	E286V	snv
TP53	E286A	snv
TP53	C141Y	snv
TP53	C141W	snv
TP53	C141R	snv
TP53	C141G	snv
TP53	C141*	snv
TP53	C141F	snv
TP53	C141S	snv
TP53	D281E	snv
TP53	D281N	snv
TP53	D281Y	snv
TP53	D281H	snv
TP53	D281V	snv
TP53	D281D	snv
TP53	D281G	snv
TP53	D281A	snv
TP53	D281P	snv
TP53	V216M	snv
TP53	V216L	snv
TP53	V216G	snv
TP53	V216E	snv
TP53	R337C	snv
TP53	R337L	snv
TP53	R337H	snv
TP53	R337S	snv
TP53	R337P	snv
TP53	R337G	snv
TP53	Y126C	snv
TP53	Y126D	snv
TP53	Y126*	snv
TP53	Y126S	snv
TP53	Y126H	snv
TP53	Y126N	snv
TP53	A159V	snv
TP53	A159P	snv
TP53	A159A	snv
TP53	A159D	snv
TP53	I255F	snv
TP53	I255N	snv
TP53	I255S	snv
TP53	I255T	snv
TP53	I255I	snv
TP53	L194R	snv
TP53	L194F	snv
TP53	L194H	snv
TP53	L194P	snv
TP53	F270L	snv
TP53	F270V	snv
TP53	F270S	snv
TP53	F270C	snv
TP53	F270I	snv
TP53	E258*	snv
TP53	E258K	snv
TP53	E258D	snv
TP53	E258A	snv
TP53	E258G	snv
TP53	E258Q	snv
TP53	E258E	snv
TP53	E258V	snv
TP53	F134L	snv
TP53	F134V	snv
TP53	F134C	snv
TP53	F134I	snv
TP53	F134S	snv
TP53	M246V	snv
TP53	M246I	snv
TP53	M246K	snv
TP53	M246L	snv
TP53	M246T	snv
TP53	M246R	snv
TP53	R110L	snv
TP53	R110P	snv
TP53	R110C	snv
TP53	R110H	snv
TP53	V143M	snv
TP53	V143A	snv
TP53	V143G	snv
TP53	V143E	snv
TP53	S127F	snv
TP53	S127Y	snv
TP53	S127P	snv
TP53	S127C	snv
TP53	S127S	snv
TP53	S127T	snv
TP53	Q136*	snv
TP53	Q136E	snv
TP53	Q136P	snv
TP53	Q136H	snv
TP53	Q136L	snv
TP53	C277F	snv
TP53	C277*	snv
TP53	C277Y	snv
TP53	C277G	snv
TP53	C277W	snv
TP53	W91*	snv
TP53	E298*	snv
TP53	E298Q	snv
TP53	G154V	snv
TP53	G154C	snv
TP53	G154D	snv
TP53	L130V	snv
TP53	L130F	snv
TP53	L130R	snv
TP53	L130P	snv
TP53	L130H	snv
TP53	Q317*	snv
TP53	P152L	snv
TP53	P152P	snv
TP53	P152R	snv
TP53	P152S	snv
TP53	P152T	snv
TP53	P152K	snv
TP53	P152Q	snv
TP53	H168R	snv
TP53	H168L	snv
TP53	H168P	snv
TP53	H168Y	snv
TP53	W146*	snv
TP53	W146C	snv
TP53	W146G	snv
TP53	W146S	snv
TP53	R267W	snv
TP53	R267P	snv
TP53	R267L	snv
TP53	R267Q	snv
TP53	R267G	snv
TP53	R267R	snv
TP53	A161T	snv
TP53	A161D	snv
TP53	A161S	snv
TP53	A161V	snv
TP53	A161P	snv
TP53	K164E	snv
TP53	K164*	snv
TP53	Q144*	snv
TP53	Q144P	snv
TP53	Q144L	snv
TP53	Q144H	snv
TP53	F109S	snv
TP53	F109C	snv
TP53	F109V	snv
TP53	F109F	snv
TP53	F109I	snv
TP53	G105C	snv
TP53	G105V	snv
TP53	G105D	snv
TP53	G105R	snv
TP53	G105S	snv
TP53	G105G	snv
TP53	T125M	snv
TP53	T125R	snv
TP53	T125K	snv
TP53	T125P	snv
TP53	T125A	snv
TP53	E294*	snv
TP53	Q167*	snv
TP53	P250L	snv
TP53	P250P	snv
TP53	P250R	snv
TP53	E271K	snv
TP53	E271*	snv
TP53	E271Q	snv
TP53	E271V	snv
TP53	V172F	snv
TP53	V172D	snv
TP53	V172G	snv
TP53	T155N	snv
TP53	T155P	snv
TP53	T155I	snv
TP53	T155T	snv
TP53	W53*	snv
TP53	Q331*	snv
TP53	Q331H	snv
TP53	L257Q	snv
TP53	L257P	snv
TP53	L257R	snv
TP53	L257L	snv
TP53	L257V	snv
TP53	N131I	snv
TP53	N131S	snv
TP53	N131K	snv
TP53	N131N	snv
TP53	L265P	snv
TP53	L265L	snv
TP53	L265R	snv
TP53	L265M	snv
TP53	Q192*	snv
TP53	Q192H	snv
TP53	Q192L	snv
TP53	E198*	snv
TP53	G262V	snv
TP53	F113C	snv
TP53	F113V	snv
TP53	F113S	snv
TP53	F113F	snv
TP53	F113L	snv
TP53	F113P	snv
TP53	L111P	snv
TP53	L111R	snv
TP53	L111Q	snv
TP53	L111M	snv
TP53	Q104*	snv
TP53	Q104H	snv
TP53	D259Y	snv
TP53	D259V	snv
TP53	D259H	snv
TP53	D259N	snv
TP53	D259D	snv
TP53	I251F	snv
TP53	I251N	snv
TP53	I251S	snv
TP53	I251I	snv
TP53	I251M	snv
TP53	D208V	snv
TP53	D208G	snv
TP53	D208N	snv
TP53	D208E	snv
TP53	N247I	snv
TP53	N247N	snv
TP53	R181C	snv
TP53	R181H	snv
TP53	R181P	snv
TP53	Y107*	snv
TP53	Y107D	snv
TP53	Y107Y	snv
TP53	K120E	snv
TP53	K120N	snv
TP53	K120*	snv
TP53	K120M	snv
TP53	I254S	snv
TP53	I254V	snv
TP53	I254F	snv
TP53	I254L	snv
TP53	I254M	snv
TP53	I254N	snv
TP53	I232S	snv
TP53	I232F	snv
TP53	I232N	snv
TP53	I232T	snv
TP53	I232I	snv
TP53	Q165*	snv
TP53	Q165H	snv
TP53	P190L	snv
TP53	P190T	snv
TP53	P190R	snv
TP53	P190S	snv
TP53	V197L	snv
TP53	V197V	snv
TP53	V197E	snv
TP53	V197M	snv
TP53	V197G	snv
TP53	M133K	snv
TP53	M133R	snv
TP53	M133I	snv
TP53	M133T	snv
TP53	H178D	snv
TP53	H178P	snv
TP53	H178Q	snv
TP53	H178H	snv
TP53	H178N	snv
TP53	V218G	snv
TP53	V218E	snv
TP53	V218L	snv
TP53	V218M	snv
TP53	V218V	snv
TP53	T125T	snv
TP63	R379C	snv
TP63	R379H	snv
TP63	R379S	snv
TP63	E609K	snv
TP63	S365L	snv
TP63	S365S	snv
TP63	S365*	snv
TPSD1	P22R	snv
TPSD1	P22P	snv
TPTE2	M41V	snv
TRAF7	N520S	snv
TRAF7	N520Y	snv
TRAF7	R189L	snv
TRAF7	R189P	snv
TRAF7	R189R	snv
TRAF7	R189W	snv
TRIM65	H383N	snv
TRIM65	H383L	snv
TROAP	S562I	snv
TRUB1	T34P	snv
TSC22D2	S735Y	snv
TSC22D2	S735F	snv
TUBGCP4	A8D	snv
TUBGCP4	A8T	snv
TUBGCP6	S1192S	snv
U2AF1	S34F	snv
U2AF1	S34Y	snv
U2AF1	Q157P	snv
U2AF1	Q157R	snv
U2AF1	I24T	snv
U2AF1	I24V	snv
UBE2D3	M32I	snv
UBE2D3	M32V	snv
UBXN11	S494C	snv
UCHL1	H161Y	snv
VHL	S65*	snv
VHL	S65L	snv
VHL	S65P	snv
VHL	S65T	snv
VHL	S65W	snv
VHL	L89H	snv
VHL	L89P	snv
VHL	L89L	snv
VHL	S80R	snv
VHL	S80N	snv
VHL	S80I	snv
VHL	S80S	snv
VHL	S111N	snv
VHL	S111R	snv
VHL	S111P	snv
VHL	S111S	snv
VHL	N78S	snv
VHL	N78D	snv
VHL	N78Y	snv
VHL	N78K	snv
VHL	D121Y	snv
VHL	D121G	snv
VHL	D121V	snv
VHL	W88*	snv
VHL	W88L	snv
VHL	W88R	snv
VHL	S68*	snv
VHL	S68P	snv
VHL	L158V	snv
VHL	L158P	snv
VHL	L158L	snv
VHL	L158Q	snv
VHL	P86S	snv
VHL	P86L	snv
VHL	P86T	snv
VHL	P86R	snv
VHL	V74D	snv
VHL	V74G	snv
VHL	V74V	snv
VHL	R161*	snv
VHL	R161Q	snv
VHL	R161L	snv
VHL	I151N	snv
VHL	I151T	snv
VHL	I151F	snv
VHL	I151S	snv
VHL	C162Y	snv
VHL	C162R	snv
VHL	C162*	snv
VHL	C162F	snv
VHL	C162W	snv
VHL	G114A	snv
VHL	G114R	snv
VHL	G114C	snv
VHL	H115N	snv
VHL	H115Y	snv
VHL	H115Q	snv
VHL	L169P	snv
VHL	L135*	snv
VHL	L135F	snv
VHL	W117L	snv
VHL	W117*	snv
VHL	W117C	snv
VHL	Y112*	snv
VHL	Y112C	snv
VHL	Y112D	snv
VHL	Y112Y	snv
VPS37B	Y191S	snv
WDR73	G316R	snv
WHSC1	T1150A	snv
XPO1	E571K	snv
XPO1	E571A	snv
XPO1	E571V	snv
XPO1	R749Q	snv
XPO1	R749*	snv
XPO6	I274T	snv
XPO6	I274V	snv
ZBTB7A	K424T	snv
ZBTB7A	K424N	snv
ZHX3	N249K	snv
ZNF516	A256D	snv
ZNF623	T500K	snv
ZNF649	R198I	snv
ZNF649	R198S	snv
ZNF649	R198K	snv
ARID1A	X911_splice	splice
ATRX	X199_splice	splice
AXIN1	X652_splice	splice
B2M	X23_splice	splice
BRAF	X327_splice	splice
CASP8	X243_splice	splice
CD79B	X185_splice	splice
CDH1	X278_splice	splice
CDH1	X177_splice	splice
CDH1	X440_splice	splice
CDH1	X722_splice	splice
CDKN1B	X159_splice	splice
CDKN2A	X51_splice	splice
CDKN2A	X153_splice	splice
CDKN2A	X51_spliceNA	splice
CIC	X151_splice	splice
EIF1AX	X113_splice	splice
EIF1AX	X6_splice	splice
EP300	X1429_splice	splice
EP300	X1539_splice	splice
ETV6	X11_splice	splice
FAM58A	X141_splice	splice
FAM58A	X141_spliceNA	splice
FBXW7	X195_splice	splice
FOXP1	X511_splice	splice
GPS2	X242_splice	splice
GSK3B	X239_splice	splice
KDM6A	X1336_splice	splice
KDM6A	X1293_splice	splice
KDM6A	X1246_splice	splice
KDM6A	X76_splice	splice
KDM6A	X129_splice	splice
MAP2K4	X297_splice	splice
MAP2K4	X347_splice	splice
MAP3K13	X502_splice	splice
MET	X1010_splice	splice
MET	X1010_spliceNA	splice
PBRM1	X856_splice	splice
PIK3R1	X582_splice	splice
PIK3R1	X475_splice	splice
PIK3R1	X434_splice	splice
PIK3R1	X582_spliceNA	splice
PTEN	X70_splice	splice
PTEN	X343_splice	splice
PTEN	X212_splice	splice
PTEN	X268_splice	splice
PTEN	X85_splice	splice
PTEN	X342_splice	splice
PTEN	X267_splice	splice
RB1	X405_splice	splice
RB1	X500_splice	splice
RB1	X474_splice	splice
RB1	X830_splice	splice
RB1	X654_splice	splice
RB1	X445_splice	splice
RB1	X127_splice	splice
RB1	X203_splice	splice
RB1	X46_splice	splice
RB1	X702_splice	splice
RB1	X605_splice	splice
RB1	X89_splice	splice
RB1	X776_splice	splice
RB1	X463_splice	splice
RB1	X406_splice	splice
RBM10	X91_splice	splice
RECQL4	X766_splice	splice
SDHAF2	X87_splice	splice
SETD2	X1572_splice	splice
SMTNL2	X244_spliceNA	splice
STK11	X155_splice	splice
STK11	X245_splice	splice
STK11	X307_splice	splice
STK11	X288_splice	splice
STK11	X97_splice	splice
STK11	X125_splice	splice
STK11	X200_splice	splice
TP53	X187_splice	splice
TP53	X307_splice	splice
TP53	X126_splice	splice
TP53	X261_splice	splice
TP53	X331_splice	splice
TP53	X225_splice	splice
TP53	X125_splice	splice
TP53	X224_splice	splice
TP53	X33_splice	splice
TP53	X332_splice	splice
TP53	X32_splice	splice
TP53	X126_spliceNA	splice
TP53	X187_spliceNA	splice
TP53	X331_spliceNA	splice
TP53	X33_spliceNA	splice
TP53	X225_spliceNA	splice
TP53	X125_spliceSS	splice
TP53	X225_spliceSS	splice
TP63	X194_splice	splice
TSC1	X797_splice	splice
VHL	X114_splice	splice
VHL	X155_splice	splice
VHL	X155_spliceNA	splice
ASXL2	e12-2	splice_region
DNMT3A	e21-2	splice_region
DNMT3A	e13+1	splice_region
DNMT3A	e22-1	splice_region
DNMT3A	e12-1	splice_region
RICTOR	e9-1	splice_region
SH2B3	e3+1	splice_region
ZRSR2	e9+1	splice_region
