gdc.gene.name	gdc.gene.id	hgvsp	type	mcg.url	name
CRLF2	ENSG00000205755.9	p.F232C	point_mutation	https://www.mycancergenome.org/content/disease/acute-lymphoblastic-leukemia/crlf2/199/	CRLF2 c.695T>G (F232C) Mutation in Acute Lymphoblastic Leukemia
CRLF2	ENSGR0000205755.9	p.F232C	point_mutation	https://www.mycancergenome.org/content/disease/acute-lymphoblastic-leukemia/crlf2/199/	CRLF2 c.695T>G (F232C) Mutation in Acute Lymphoblastic Leukemia
JAK2	ENSG00000096968.11	p.R683G	point_mutation	https://www.mycancergenome.org/content/disease/acute-lymphoblastic-leukemia/jak2/200/	JAK2 c.2047A>G (R683G) Mutation in Acute Lymphoblastic Leukemia
JAK2	ENSG00000096968.11	p.R683S	point_mutation	https://www.mycancergenome.org/content/disease/acute-lymphoblastic-leukemia/jak2/201/	JAK2 c.2049A>T (R683S) Mutation in Acute Lymphoblastic Leukemia
JAK2	ENSG00000096968.11	p.R683S	point_mutation	https://www.mycancergenome.org/content/disease/acute-lymphoblastic-leukemia/jak2/202/	JAK2 c.2049A>C (R683S) Mutation in Acute Lymphoblastic Leukemia
JAK2	ENSG00000096968.11	p.R683T	point_mutation	https://www.mycancergenome.org/content/disease/acute-lymphoblastic-leukemia/jak2/203/	JAK2 c.2048G>C (R683T) Mutation in Acute Lymphoblastic Leukemia
CALR	ENSG00000179218.12	p.K385fs*47	frameshift	https://www.mycancergenome.org/content/disease/acute-myeloid-leukemia/calr/371/	CALR c.1154_1155insTTGTC (K385fs*47) Mutation in Acute Myeloid Leukemia
CALR	ENSG00000179218.12	p.L367fs*46	frameshift	https://www.mycancergenome.org/content/disease/acute-myeloid-leukemia/calr/387/	CALR c.1099_1150del (L367fs*46) Mutation in Acute Myeloid Leukemia
DNMT3A	ENSG00000119772.15	p.R882C	point_mutation	https://www.mycancergenome.org/content/disease/acute-myeloid-leukemia/dnmt3a/291/	DNMT3A c.2644C>T (R882C) Mutation in Acute Myeloid Leukemia
DNMT3A	ENSG00000119772.15	p.R882S	point_mutation	https://www.mycancergenome.org/content/disease/acute-myeloid-leukemia/dnmt3a/292/	DNMT3A c.2644C>A (R882S) Mutation in Acute Myeloid Leukemia
DNMT3A	ENSG00000119772.15	p.R882H	point_mutation	https://www.mycancergenome.org/content/disease/acute-myeloid-leukemia/dnmt3a/293/	DNMT3A c.2645G>A (R882H) Mutation in Acute Myeloid Leukemia
DNMT3A	ENSG00000119772.15	p.R882P	point_mutation	https://www.mycancergenome.org/content/disease/acute-myeloid-leukemia/dnmt3a/294/	DNMT3A c.2645G>C (R882P) Mutation in Acute Myeloid Leukemia
DNMT3A	ENSG00000119772.15	p.R882G	point_mutation	https://www.mycancergenome.org/content/disease/acute-myeloid-leukemia/dnmt3a/295/	DNMT3A c.2644C>G (R882G) Mutation in Acute Myeloid Leukemia
DNMT3A	ENSG00000119772.15	p.R882L	point_mutation	https://www.mycancergenome.org/content/disease/acute-myeloid-leukemia/dnmt3a/296/	DNMT3A c.2645G>T (R882L) Mutation in Acute Myeloid Leukemia
FLT3	ENSG00000122025.13	p.D835H	point_mutation	https://www.mycancergenome.org/content/disease/acute-myeloid-leukemia/flt3/278/	FLT3 c.2503G>C (D835H) Mutation in Acute Myeloid Leukemia
FLT3	ENSG00000122025.13	p.D835N	point_mutation	https://www.mycancergenome.org/content/disease/acute-myeloid-leukemia/flt3/279/	FLT3 c.2503G>A (D835N) Mutation in Acute Myeloid Leukemia
FLT3	ENSG00000122025.13	p.D835Y	point_mutation	https://www.mycancergenome.org/content/disease/acute-myeloid-leukemia/flt3/280/	FLT3 c.2503G>T (D835Y) Mutation in Acute Myeloid Leukemia
FLT3	ENSG00000122025.13	p.D835A	point_mutation	https://www.mycancergenome.org/content/disease/acute-myeloid-leukemia/flt3/281/	FLT3 c. 2504A>C (D835A) Mutation in Acute Myeloid Leukemia
FLT3	ENSG00000122025.13	p.D835V	point_mutation	https://www.mycancergenome.org/content/disease/acute-myeloid-leukemia/flt3/282/	FLT3 c.2504A>T (D835V) Mutation in Acute Myeloid Leukemia
FLT3	ENSG00000122025.13	p.D835E	point_mutation	https://www.mycancergenome.org/content/disease/acute-myeloid-leukemia/flt3/283/	FLT3 c.2505T>G (D835E) Mutation in Acute Myeloid Leukemia
FLT3	ENSG00000122025.13	p.I836L	point_mutation	https://www.mycancergenome.org/content/disease/acute-myeloid-leukemia/flt3/284/	FLT3 c.2506A>C (I836L) Mutation in Acute Myeloid Leukemia
FLT3	ENSG00000122025.13	p.I836V	point_mutation	https://www.mycancergenome.org/content/disease/acute-myeloid-leukemia/flt3/285/	FLT3 c.2506A>G (I836V) Mutation in Acute Myeloid Leukemia
FLT3	ENSG00000122025.13	p.I836D	point_mutation	https://www.mycancergenome.org/content/disease/acute-myeloid-leukemia/flt3/286/	FLT3 c.2506_2507delATinsGA (I836D) Mutation in Acute Myeloid Leukemia
FLT3	ENSG00000122025.13	p.I836H	point_mutation	https://www.mycancergenome.org/content/disease/acute-myeloid-leukemia/flt3/287/	FLT3 c.2506_2507delATinsCA (I836H) Mutation in Acute Myeloid Leukemia
FLT3	ENSG00000122025.13	p.D835E	point_mutation	https://www.mycancergenome.org/content/disease/acute-myeloid-leukemia/flt3/288/	FLT3 c.2505T>A (D835E) Mutation in Acute Myeloid Leukemia 
FLT3	ENSG00000122025.13	p.I836F	point_mutation	https://www.mycancergenome.org/content/disease/acute-myeloid-leukemia/flt3/289/	FLT3 c.2506A>T (I836F) Mutation in Acute Myeloid Leukemia
FLT3	ENSG00000122025.13	p.I836M	point_mutation	https://www.mycancergenome.org/content/disease/acute-myeloid-leukemia/flt3/290/	FLT3 c.2508C>G (I836M) Mutation in Acute Myeloid Leukemia 
IDH1	ENSG00000138413.12	p.R132C	point_mutation	https://www.mycancergenome.org/content/disease/acute-myeloid-leukemia/idh1/260/	IDH1 c.394C>T (R132C) Mutation in Acute Myeloid Leukemia 
IDH1	ENSG00000138413.12	p.R132G	point_mutation	https://www.mycancergenome.org/content/disease/acute-myeloid-leukemia/idh1/261/	IDH1 c.394C>G (R132G) Mutation in Acute Myeloid Leukemia
IDH1	ENSG00000138413.12	p.R132S	point_mutation	https://www.mycancergenome.org/content/disease/acute-myeloid-leukemia/idh1/262/	IDH1 c.394C>A (R132S) Mutation in Acute Myeloid Leukemia
IDH1	ENSG00000138413.12	p.R132H	point_mutation	https://www.mycancergenome.org/content/disease/acute-myeloid-leukemia/idh1/263/	IDH1 c.395G>A (R132H) Mutation in Acute Myeloid Leukemia
IDH1	ENSG00000138413.12	p.R132L	point_mutation	https://www.mycancergenome.org/content/disease/acute-myeloid-leukemia/idh1/264/	IDH1 c.395G>T (R132L) Mutation in Acute Myeloid Leukemia
IDH1	ENSG00000138413.12	p.R132P	point_mutation	https://www.mycancergenome.org/content/disease/acute-myeloid-leukemia/idh1/265/	IDH1 c.395G>C (R132P) Mutation in Acute Myeloid Leukemia
IDH2	ENSG00000182054.8	p.R140Q	point_mutation	https://www.mycancergenome.org/content/disease/acute-myeloid-leukemia/idh2/266/	IDH2 c.419G>A (R140Q) Mutation in Acute Myeloid Leukemia
IDH2	ENSG00000182054.8	p.R140W	point_mutation	https://www.mycancergenome.org/content/disease/acute-myeloid-leukemia/idh2/267/	IDH2 c.418C>T (R140W) Mutation in Acute Myeloid Leukemia
IDH2	ENSG00000182054.8	p.R140L	point_mutation	https://www.mycancergenome.org/content/disease/acute-myeloid-leukemia/idh2/268/	IDH2 c.419G>T (R140L) Mutation in Acute Myeloid Leukemia
IDH2	ENSG00000182054.8	p.R140G	point_mutation	https://www.mycancergenome.org/content/disease/acute-myeloid-leukemia/idh2/269/	IDH2 c.418C>G (R140G) Mutation in Acute Myeloid Leukemia
IDH2	ENSG00000182054.8	p.R172K	point_mutation	https://www.mycancergenome.org/content/disease/acute-myeloid-leukemia/idh2/270/	IDH2 c.515G>A (R172K) Mutation in Acute Myeloid Leukemia
IDH2	ENSG00000182054.8	p.R172M	point_mutation	https://www.mycancergenome.org/content/disease/acute-myeloid-leukemia/idh2/271/	IDH2 c.515G>T (R172M) Mutation in Acute Myeloid Leukemia
IDH2	ENSG00000182054.8	p.R172S	point_mutation	https://www.mycancergenome.org/content/disease/acute-myeloid-leukemia/idh2/272/	IDH2 c.516G>C (R172S) Mutation in Acute Myeloid Leukemia
KIT	ENSG00000157404.14	p.D816Y	point_mutation	https://www.mycancergenome.org/content/disease/acute-myeloid-leukemia/kit/274/	KIT c.2446G>T (D816Y) Mutation in Acute Myeloid Leukemia
KIT	ENSG00000157404.14	p.D816V	point_mutation	https://www.mycancergenome.org/content/disease/acute-myeloid-leukemia/kit/275/	KIT c.2447A>T (D816V) Mutation in Acute Myeloid Leukemia
KIT	ENSG00000157404.14	p.D816I	point_mutation	https://www.mycancergenome.org/content/disease/acute-myeloid-leukemia/kit/276/	KIT c.2446_2447delGAinsAT (D816I) Mutation in Acute Myeloid Leukemia
KIT	ENSG00000157404.14	p.D816H	point_mutation	https://www.mycancergenome.org/content/disease/acute-myeloid-leukemia/kit/84/	KIT c.2446G>C (D816H) Mutation in Acute Myeloid Leukemia 
SMO	ENSG00000128602.8	p.D473H	point_mutation	https://www.mycancergenome.org/content/disease/basal-cell-carcinoma/smo/163/	SMO c.1417G>C (D473H) Mutation in Basal Cell Carcinoma
SMO	ENSG00000128602.8	p.A68V	point_mutation	https://www.mycancergenome.org/content/disease/basal-cell-carcinoma/smo/164/	SMO c.203_204delCCinsTT (A68V) Mutation in Basal Cell Carcinoma
SMO	ENSG00000128602.8	p.R199W	point_mutation	https://www.mycancergenome.org/content/disease/basal-cell-carcinoma/smo/165/	SMO c.595C>T (R199W) Mutation in Basal Cell Carcinoma
SMO	ENSG00000128602.8	p.T349I	point_mutation	https://www.mycancergenome.org/content/disease/basal-cell-carcinoma/smo/166/	SMO c.1046_1047delCCinsTT (T349I) Mutation in Basal Cell Carcinoma
SMO	ENSG00000128602.8	p.R485W	point_mutation	https://www.mycancergenome.org/content/disease/basal-cell-carcinoma/smo/167/	SMO c.1452_1453delCCinsTT (R485W) Mutation in Basal Cell Carcinoma
SMO	ENSG00000128602.8	p.L515F	point_mutation	https://www.mycancergenome.org/content/disease/basal-cell-carcinoma/smo/168/	SMO c.1542_1543delCCinsTT (L515F) Mutation in Basal Cell Carcinoma
SMO	ENSG00000128602.8	p.W535L	point_mutation	https://www.mycancergenome.org/content/disease/basal-cell-carcinoma/smo/169/	SMO c.1604G>T (W535L) Mutation in Basal Cell Carcinoma
SMO	ENSG00000128602.8	p.R562Q	point_mutation	https://www.mycancergenome.org/content/disease/basal-cell-carcinoma/smo/170/	SMO c.1685G>A (R562Q) Mutation in Basal Cell Carcinoma
SMO	ENSG00000128602.8	p.A652V	point_mutation	https://www.mycancergenome.org/content/disease/basal-cell-carcinoma/smo/171/	SMO c.1955C>T (A652V) Mutation in Basal Cell Carcinoma
SMO	ENSG00000128602.8	p.P755F	point_mutation	https://www.mycancergenome.org/content/disease/basal-cell-carcinoma/smo/172/	SMO c.2263_2264delCCinsTT (P755F) Mutation in Basal Cell Carcinoma
FGFR3	ENSG00000068078.16	p.S249C	point_mutation	https://www.mycancergenome.org/content/disease/bladder-cancer/fgfr3/356/	FGFR3 c.746C>G (S249C) Mutation in Bladder Cancer
FGFR3	ENSG00000068078.16	p.G372C	point_mutation	https://www.mycancergenome.org/content/disease/bladder-cancer/fgfr3/360/	FGFR3 c.1114G>T (G372C) Mutation in Bladder Cancer
FGFR3	ENSG00000068078.16	p.K652E	point_mutation	https://www.mycancergenome.org/content/disease/bladder-cancer/fgfr3/361/	FGFR3 c.1954A>C (K652E) Mutation in Bladder Cancer
FGFR3	ENSG00000068078.16	p.K652M	point_mutation	https://www.mycancergenome.org/content/disease/bladder-cancer/fgfr3/362/	FGFR3 c.1955A>T (K652M) Mutation in Bladder Cancer
FGFR3	ENSG00000068078.16	p.K652Q	point_mutation	https://www.mycancergenome.org/content/disease/bladder-cancer/fgfr3/363/	FGFR3 c.1954A>G (K652Q) Mutation in Bladder Cancer
FGFR3	ENSG00000068078.16	p.K652T	point_mutation	https://www.mycancergenome.org/content/disease/bladder-cancer/fgfr3/364/	FGFR3 c.1955A>C (K652T) Mutation in Bladder Cancer
FGFR3	ENSG00000068078.16	p.R248C	point_mutation	https://www.mycancergenome.org/content/disease/bladder-cancer/fgfr3/365/	FGFR3 c.742C>T (R248C) Mutation in Bladder Cancer
FGFR3	ENSG00000068078.16	p.Y375C	point_mutation	https://www.mycancergenome.org/content/disease/bladder-cancer/fgfr3/366/	FGFR3 c.1124A>G (Y375C) Mutation in Bladder Cancer
TSC1	ENSG00000165699.12	p.E636fs	frameshift	https://www.mycancergenome.org/content/disease/bladder-cancer/tsc1/237/	TSC1 c.1907_1908del (E636fs) Mutation in Bladder Cancer
AKT1	ENSG00000142208.14	p.E17K	point_mutation	https://www.mycancergenome.org/content/disease/breast-cancer/akt1/23/	AKT1 c.49G>A (E17K) Mutation in Breast Cancer
FGFR3	ENSG00000068078.16	p.S249C	point_mutation	https://www.mycancergenome.org/content/disease/breast-cancer/fgfr3/356/	FGFR3 c.746C>G (S249C) Mutation in Breast Cancer
ERBB2	ENSG00000141736.12	p.G309A	point_mutation	https://www.mycancergenome.org/content/disease/breast-cancer/erbb2/239/	HER2 (ERBB2) c.926G>C (G309A) Mutation in Breast Cancer
ERBB2	ENSG00000141736.12	p.D769H	point_mutation	https://www.mycancergenome.org/content/disease/breast-cancer/erbb2/240/	HER2 (ERBB2) c.2305G>C (D769H) Mutation in Breast Cancer
ERBB2	ENSG00000141736.12	p.D769Y	point_mutation	https://www.mycancergenome.org/content/disease/breast-cancer/erbb2/241/	HER2 (ERBB2) c.2305G>T (D769Y) Mutation in Breast Cancer
ERBB2	ENSG00000141736.12	p.L755_T759del	small_deletion	https://www.mycancergenome.org/content/disease/breast-cancer/erbb2/242/	HER2 (ERBB2) c.2264_2278del (L755_T759del) Mutation in Breast Cancer
ERBB2	ENSG00000141736.12	p.G778_P780dup	duplication	https://www.mycancergenome.org/content/disease/breast-cancer/erbb2/243/	HER2 (ERBB2) c.2339_2340ins (G778_P780dup) Mutation in Breast Cancer
ERBB2	ENSG00000141736.12	p.V842I	point_mutation	https://www.mycancergenome.org/content/disease/breast-cancer/erbb2/244/	HER2 (ERBB2) c.2524G>A (V842I) Mutation in Breast Cancer
ERBB2	ENSG00000141736.12	p.R896C	point_mutation	https://www.mycancergenome.org/content/disease/breast-cancer/erbb2/245/	HER2 (ERBB2) c.2686C>T (R896C) Mutation in Breast Cancer
ERBB2	ENSG00000141736.12	p.L755S	point_mutation	https://www.mycancergenome.org/content/disease/breast-cancer/erbb2/246/	HER2 (ERBB2) c.2264T>C (L755S) Mutation in Breast Cancer
ERBB2	ENSG00000141736.12	p.V777L	point_mutation	https://www.mycancergenome.org/content/disease/breast-cancer/erbb2/247/	HER2 (ERBB2) c.2329G>T (V777L) Mutation in Breast Cancer
PIK3CA	ENSG00000121879.3	p.H1047L	point_mutation	https://www.mycancergenome.org/content/disease/breast-cancer/pik3ca/10/	PIK3CA c.3140A>T (H1047L) Mutation in Breast Cancer
PIK3CA	ENSG00000121879.3	p.H1047R	point_mutation	https://www.mycancergenome.org/content/disease/breast-cancer/pik3ca/11/	PIK3CA  c.3140A>G (H1047R) Mutation in Breast Cancer
PIK3CA	ENSG00000121879.3	p.E545G	point_mutation	https://www.mycancergenome.org/content/disease/breast-cancer/pik3ca/13/	PIK3CA c.1634A>G (E545G) Mutation in Breast Cancer
PIK3CA	ENSG00000121879.3	p.E545V	point_mutation	https://www.mycancergenome.org/content/disease/breast-cancer/pik3ca/14/	PIK3CA c.1634A>T (E545V) Mutation in Breast Cancer
PIK3CA	ENSG00000121879.3	p.Q546E	point_mutation	https://www.mycancergenome.org/content/disease/breast-cancer/pik3ca/15/	PIK3CA c.1636C>G (Q546E) Mutation in Breast Cancer
PIK3CA	ENSG00000121879.3	p.Q546K	point_mutation	https://www.mycancergenome.org/content/disease/breast-cancer/pik3ca/16/	PIK3CA c.1636C>A (Q546K) Mutation in Breast Cancer
PIK3CA	ENSG00000121879.3	p.Q546L	point_mutation	https://www.mycancergenome.org/content/disease/breast-cancer/pik3ca/17/	PIK3CA c.1637A>T (Q546L) Mutation in Breast Cancer
PIK3CA	ENSG00000121879.3	p.Q546P	point_mutation	https://www.mycancergenome.org/content/disease/breast-cancer/pik3ca/18/	PIK3CA c.1637A>C (Q546P) Mutation in Breast Cancer
PIK3CA	ENSG00000121879.3	p.Q546R	point_mutation	https://www.mycancergenome.org/content/disease/breast-cancer/pik3ca/19/	PIK3CA c.1637A>G (Q546R) Mutation in Breast Cancer
PIK3CA	ENSG00000121879.3	p.D549N	point_mutation	https://www.mycancergenome.org/content/disease/breast-cancer/pik3ca/20/	PIK3CA c.1645G>A (D549N) Mutation in Breast Cancer
PIK3CA	ENSG00000121879.3	p.E542K	point_mutation	https://www.mycancergenome.org/content/disease/breast-cancer/pik3ca/7/	PIK3CA c.1624G>A (E542K) Mutation in Breast Cancer
PIK3CA	ENSG00000121879.3	p.E545K	point_mutation	https://www.mycancergenome.org/content/disease/breast-cancer/pik3ca/8/	PIK3CA c.1633G>A (E545K) Mutation in Breast Cancer
PIK3CA	ENSG00000121879.3	p.E545Q	point_mutation	https://www.mycancergenome.org/content/disease/breast-cancer/pik3ca/9/	PIK3CA c.1633G>C (E545Q) Mutation in Breast Cancer
PTEN	ENSG00000171862.8	p.R159S	point_mutation	https://www.mycancergenome.org/content/disease/breast-cancer/pten/24/	PTEN c.477G>T (R159S) Mutations in Breast Cancer
PTEN	ENSG00000171862.8	p.R233*	point_mutation	https://www.mycancergenome.org/content/disease/breast-cancer/pten/25/	PTEN c.697C>T (R233*) Mutations in Breast Cancer
PTEN	ENSG00000171862.8	p.K267fs*9	frameshift	https://www.mycancergenome.org/content/disease/breast-cancer/pten/26/	PTEN c.800delA (K267fs*9) Mutations in Breast Cancer
NOTCH1	ENSG00000148400.9	p.P2514fs	frameshift	https://www.mycancergenome.org/content/disease/chronic-lymphocytic-leukemia/notch1/344/	NOTCH1 c.7541_7542delCT (P2514fs) Mutation in Chronic Lymphocytic Leukemia
AKT1	ENSG00000142208.14	p.E17K	point_mutation	https://www.mycancergenome.org/content/disease/colorectal-cancer/akt1/23/	AKT1 c.49G>A (E17K) Mutation in Colorectal Cancer 
BRAF	ENSG00000157764.11	p.G469E	point_mutation	https://www.mycancergenome.org/content/disease/colorectal-cancer/braf/146/	BRAF c.1406G>A (G469E) Mutation in Colorectal Cancer
BRAF	ENSG00000157764.11	p.G469V	point_mutation	https://www.mycancergenome.org/content/disease/colorectal-cancer/braf/147/	BRAF c.1406G>T (G469V) Mutation in Colorectal Cancer
BRAF	ENSG00000157764.11	p.D594G	point_mutation	https://www.mycancergenome.org/content/disease/colorectal-cancer/braf/148/	BRAF c.1781A>G (D594G) Mutation in Colorectal Cancer
BRAF	ENSG00000157764.11	p.D594V	point_mutation	https://www.mycancergenome.org/content/disease/colorectal-cancer/braf/149/	BRAF c.1781A>T (D594V) Mutation in Colorectal Cancer
BRAF	ENSG00000157764.11	p.G596R	point_mutation	https://www.mycancergenome.org/content/disease/colorectal-cancer/braf/150/	BRAF c.1786G>C (G596R) Mutation in Colorectal Cancer
BRAF	ENSG00000157764.11	p.V600E	point_mutation	https://www.mycancergenome.org/content/disease/colorectal-cancer/braf/54/	BRAF c.1799T>A (V600E) Mutation in Colorectal Cancer
BRAF	ENSG00000157764.11	p.G466V	point_mutation	https://www.mycancergenome.org/content/disease/colorectal-cancer/braf/70/	BRAF c.1397G>T (G466V) Mutation in Colorectal Cancer
BRAF	ENSG00000157764.11	p.G469A	point_mutation	https://www.mycancergenome.org/content/disease/colorectal-cancer/braf/71/	BRAF c.1406G>C (G469A) Mutation in Colorectal Cancer
KRAS	ENSG00000133703.10	p.G13V	point_mutation	https://www.mycancergenome.org/content/disease/colorectal-cancer/kras/159/	KRAS c.38G>T (G13V) Mutation in Colorectal Cancer
KRAS	ENSG00000133703.10	p.K117N	point_mutation	https://www.mycancergenome.org/content/disease/colorectal-cancer/kras/160/	KRAS c.351A>C (K117N) Mutation in Colorectal Cancer
KRAS	ENSG00000133703.10	p.K117N	point_mutation	https://www.mycancergenome.org/content/disease/colorectal-cancer/kras/161/	KRAS c.351A>T (K117N) Mutation in Colorectal Cancer
KRAS	ENSG00000133703.10	p.A146P	point_mutation	https://www.mycancergenome.org/content/disease/colorectal-cancer/kras/27/	KRAS c.436G>C (A146P) Mutation in Colorectal Cancer
KRAS	ENSG00000133703.10	p.A146T	point_mutation	https://www.mycancergenome.org/content/disease/colorectal-cancer/kras/28/	KRAS c.436G>A (A146T) Mutation in Colorectal Cancer
KRAS	ENSG00000133703.10	p.A146V	point_mutation	https://www.mycancergenome.org/content/disease/colorectal-cancer/kras/29/	KRAS c.437C>T (A146V) Mutation in Colorectal Cancer
KRAS	ENSG00000133703.10	p.Q61H	point_mutation	https://www.mycancergenome.org/content/disease/colorectal-cancer/kras/30/	KRAS c.183A>C (Q61H) Mutation in Colorectal Cancer
KRAS	ENSG00000133703.10	p.Q61P	point_mutation	https://www.mycancergenome.org/content/disease/colorectal-cancer/kras/308/	KRAS c.182A>C (Q61P) Mutation in Colorectal Cancer
KRAS	ENSG00000133703.10	p.Q61H	point_mutation	https://www.mycancergenome.org/content/disease/colorectal-cancer/kras/31/	KRAS c.183A>T (Q61H) Mutation in Colorectal Cancer
KRAS	ENSG00000133703.10	p.G12A	point_mutation	https://www.mycancergenome.org/content/disease/colorectal-cancer/kras/32/	KRAS c.35G>C (G12A) Mutation in Colorectal Cancer
KRAS	ENSG00000133703.10	p.G12C	point_mutation	https://www.mycancergenome.org/content/disease/colorectal-cancer/kras/33/	KRAS c.34G>T (G12C) Mutation in Colorectal Cancer
KRAS	ENSG00000133703.10	p.G12D	point_mutation	https://www.mycancergenome.org/content/disease/colorectal-cancer/kras/34/	KRAS c.35G>A (G12D) Mutation in Colorectal Cancer
KRAS	ENSG00000133703.10	p.Q22K	point_mutation	https://www.mycancergenome.org/content/disease/colorectal-cancer/kras/347/	KRAS c.64C>A (Q22K) Mutation in Colorectal Cancer
KRAS	ENSG00000133703.10	p.G12R	point_mutation	https://www.mycancergenome.org/content/disease/colorectal-cancer/kras/35/	KRAS c.34G>C (G12R) Mutation in Colorectal Cancer
KRAS	ENSG00000133703.10	p.G12S	point_mutation	https://www.mycancergenome.org/content/disease/colorectal-cancer/kras/36/	KRAS c.34G>A (G12S) Mutation in Colorectal Cancer
KRAS	ENSG00000133703.10	p.G12V	point_mutation	https://www.mycancergenome.org/content/disease/colorectal-cancer/kras/37/	KRAS c.35G>T (G12V) Mutation in Colorectal Cancer
KRAS	ENSG00000133703.10	p.G13C	point_mutation	https://www.mycancergenome.org/content/disease/colorectal-cancer/kras/38/	KRAS c.37G>T (G13C) Mutation in Colorectal Cancer
KRAS	ENSG00000133703.10	p.G13D	point_mutation	https://www.mycancergenome.org/content/disease/colorectal-cancer/kras/39/	KRAS c.38G>A (G13D) Mutation in Colorectal Cancer
KRAS	ENSG00000133703.10	p.G13R	point_mutation	https://www.mycancergenome.org/content/disease/colorectal-cancer/kras/40/	KRAS c.37G>C (G13R) Mutation in Colorectal Cancer
KRAS	ENSG00000133703.10	p.Q61K	point_mutation	https://www.mycancergenome.org/content/disease/colorectal-cancer/kras/41/	KRAS c.181C>A (Q61K) Mutation in Colorectal Cancer
KRAS	ENSG00000133703.10	p.Q61L	point_mutation	https://www.mycancergenome.org/content/disease/colorectal-cancer/kras/42/	KRAS c.182A>T (Q61L) Mutation in Colorectal Cancer
KRAS	ENSG00000133703.10	p.Q61R	point_mutation	https://www.mycancergenome.org/content/disease/colorectal-cancer/kras/43/	KRAS c.182A>G (Q61R) Mutation in Colorectal Cancer
KRAS	ENSG00000133703.10	p.G13A	point_mutation	https://www.mycancergenome.org/content/disease/colorectal-cancer/kras/68/	KRAS c.38G>C (G13A) Mutation in Colorectal Cancer
KRAS	ENSG00000133703.10	p.G13S	point_mutation	https://www.mycancergenome.org/content/disease/colorectal-cancer/kras/69/	KRAS c.37G>A (G13S) Mutation in Colorectal Cancer
NRAS	ENSG00000213281.4	p.Q61K	point_mutation	https://www.mycancergenome.org/content/disease/colorectal-cancer/nras/75/	NRAS c.181C>A (Q61K) Mutation in Colorectal Cancer
NRAS	ENSG00000213281.4	p.Q61R	point_mutation	https://www.mycancergenome.org/content/disease/colorectal-cancer/nras/77/	NRAS c.182A>G (Q61R) Mutation in Colorectal Cancer
NRAS	ENSG00000213281.4	p.G12A	point_mutation	https://www.mycancergenome.org/content/disease/colorectal-cancer/nras/85/	NRAS c.35G>C (G12A) Mutation in Colorectal Cancer
NRAS	ENSG00000213281.4	p.G12C	point_mutation	https://www.mycancergenome.org/content/disease/colorectal-cancer/nras/86/	NRAS c.34G>T (G12C) Mutation in Colorectal Cancer
NRAS	ENSG00000213281.4	p.G12D	point_mutation	https://www.mycancergenome.org/content/disease/colorectal-cancer/nras/87/	NRAS c.35G>A (G12D) Mutation in Colorectal Cancer
NRAS	ENSG00000213281.4	p.G12S	point_mutation	https://www.mycancergenome.org/content/disease/colorectal-cancer/nras/89/	NRAS c.34G>A (G12S) Mutation in Colorectal Cancer
NRAS	ENSG00000213281.4	p.G12V	point_mutation	https://www.mycancergenome.org/content/disease/colorectal-cancer/nras/90/	NRAS c.35G>T (G12V) Mutation in Colorectal Cancer
PIK3CA	ENSG00000121879.3	p.H1047L	point_mutation	https://www.mycancergenome.org/content/disease/colorectal-cancer/pik3ca/10/	PIK3CA c.3140A>T (H1047L) Mutation in Colorectal Cancer
PIK3CA	ENSG00000121879.3	p.H1047R	point_mutation	https://www.mycancergenome.org/content/disease/colorectal-cancer/pik3ca/11/	PIK3CA c.3140A>G (H1047R) Mutation in Colorectal Cancer
PIK3CA	ENSG00000121879.3	p.E545G	point_mutation	https://www.mycancergenome.org/content/disease/colorectal-cancer/pik3ca/13/	PIK3CA c.1634A>G (E545G) Mutation in Colorectal Cancer
PIK3CA	ENSG00000121879.3	p.E545V	point_mutation	https://www.mycancergenome.org/content/disease/colorectal-cancer/pik3ca/14/	PIK3CA c.1634A>T (E545V) Mutation in Colorectal Cancer
PIK3CA	ENSG00000121879.3	p.Q546E	point_mutation	https://www.mycancergenome.org/content/disease/colorectal-cancer/pik3ca/15/	PIK3CA c.1636C>G (Q546E) Mutation in Colorectal Cancer
PIK3CA	ENSG00000121879.3	p.Q546K	point_mutation	https://www.mycancergenome.org/content/disease/colorectal-cancer/pik3ca/16/	PIK3CA c.1636C>A (Q546K) Mutation in Colorectal Cancer
PIK3CA	ENSG00000121879.3	p.Q546L	point_mutation	https://www.mycancergenome.org/content/disease/colorectal-cancer/pik3ca/17/	PIK3CA c.1637A>T (Q546L) Mutation in Colorectal Cancer
PIK3CA	ENSG00000121879.3	p.Q546P	point_mutation	https://www.mycancergenome.org/content/disease/colorectal-cancer/pik3ca/18/	PIK3CA c.1637A>C (Q546P) Mutation in Colorectal Cancer
PIK3CA	ENSG00000121879.3	p.Q546R	point_mutation	https://www.mycancergenome.org/content/disease/colorectal-cancer/pik3ca/19/	PIK3CA c.1637A>G (Q546R) Mutation in Colorectal Cancer
PIK3CA	ENSG00000121879.3	p.D549N	point_mutation	https://www.mycancergenome.org/content/disease/colorectal-cancer/pik3ca/20/	PIK3CA c.1645G>A (D549N) Mutation in Colorectal Cancer
PIK3CA	ENSG00000121879.3	p.E542K	point_mutation	https://www.mycancergenome.org/content/disease/colorectal-cancer/pik3ca/7/	PIK3CA c.1624G>A (E542K) Mutation in Colorectal Cancer
PIK3CA	ENSG00000121879.3	p.E545K	point_mutation	https://www.mycancergenome.org/content/disease/colorectal-cancer/pik3ca/8/	PIK3CA c.1633G>A (E545K) Mutation in Colorectal Cancer
PIK3CA	ENSG00000121879.3	p.E545Q	point_mutation	https://www.mycancergenome.org/content/disease/colorectal-cancer/pik3ca/9/	PIK3CA c.1633G>C (E545Q) Mutation in Colorectal Cancer
PTEN	ENSG00000171862.8	p.R159S	point_mutation	https://www.mycancergenome.org/content/disease/colorectal-cancer/pten/24/	PTEN c.477G>T (R159S) Mutations in Colorectal Cancer
PTEN	ENSG00000171862.8	p.R233*	point_mutation	https://www.mycancergenome.org/content/disease/colorectal-cancer/pten/25/	PTEN c.697C>T (R233*) Mutations in Colorectal Cancer 
PTEN	ENSG00000171862.8	p.K267fs*9	frameshift	https://www.mycancergenome.org/content/disease/colorectal-cancer/pten/26/	PTEN c.800delA (K267fs*9) Mutations in Colorectal Cancer
SMAD4	ENSG00000141646.12	p.E330A	point_mutation	https://www.mycancergenome.org/content/disease/colorectal-cancer/smad4/151/	SMAD4 c.989A>C (E330A) Mutation in Colorectal Cancer
SMAD4	ENSG00000141646.12	p.D351H	point_mutation	https://www.mycancergenome.org/content/disease/colorectal-cancer/smad4/152/	SMAD4 c.1051G>C (D351H) Mutation in Colorectal Cancer
SMAD4	ENSG00000141646.12	p.D537Y	point_mutation	https://www.mycancergenome.org/content/disease/colorectal-cancer/smad4/153/	SMAD4 c.1609G>T (D537Y) Mutation in Colorectal Cancer
SMAD4	ENSG00000141646.12	p.D351N	point_mutation	https://www.mycancergenome.org/content/disease/colorectal-cancer/smad4/154/	SMAD4 c.1051G>A (D351N) mutation in Colorectal Cancer
SMAD4	ENSG00000141646.12	p.D355E	point_mutation	https://www.mycancergenome.org/content/disease/colorectal-cancer/smad4/155/	SMAD4 c.1065C>A (D355E) Mutation in Colorectal Cancer
SMAD4	ENSG00000141646.12	p.R361S	point_mutation	https://www.mycancergenome.org/content/disease/colorectal-cancer/smad4/156/	SMAD4 c.1081C>A (R361S) Mutation in Colorectal Cancer
SMAD4	ENSG00000141646.12	p.R361C	point_mutation	https://www.mycancergenome.org/content/disease/colorectal-cancer/smad4/157/	SMAD4 c.1081C>T (R361C) Mutation in Colorectal Cancer
SMAD4	ENSG00000141646.12	p.R361H	point_mutation	https://www.mycancergenome.org/content/disease/colorectal-cancer/smad4/158/	SMAD4 c.1082G>A (R361H) Mutation in Colorectal Cancer
BRAF	ENSG00000157764.11	p.V600E	point_mutation	https://www.mycancergenome.org/content/disease/gist/braf/54/	BRAF c.1799T>A (V600E) mutation in GIST
BRAF	ENSG00000157764.11	p.V600E	point_mutation	https://www.mycancergenome.org/content/disease/glioma/braf/54/	BRAF c.1799T>A (V600E) Mutation in Glioma
IDH1	ENSG00000138413.12	p.R132C	point_mutation	https://www.mycancergenome.org/content/disease/glioma/idh1/260/	IDH1 c.394C>T (R132C) Mutation in Glioma
IDH1	ENSG00000138413.12	p.R132G	point_mutation	https://www.mycancergenome.org/content/disease/glioma/idh1/261/	IDH1 c.394C>G (R132G) Mutation in Glioma
IDH1	ENSG00000138413.12	p.R132S	point_mutation	https://www.mycancergenome.org/content/disease/glioma/idh1/262/	IDH1 c.394C>A (R132S) Mutation in Glioma
IDH1	ENSG00000138413.12	p.R132H	point_mutation	https://www.mycancergenome.org/content/disease/glioma/idh1/263/	IDH1 c.395G>A (R132H) Mutation in Glioma
IDH1	ENSG00000138413.12	p.R132L	point_mutation	https://www.mycancergenome.org/content/disease/glioma/idh1/264/	IDH1 c.395G>T (R132L) Mutation in Glioma
IDH2	ENSG00000182054.8	p.R172K	point_mutation	https://www.mycancergenome.org/content/disease/glioma/idh2/270/	IDH2 c.515G>A (R172K) Mutation in Glioma
IDH2	ENSG00000182054.8	p.R172M	point_mutation	https://www.mycancergenome.org/content/disease/glioma/idh2/271/	IDH2 c.515G>T (R172M) Mutation in Glioma
IDH2	ENSG00000182054.8	p.R172S	point_mutation	https://www.mycancergenome.org/content/disease/glioma/idh2/272/	IDH2 c.516G>C (R172S) Mutation in Glioma
IDH2	ENSG00000182054.8	p.R172G	point_mutation	https://www.mycancergenome.org/content/disease/glioma/idh2/317/	IDH2 c.514A>G (R172G) Mutation in Glioma
IDH2	ENSG00000182054.8	p.R172W	point_mutation	https://www.mycancergenome.org/content/disease/glioma/idh2/318/	IDH2 c.514A>T (R172W) Mutation in Glioma
IDH2	ENSG00000182054.8	p.R172S	point_mutation	https://www.mycancergenome.org/content/disease/glioma/idh2/319/	IDH2 c.516G>T (R172S) Mutation in Glioma
AKT1	ENSG00000142208.14	p.E17K	point_mutation	https://www.mycancergenome.org/content/disease/lung-cancer/akt1/23/	AKT1 c.49G>A (E17K) Mutations in Non-Small Cell Lung Cancer (NSCLC)
BRAF	ENSG00000157764.11	p.Y472C	point_mutation	https://www.mycancergenome.org/content/disease/lung-cancer/braf/209/	BRAF c.1415A>G (Y472C) Mutation in Non-Small Cell Lung Cancer
BRAF	ENSG00000157764.11	p.G469L	point_mutation	https://www.mycancergenome.org/content/disease/lung-cancer/braf/310/	BRAF c.1405_1406delGGinsTT (G469L) Mutation in Non-Small Cell Lung Cancer
BRAF	ENSG00000157764.11	p.V600E	point_mutation	https://www.mycancergenome.org/content/disease/lung-cancer/braf/54/	BRAF c.1799T>A (V600E) Mutation in Non-Small Cell Lung Cancer
BRAF	ENSG00000157764.11	p.G466V	point_mutation	https://www.mycancergenome.org/content/disease/lung-cancer/braf/70/	BRAF c.1397G>T (G466V) Mutation in Non-Small Cell Lung Cancer
BRAF	ENSG00000157764.11	p.G469A	point_mutation	https://www.mycancergenome.org/content/disease/lung-cancer/braf/71/	BRAF c.1406G>C (G469A) Mutation in Non-Small Cell Lung Cancer
BRAF	ENSG00000157764.11	p.L597V	point_mutation	https://www.mycancergenome.org/content/disease/lung-cancer/braf/73/	BRAF c.1789C>G (L597V) Mutation in Non-Small Cell Lung Cancer
DDR2	ENSG00000162733.15	p.S768R	point_mutation	https://www.mycancergenome.org/content/disease/lung-cancer/ddr2/78/	DDR2 c.2304T>A (S768R) Mutation in Squamous Cell Carcinoma of the Lung
EGFR	ENSG00000146648.14	p.G719A	point_mutation	https://www.mycancergenome.org/content/disease/lung-cancer/egfr/1/	EGFR c.2156G>C (G719A) Mutations in Non-Small Cell Lung Cancer
EGFR	ENSG00000146648.14	p.G719C	point_mutation	https://www.mycancergenome.org/content/disease/lung-cancer/egfr/2/	EGFR c.2155G>T (G719C) Mutations in Non-Small Cell Lung Cancer
EGFR	ENSG00000146648.14	p.G719S	point_mutation	https://www.mycancergenome.org/content/disease/lung-cancer/egfr/3/	EGFR c.2155G>A (G719S) Mutations in Non-Small Cell Lung Cancer
EGFR	ENSG00000146648.14	p.A763_Y764insFQEA	insertion	https://www.mycancergenome.org/content/disease/lung-cancer/egfr/312/	EGFR c.2290_2291ins (A763_Y764insFQEA) Mutation in Non-Small Cell Lung Cancer
EGFR	ENSG00000146648.14	p.S768I	point_mutation	https://www.mycancergenome.org/content/disease/lung-cancer/egfr/348/	EGFR c.2303G>T (S768I) Mutation in Lung Cancer
EGFR	ENSG00000146648.14	p.C797S	point_mutation	https://www.mycancergenome.org/content/disease/lung-cancer/egfr/368/	EGFR c.2390G>C (C797S) Mutation in Lung Cancer
EGFR	ENSG00000146648.14	p.T790M	point_mutation	https://www.mycancergenome.org/content/disease/lung-cancer/egfr/4/	EGFR c.2369C>T (T790M) Mutation in Non-Small Cell Lung Cancer
EGFR	ENSG00000146648.14	p.L858R	point_mutation	https://www.mycancergenome.org/content/disease/lung-cancer/egfr/5/	EGFR c.2573T>G (L858R) Mutation in Non-Small Cell Lung Cancer
EGFR	ENSG00000146648.14	p.L861Q	point_mutation	https://www.mycancergenome.org/content/disease/lung-cancer/egfr/6/	EGFR c.2582T>A (L861Q) Mutation in Non-Small Cell Lung Cancer
KRAS	ENSG00000133703.10	p.Q61H	point_mutation	https://www.mycancergenome.org/content/disease/lung-cancer/kras/30/	KRAS c.183A>C (Q61H) Mutation in Non-Small Cell Lung Cancer
KRAS	ENSG00000133703.10	p.Q61H	point_mutation	https://www.mycancergenome.org/content/disease/lung-cancer/kras/31/	KRAS c.183A>T (Q61H) Mutation in Non-Small Cell Lung Cancer
KRAS	ENSG00000133703.10	p.G12A	point_mutation	https://www.mycancergenome.org/content/disease/lung-cancer/kras/32/	KRAS c.35G>C (G12A) Mutation in Non-Small Cell Lung Cancer
KRAS	ENSG00000133703.10	p.G12C	point_mutation	https://www.mycancergenome.org/content/disease/lung-cancer/kras/33/	KRAS c.34G>T (G12C) Mutation in Non-Small Cell Lung Cancer
KRAS	ENSG00000133703.10	p.G12D	point_mutation	https://www.mycancergenome.org/content/disease/lung-cancer/kras/34/	KRAS c.35G>A (G12D) Mutation in Non-Small Cell Lung Cancer
KRAS	ENSG00000133703.10	p.G12R	point_mutation	https://www.mycancergenome.org/content/disease/lung-cancer/kras/35/	KRAS c.34G>C (G12R) Mutation in Non-Small Cell Lung Cancer
KRAS	ENSG00000133703.10	p.G12S	point_mutation	https://www.mycancergenome.org/content/disease/lung-cancer/kras/36/	KRAS c.34G>A (G12S) Mutation in Non-Small Cell Lung Cancer
KRAS	ENSG00000133703.10	p.G12V	point_mutation	https://www.mycancergenome.org/content/disease/lung-cancer/kras/37/	KRAS c.35G>T (G12V) Mutation in Non-Small Cell Lung Cancer
KRAS	ENSG00000133703.10	p.G13C	point_mutation	https://www.mycancergenome.org/content/disease/lung-cancer/kras/38/	KRAS c.37G>T (G13C) Mutation in Non-Small Cell Lung Cancer
KRAS	ENSG00000133703.10	p.G13D	point_mutation	https://www.mycancergenome.org/content/disease/lung-cancer/kras/39/	KRAS c.38G>A (G13D) Mutation in Non-Small Cell Lung Cancer
KRAS	ENSG00000133703.10	p.G13R	point_mutation	https://www.mycancergenome.org/content/disease/lung-cancer/kras/40/	KRAS c.37G>C (G13R) Mutation in Non-Small Cell Lung Cancer
KRAS	ENSG00000133703.10	p.Q61K	point_mutation	https://www.mycancergenome.org/content/disease/lung-cancer/kras/41/	KRAS c.181C>A (Q61K) Mutation in Non-Small Cell Lung Cancer
KRAS	ENSG00000133703.10	p.Q61L	point_mutation	https://www.mycancergenome.org/content/disease/lung-cancer/kras/42/	KRAS c.182A>T (Q61L) Mutation in Non-Small Cell Lung Cancer
KRAS	ENSG00000133703.10	p.Q61R	point_mutation	https://www.mycancergenome.org/content/disease/lung-cancer/kras/43/	KRAS c.182A>G (Q61R) Mutation in Non-Small Cell Lung Cancer
KRAS	ENSG00000133703.10	p.G13A	point_mutation	https://www.mycancergenome.org/content/disease/lung-cancer/kras/68/	KRAS c.38G>C (G13A) Mutation in Non-Small Cell Lung Cancer
KRAS	ENSG00000133703.10	p.G13S	point_mutation	https://www.mycancergenome.org/content/disease/lung-cancer/kras/69/	KRAS c.37G>A (G13S) Mutation in Non-Small Cell Lung Cancer
MAP2K1	ENSG00000169032.8	p.D67N	point_mutation	https://www.mycancergenome.org/content/disease/lung-cancer/map2k1/60/	MEK1 (MAP2K1) c.199G>A (D67N) Mutations in Non-Small Cell Lung Cancer (NSCLC)
MAP2K1	ENSG00000169032.8	p.K57N	point_mutation	https://www.mycancergenome.org/content/disease/lung-cancer/map2k1/72/	MEK1 (MAP2K1) c.171G>T (K57N) Mutations in Non-Small Cell Lung Cancer (NSCLC)
MAP2K1	ENSG00000169032.8	p.Q56P	point_mutation	https://www.mycancergenome.org/content/disease/lung-cancer/map2k1/74/	MEK1 (MAP2K1) c.167A>C (Q56P) Mutation in Non-Small Cell Lung Cancer (NSCLC)
NRAS	ENSG00000213281.4	p.Q61K	point_mutation	https://www.mycancergenome.org/content/disease/lung-cancer/nras/75/	NRAS c.181C>A (Q61K) Mutation in Non-Small Cell Lung Cancer
NRAS	ENSG00000213281.4	p.Q61L	point_mutation	https://www.mycancergenome.org/content/disease/lung-cancer/nras/76/	NRAS c.182A>T (Q61L) Mutation in Non-Small Cell Lung Cancer
NRAS	ENSG00000213281.4	p.Q61R	point_mutation	https://www.mycancergenome.org/content/disease/lung-cancer/nras/77/	NRAS c.182A>G (Q61R) Mutation in Non-Small Cell Lung Cancer
NRAS	ENSG00000213281.4	p.Q61H	point_mutation	https://www.mycancergenome.org/content/disease/lung-cancer/nras/80/	NRAS c.183A>C (Q61H) Mutation in Non-Small Cell Lung Cancer
NRAS	ENSG00000213281.4	p.Q61H	point_mutation	https://www.mycancergenome.org/content/disease/lung-cancer/nras/81/	NRAS c.183A>T (Q61H) Mutation in Lung Cancer
NRAS	ENSG00000213281.4	p.G12A	point_mutation	https://www.mycancergenome.org/content/disease/lung-cancer/nras/85/	NRAS c.35G>C (G12A) Mutation in Non-Small Cell Lung Cancer
NRAS	ENSG00000213281.4	p.G12C	point_mutation	https://www.mycancergenome.org/content/disease/lung-cancer/nras/86/	NRAS c.34G>T (G12C) Mutation in Non-Small Cell Lung Cancer
NRAS	ENSG00000213281.4	p.G12D	point_mutation	https://www.mycancergenome.org/content/disease/lung-cancer/nras/87/	NRAS c.35G>A (G12D) Mutation in Non-Small Cell Lung Cancer
NRAS	ENSG00000213281.4	p.G12R	point_mutation	https://www.mycancergenome.org/content/disease/lung-cancer/nras/88/	NRAS c.34G>C (G12R) Mutation in Non-Small Cell Lung Cancer
NRAS	ENSG00000213281.4	p.G12S	point_mutation	https://www.mycancergenome.org/content/disease/lung-cancer/nras/89/	NRAS c.34G>A (G12S) Mutation in Non-Small Cell Lung Cancer
PIK3CA	ENSG00000121879.3	p.H1047L	point_mutation	https://www.mycancergenome.org/content/disease/lung-cancer/pik3ca/10/	PIK3CA  c.3140A>T (H1047L) Mutation in Non-Small Cell Lung Cancer
PIK3CA	ENSG00000121879.3	p.H1047R	point_mutation	https://www.mycancergenome.org/content/disease/lung-cancer/pik3ca/11/	PIK3CA c.3140A>G (H1047R) Mutation in Non-Small Cell Lung Cancer
PIK3CA	ENSG00000121879.3	p.E542K	point_mutation	https://www.mycancergenome.org/content/disease/lung-cancer/pik3ca/7/	PIK3CA c.1624G>A (E542K) Mutation in Non-Small Cell Lung Cancer
PIK3CA	ENSG00000121879.3	p.E545K	point_mutation	https://www.mycancergenome.org/content/disease/lung-cancer/pik3ca/8/	PIK3CA c.1633G>A (E545K) Mutation in Non-Small Cell Lung Cancer
PIK3CA	ENSG00000121879.3	p.E545Q	point_mutation	https://www.mycancergenome.org/content/disease/lung-cancer/pik3ca/9/	PIK3CA c.1633G>C (E545Q) Mutation in Non-Small Cell Lung Cancer
PTEN	ENSG00000171862.8	p.R233*	point_mutation	https://www.mycancergenome.org/content/disease/lung-cancer/pten/25/	PTEN c.697C>T  (R233*) Mutations in Non-Small Cell Lung Cancer (NSCLC)
SMO	ENSG00000128602.8	p.D473H	point_mutation	https://www.mycancergenome.org/content/disease/medulloblastoma/smo/163/	SMO c.1417G>C (D473H) Mutation in Medulloblastoma
BRAF	ENSG00000157764.11	p.V600E	point_mutation	https://www.mycancergenome.org/content/disease/melanoma/braf/111/	BRAF c.1799_1800delTGinsAA (V600E) Mutation in Melanoma
BRAF	ENSG00000157764.11	p.V600D	point_mutation	https://www.mycancergenome.org/content/disease/melanoma/braf/114/	BRAF c.1799_1800delTGinsAT (V600D) Mutation in Melanoma
BRAF	ENSG00000157764.11	p.V600G	point_mutation	https://www.mycancergenome.org/content/disease/melanoma/braf/115/	BRAF c.1799T>G (V600G) Mutation in Melanoma
BRAF	ENSG00000157764.11	p.V600K	point_mutation	https://www.mycancergenome.org/content/disease/melanoma/braf/116/	BRAF c.1798_1799delGTinsAA (V600K) Mutation in Melanoma
BRAF	ENSG00000157764.11	p.V600M	point_mutation	https://www.mycancergenome.org/content/disease/melanoma/braf/117/	BRAF c.1798G>A (V600M) Mutation in Melanoma
BRAF	ENSG00000157764.11	p.V600R	point_mutation	https://www.mycancergenome.org/content/disease/melanoma/braf/118/	BRAF c.1798_1799delGTinsAG (V600R) Mutation in Melanoma
BRAF	ENSG00000157764.11	p.L597R	point_mutation	https://www.mycancergenome.org/content/disease/melanoma/braf/138/	BRAF c.1790T>G (L597R) Mutation in Melanoma
BRAF	ENSG00000157764.11	p.D594G	point_mutation	https://www.mycancergenome.org/content/disease/melanoma/braf/148/	BRAF c.1781A>G (D594G) Mutation in Melanoma
BRAF	ENSG00000157764.11	p.D594V	point_mutation	https://www.mycancergenome.org/content/disease/melanoma/braf/149/	BRAF c.1781A>T (D594V) Mutation in Melanoma
BRAF	ENSG00000157764.11	p.L597Q	point_mutation	https://www.mycancergenome.org/content/disease/melanoma/braf/188/	BRAF c.1790T>A (L597Q) Mutation in Melanoma
BRAF	ENSG00000157764.11	p.L597S	point_mutation	https://www.mycancergenome.org/content/disease/melanoma/braf/189/	BRAF c.1789_1790delCTinsTC (L597S) Mutation in Melanoma
BRAF	ENSG00000157764.11	p.K601E	point_mutation	https://www.mycancergenome.org/content/disease/melanoma/braf/190/	BRAF c.1801A>G (K601E) Mutation in Melanoma
BRAF	ENSG00000157764.11	p.D594N	point_mutation	https://www.mycancergenome.org/content/disease/melanoma/braf/298/	BRAF c.1780G>A (D594N) Mutation in Melanoma
BRAF	ENSG00000157764.11	p.D594N	point_mutation	https://www.mycancergenome.org/content/disease/melanoma/braf/299/	BRAF c.1779_1780delTGinsGA (D594N) Mutation in Melanoma
BRAF	ENSG00000157764.11	p.D594H	point_mutation	https://www.mycancergenome.org/content/disease/melanoma/braf/300/	BRAF c.1780G>C (D594H) Mutation in Melanoma
BRAF	ENSG00000157764.11	p.D594E	point_mutation	https://www.mycancergenome.org/content/disease/melanoma/braf/301/	BRAF c.1782T>A (D594E) Mutation in Melanoma
BRAF	ENSG00000157764.11	p.D594E	point_mutation	https://www.mycancergenome.org/content/disease/melanoma/braf/302/	BRAF c.1782T>G (D594E) Mutation in Melanoma
BRAF	ENSG00000157764.11	p.V600E	point_mutation	https://www.mycancergenome.org/content/disease/melanoma/braf/54/	BRAF c.1799T>A (V600E) Mutation in Melanoma
BRAF	ENSG00000157764.11	p.L597V	point_mutation	https://www.mycancergenome.org/content/disease/melanoma/braf/73/	BRAF c.1789C>G (L597V) Mutation in Melanoma
CTNNB1	ENSG00000168036.15	p.S37F	point_mutation	https://www.mycancergenome.org/content/disease/melanoma/ctnnb1/104/	CTNNB1(beta-catenin) c.110C>T (S37F) Mutation in Melanoma
CTNNB1	ENSG00000168036.15	p.S37Y	point_mutation	https://www.mycancergenome.org/content/disease/melanoma/ctnnb1/105/	CTNNB1 (beta-catenin) c.110C>A (S37Y) Mutation in Melanoma
CTNNB1	ENSG00000168036.15	p.S45F	point_mutation	https://www.mycancergenome.org/content/disease/melanoma/ctnnb1/106/	CTNNB1 (beta-catenin) c.134C>T (S45F) Mutation in Melanoma
CTNNB1	ENSG00000168036.15	p.S45P	point_mutation	https://www.mycancergenome.org/content/disease/melanoma/ctnnb1/107/	CTNNB1 (beta-catenin) c.133T>C (S45P) Mutation in Melanoma
CTNNB1	ENSG00000168036.15	p.S45Y	point_mutation	https://www.mycancergenome.org/content/disease/melanoma/ctnnb1/108/	CTNNB1 (beta-catenin) c.134C>A (S45Y) Mutation in Melanoma
GNA11	ENSG00000088256.7	p.Q209P	point_mutation	https://www.mycancergenome.org/content/disease/melanoma/gna11/101/	GNA11 c.626A>C (Q209P) Mutation in Melanoma
GNA11	ENSG00000088256.7	p.R183C	point_mutation	https://www.mycancergenome.org/content/disease/melanoma/gna11/335/	GNA11 c.546_547delCCinsTT (R183C) Mutation in Melanoma
GNA11	ENSG00000088256.7	p.R183C	point_mutation	https://www.mycancergenome.org/content/disease/melanoma/gna11/336/	GNA11 c.547C>T (R183C) Mutation in Melanoma
GNA11	ENSG00000088256.7	p.Q209L	point_mutation	https://www.mycancergenome.org/content/disease/melanoma/gna11/99/	GNA11 c.626A>T (Q209L) Mutation in Melanoma
GNAQ	ENSG00000156052.9	p.Q209L	point_mutation	https://www.mycancergenome.org/content/disease/melanoma/gnaq/100/	GNAQ c.626A>T (Q209L) Mutation in Melanoma
GNAQ	ENSG00000156052.9	p.Q209P	point_mutation	https://www.mycancergenome.org/content/disease/melanoma/gnaq/102/	GNAQ c.626A>C (Q209P) Mutation in Melanoma
GNAQ	ENSG00000156052.9	p.Q209R	point_mutation	https://www.mycancergenome.org/content/disease/melanoma/gnaq/103/	GNAQ c.626A>G (Q209R) Mutation in Melanoma
GNAQ	ENSG00000156052.9	p.R183Q	point_mutation	https://www.mycancergenome.org/content/disease/melanoma/gnaq/337/	GNAQ c.548G>A (R183Q) Mutation in Melanoma
KIT	ENSG00000157404.14	p.W557R	point_mutation	https://www.mycancergenome.org/content/disease/melanoma/kit/109/	KIT c.1669T>A (W557R) Mutation in Melanoma
KIT	ENSG00000157404.14	p.W557R	point_mutation	https://www.mycancergenome.org/content/disease/melanoma/kit/110/	KIT c.1669T>C (W557R) Mutation in Melanoma
KIT	ENSG00000157404.14	p.V559A	point_mutation	https://www.mycancergenome.org/content/disease/melanoma/kit/112/	KIT c.1676T>C (V559A) Mutation in Melanoma
KIT	ENSG00000157404.14	p.V559D	point_mutation	https://www.mycancergenome.org/content/disease/melanoma/kit/113/	KIT c.1676T>A (V559D) Mutation in Melanoma
KIT	ENSG00000157404.14	p.D816H	point_mutation	https://www.mycancergenome.org/content/disease/melanoma/kit/84/	KIT c.2446G>C (D816H) Mutation in Melanoma
KIT	ENSG00000157404.14	p.K642E	point_mutation	https://www.mycancergenome.org/content/disease/melanoma/kit/95/	KIT c.1924A>G (K642E) Mutation in Melanoma
KIT	ENSG00000157404.14	p.L576P	point_mutation	https://www.mycancergenome.org/content/disease/melanoma/kit/96/	KIT c.1727T>C (L576P) Mutation in Melanoma
MAP2K1	ENSG00000169032.8	p.F53L	point_mutation	https://www.mycancergenome.org/content/disease/melanoma/map2k1/210/	MEK1 (MAP2K1) c.157T>C (F53L) Mutation in Melanoma
MAP2K1	ENSG00000169032.8	p.I111S	point_mutation	https://www.mycancergenome.org/content/disease/melanoma/map2k1/211/	MEK1 (MAP2K1) c.332T>G (I111S) Mutation in Melanoma
MAP2K1	ENSG00000169032.8	p.C121S	point_mutation	https://www.mycancergenome.org/content/disease/melanoma/map2k1/212/	MEK1 (MAP2K1) c.362G>C (C121S) Mutation in Melanoma
MAP2K1	ENSG00000169032.8	p.P124L	point_mutation	https://www.mycancergenome.org/content/disease/melanoma/map2k1/213/	MEK1 (MAP2K1) c.371C>T (P124L) Mutation in Melanoma
MAP2K1	ENSG00000169032.8	p.P124S	point_mutation	https://www.mycancergenome.org/content/disease/melanoma/map2k1/214/	MEK1 (MAP2K1) c.370C>T (P124S) Mutation in Melanoma
MAP2K1	ENSG00000169032.8	p.E203K	point_mutation	https://www.mycancergenome.org/content/disease/melanoma/map2k1/215/	MEK1 (MAP2K1) c.607G>A (E203K) Mutation in Melanoma
MAP2K1	ENSG00000169032.8	p.P264S	point_mutation	https://www.mycancergenome.org/content/disease/melanoma/map2k1/216/	MEK1 (MAP2K1) c.790C>T (P264S) Mutation in Melanoma
MAP2K1	ENSG00000169032.8	p.N382H	point_mutation	https://www.mycancergenome.org/content/disease/melanoma/map2k1/217/	MEK1 (MAP2K1) c.1144A>C (N382H) Mutation in Melanoma
NRAS	ENSG00000213281.4	p.G13C	point_mutation	https://www.mycancergenome.org/content/disease/melanoma/nras/297/	NRAS c.37G>T (G13C) Mutation in Melanoma
NRAS	ENSG00000213281.4	p.Q61K	point_mutation	https://www.mycancergenome.org/content/disease/melanoma/nras/75/	NRAS c.181C>A (Q61K) Mutation in Melanoma
NRAS	ENSG00000213281.4	p.Q61L	point_mutation	https://www.mycancergenome.org/content/disease/melanoma/nras/76/	NRAS c.182A>T (Q61L) Mutation in Melanoma
NRAS	ENSG00000213281.4	p.Q61R	point_mutation	https://www.mycancergenome.org/content/disease/melanoma/nras/77/	NRAS c.182A>G (Q61R) Mutation in Melanoma
NRAS	ENSG00000213281.4	p.Q61H	point_mutation	https://www.mycancergenome.org/content/disease/melanoma/nras/80/	NRAS c.183A>C (Q61H) Mutation in Melanoma
NRAS	ENSG00000213281.4	p.Q61H	point_mutation	https://www.mycancergenome.org/content/disease/melanoma/nras/81/	NRAS c.183A>T (Q61H) Mutation in Melanoma
NRAS	ENSG00000213281.4	p.Q61R	point_mutation	https://www.mycancergenome.org/content/disease/melanoma/nras/82/	NRAS c.182_183delAAinsGG (Q61R) Mutation in Melanoma
NRAS	ENSG00000213281.4	p.Q61L	point_mutation	https://www.mycancergenome.org/content/disease/melanoma/nras/83/	NRAS c.182_183delAAinsTG (Q61L) Mutation in Melanoma
NRAS	ENSG00000213281.4	p.G12A	point_mutation	https://www.mycancergenome.org/content/disease/melanoma/nras/85/	NRAS c.35G>C (G12A) Mutation in Melanoma
NRAS	ENSG00000213281.4	p.G12C	point_mutation	https://www.mycancergenome.org/content/disease/melanoma/nras/86/	NRAS c.34G>T (G12C) Mutation in Melanoma
NRAS	ENSG00000213281.4	p.G12D	point_mutation	https://www.mycancergenome.org/content/disease/melanoma/nras/87/	NRAS c.35G>A (G12D) Mutation in Melanoma
NRAS	ENSG00000213281.4	p.G12R	point_mutation	https://www.mycancergenome.org/content/disease/melanoma/nras/88/	NRAS c.34G>C (G12R) Mutation in Melanoma
NRAS	ENSG00000213281.4	p.G12S	point_mutation	https://www.mycancergenome.org/content/disease/melanoma/nras/89/	NRAS c.34G>A (G12S) Mutation in Melanoma
NRAS	ENSG00000213281.4	p.G12V	point_mutation	https://www.mycancergenome.org/content/disease/melanoma/nras/90/	NRAS c.35G>T (G12V) Mutation in Melanoma
NRAS	ENSG00000213281.4	p.G13A	point_mutation	https://www.mycancergenome.org/content/disease/melanoma/nras/91/	NRAS c.38G>C (G13A) Mutation in Melanoma
NRAS	ENSG00000213281.4	p.G13D	point_mutation	https://www.mycancergenome.org/content/disease/melanoma/nras/92/	NRAS c.38G>A (G13D) Mutation in Melanoma
NRAS	ENSG00000213281.4	p.G13R	point_mutation	https://www.mycancergenome.org/content/disease/melanoma/nras/93/	NRAS c.37G>C (G13R) Mutation in Melanoma
NRAS	ENSG00000213281.4	p.G13V	point_mutation	https://www.mycancergenome.org/content/disease/melanoma/nras/94/	NRAS c.38G>T (G13V) Mutation in Melanoma
NRAS	ENSG00000213281.4	p.Q61E	point_mutation	https://www.mycancergenome.org/content/disease/melanoma/nras/97/	NRAS c.181C>G (Q61E) Mutation in Melanoma
NRAS	ENSG00000213281.4	p.Q61P	point_mutation	https://www.mycancergenome.org/content/disease/melanoma/nras/98/	NRAS c.182A>C (Q61P) Mutation in Melanoma
CALR	ENSG00000179218.12	p.K385fs*47	frameshift	https://www.mycancergenome.org/content/disease/myeloproliferative-neoplasms/calr/371/	CALR c.1154_1155insTTGTC (K385fs*47) Mutation in Myeloproliferative Neoplasms
CALR	ENSG00000179218.12	p.L367fs*46	frameshift	https://www.mycancergenome.org/content/disease/myeloproliferative-neoplasms/calr/387/	CALR c.1099_1150del (L367fs*46) Mutation in Myeloproliferative Neoplasms
JAK2	ENSG00000096968.11	p.V617F	point_mutation	https://www.mycancergenome.org/content/disease/myeloproliferative-neoplasms/jak2/358/	JAK2 c.1849G>T (V617F) Mutation in Myeloproliferative Neoplasms
JAK2	ENSG00000096968.11	p.K539L	point_mutation	https://www.mycancergenome.org/content/disease/myeloproliferative-neoplasms/jak2/382/	JAK2 c.1615_1616delAAinsTT (K539L) Mutation in Myeloproliferative Neoplasms
JAK2	ENSG00000096968.11	p.N542_E543del	small_deletion	https://www.mycancergenome.org/content/disease/myeloproliferative-neoplasms/jak2/383/	JAK2 c.1624_1629delAATGAA (N542_E543del) Mutation in Myeloproliferative Neoplasms
JAK2	ENSG00000096968.11	p.F537_K539delinsL	delins	https://www.mycancergenome.org/content/disease/myeloproliferative-neoplasms/jak2/386/	JAK2 c.1611_1616delTCACAA (F537_K539delinsL) Mutation in Myeloproliferative Neoplasms
MPL	ENSG00000117400.13	p.W515L	point_mutation	https://www.mycancergenome.org/content/disease/myeloproliferative-neoplasms/mpl/378/	MPL c.1544G>T (W515L) Mutation in Myeloproliferative Neoplasms
MPL	ENSG00000117400.13	p.W515K	point_mutation	https://www.mycancergenome.org/content/disease/myeloproliferative-neoplasms/mpl/384/	MPL c.1543_1544delTGinsAA (W515K) Mutation in Myeloproliferative Neoplasms
ALK	ENSG00000171094.14	p.D1091N	point_mutation	https://www.mycancergenome.org/content/disease/neuroblastoma/alk/173/	ALK c.3271G>A (D1091N) Mutation in Neuroblastoma
ALK	ENSG00000171094.14	p.T1151M	point_mutation	https://www.mycancergenome.org/content/disease/neuroblastoma/alk/174/	ALK c.3452C>T (T1151M) Mutation in Neuroblastoma
ALK	ENSG00000171094.14	p.I1171N	point_mutation	https://www.mycancergenome.org/content/disease/neuroblastoma/alk/175/	ALK c.3512T>A (I1171N) Mutation in Neuroblastoma
ALK	ENSG00000171094.14	p.F1174C	point_mutation	https://www.mycancergenome.org/content/disease/neuroblastoma/alk/176/	ALK c.3521T>G (F1174C) Mutation in Neuroblastoma
ALK	ENSG00000171094.14	p.F1174I	point_mutation	https://www.mycancergenome.org/content/disease/neuroblastoma/alk/177/	ALK c.3520T>A (F1174I) Mutation in Neuroblastoma
ALK	ENSG00000171094.14	p.F1174L	point_mutation	https://www.mycancergenome.org/content/disease/neuroblastoma/alk/178/	ALK c.3522C>A (F1174L) Mutation in Neuroblastoma
ALK	ENSG00000171094.14	p.F1174V	point_mutation	https://www.mycancergenome.org/content/disease/neuroblastoma/alk/179/	ALK c.3520T>G (F1174V) Mutation in Neuroblastoma
ALK	ENSG00000171094.14	p.F1245C	point_mutation	https://www.mycancergenome.org/content/disease/neuroblastoma/alk/180/	ALK c.3734T>G (F1245C) Mutation in Neuroblastoma
ALK	ENSG00000171094.14	p.F1245L	point_mutation	https://www.mycancergenome.org/content/disease/neuroblastoma/alk/181/	ALK c.3735C>G (F1245L) Mutation in Neuroblastoma
ALK	ENSG00000171094.14	p.F1245V	point_mutation	https://www.mycancergenome.org/content/disease/neuroblastoma/alk/182/	ALK c.3733T>G (F1245V) Mutation in Neuroblastoma
ALK	ENSG00000171094.14	p.R1275Q	point_mutation	https://www.mycancergenome.org/content/disease/neuroblastoma/alk/183/	ALK c.3824G>A (R1275Q) Mutation in Neuroblastoma
ALK	ENSG00000171094.14	p.Y1278S	point_mutation	https://www.mycancergenome.org/content/disease/neuroblastoma/alk/184/	ALK c.3833A>C (Y1278S) Mutation in Neuroblastoma
BRAF	ENSG00000157764.11	p.L597R	point_mutation	https://www.mycancergenome.org/content/disease/ovarian-cancer/braf/138/	BRAF c.1790T>G (L597R) Mutation in Ovarian Cancer
BRAF	ENSG00000157764.11	p.V600E	point_mutation	https://www.mycancergenome.org/content/disease/ovarian-cancer/braf/54/	BRAF c.1799T>A (V600E) Mutation in Ovarian Cancer
KRAS	ENSG00000133703.10	p.G12A	point_mutation	https://www.mycancergenome.org/content/disease/ovarian-cancer/kras/32/	KRAS c.35G>C (G12A) Mutation in Ovarian Cancer
KRAS	ENSG00000133703.10	p.G12C	point_mutation	https://www.mycancergenome.org/content/disease/ovarian-cancer/kras/33/	KRAS c.34G>T (G12C) Mutation in Ovarian Cancer
KRAS	ENSG00000133703.10	p.G12D	point_mutation	https://www.mycancergenome.org/content/disease/ovarian-cancer/kras/34/	KRAS c.35G>A (G12D) Mutation in Ovarian Cancer
KRAS	ENSG00000133703.10	p.G12R	point_mutation	https://www.mycancergenome.org/content/disease/ovarian-cancer/kras/35/	KRAS c.34G>C (G12R) Mutation in Ovarian Cancer
KRAS	ENSG00000133703.10	p.G12V	point_mutation	https://www.mycancergenome.org/content/disease/ovarian-cancer/kras/37/	KRAS c.35G>T (G12V) Mutation in Ovarian Cancer
KRAS	ENSG00000133703.10	p.G13D	point_mutation	https://www.mycancergenome.org/content/disease/ovarian-cancer/kras/39/	KRAS c.38G>A (G13D) Mutation in Ovarian Cancer
PIK3CA	ENSG00000121879.3	p.H1047L	point_mutation	https://www.mycancergenome.org/content/disease/ovarian-cancer/pik3ca/10/	PIK3CA c.3140A>T (H1047L) Mutation in Ovarian Cancer
PIK3CA	ENSG00000121879.3	p.H1047R	point_mutation	https://www.mycancergenome.org/content/disease/ovarian-cancer/pik3ca/11/	PIK3CA c.3140A>G (H1047R) Mutation in Ovarian Cancer
PIK3CA	ENSG00000121879.3	p.Q546K	point_mutation	https://www.mycancergenome.org/content/disease/ovarian-cancer/pik3ca/16/	PIK3CA c.1636C>A (Q546K) Mutation in Ovarian Cancer
PIK3CA	ENSG00000121879.3	p.E542K	point_mutation	https://www.mycancergenome.org/content/disease/ovarian-cancer/pik3ca/7/	PIK3CA c.1624G>A (E542K) Mutation in Ovarian Cancer
PIK3CA	ENSG00000121879.3	p.E545K	point_mutation	https://www.mycancergenome.org/content/disease/ovarian-cancer/pik3ca/8/	PIK3CA c.1633G>A (E545K) Mutation in Ovarian Cancer
PTEN	ENSG00000171862.8	p.R130*	point_mutation	https://www.mycancergenome.org/content/disease/ovarian-cancer/pten/137/	PTEN c.388C>T (R130*) Mutation in Ovarian Cancer
PTEN	ENSG00000171862.8	p.N323fs*2	frameshift	https://www.mycancergenome.org/content/disease/ovarian-cancer/pten/140/	PTEN c.968dupA (N323fs*2) Mutation in Ovarian Cancer
PTEN	ENSG00000171862.8	p.N323fs*21	frameshift	https://www.mycancergenome.org/content/disease/ovarian-cancer/pten/141/	PTEN c.968delA (N323fs*21) Mutation in Ovarian Cancer
PTEN	ENSG00000171862.8	p.P248fs*5	frameshift	https://www.mycancergenome.org/content/disease/ovarian-cancer/pten/142/	PTEN c.741dupA (P248fs*5) Mutation in Ovarian Cancer
PTEN	ENSG00000171862.8	p.R130fs*4	frameshift	https://www.mycancergenome.org/content/disease/ovarian-cancer/pten/143/	PTEN c.389delG (R130fs*4) Mutation in Ovarian Cancer
PTEN	ENSG00000171862.8	p.R130Q	point_mutation	https://www.mycancergenome.org/content/disease/ovarian-cancer/pten/144/	PTEN c.389G>A (R130Q) Mutation in Ovarian Cancer
PTEN	ENSG00000171862.8	p.R130G	point_mutation	https://www.mycancergenome.org/content/disease/ovarian-cancer/pten/145/	PTEN c.388C>G (R130G) Mutation in Ovarian Cancer
AR	ENSG00000169083.14	p.F877L	point_mutation	https://www.mycancergenome.org/content/disease/prostate-cancer/ar/349/	AR c.2631C>A (F877L) Mutation in Prostate Cancer
AR	ENSG00000169083.14	p.T878A	point_mutation	https://www.mycancergenome.org/content/disease/prostate-cancer/ar/350/	AR c.2632A>G (T878A) Mutation in Prostate Cancer
AR	ENSG00000169083.14	p.L702H	point_mutation	https://www.mycancergenome.org/content/disease/prostate-cancer/ar/351/	AR c.2105T>A (L702H) Mutation in Prostate Cancer
AR	ENSG00000169083.14	p.H875Y	point_mutation	https://www.mycancergenome.org/content/disease/prostate-cancer/ar/352/	AR c.2623C>T (H875Y) Mutation in Prostate Cancer
AR	ENSG00000169083.14	p.W742C	point_mutation	https://www.mycancergenome.org/content/disease/prostate-cancer/ar/353/	AR c.2226G>T (W742C) Mutation in Prostate Cancer
ALK	ENSG00000171094.14	p.D1225N	point_mutation	https://www.mycancergenome.org/content/disease/rhabdomyosarcoma/alk/187/	ALK c.3673G>A (D1225N) Mutation in Rhabdomyosarcoma
KIT	ENSG00000157404.14	p.W557R	point_mutation	https://www.mycancergenome.org/content/disease/thymic-carcinoma/kit/110/	KIT c. 1669T>C (W557R) Mutation in Thymic Carcinoma
KIT	ENSG00000157404.14	p.V559A	point_mutation	https://www.mycancergenome.org/content/disease/thymic-carcinoma/kit/112/	KIT c. 1676T>C (V559A) Mutation in Thymic Carcinoma
KIT	ENSG00000157404.14	p.D820E	point_mutation	https://www.mycancergenome.org/content/disease/thymic-carcinoma/kit/120/	KIT c.2460T>A (D820E) Mutation in Thymic Carcinoma
KIT	ENSG00000157404.14	p.H697Y	point_mutation	https://www.mycancergenome.org/content/disease/thymic-carcinoma/kit/121/	KIT c.2089C>T (H697Y) Mutation in Thymic Carcinoma
KIT	ENSG00000157404.14	p.P577_D579del	small_deletion	https://www.mycancergenome.org/content/disease/thymic-carcinoma/kit/122/	KIT c.1730_1738del (P577_D579del) Mutation in Thymic Carcinoma
KIT	ENSG00000157404.14	p.V560del	small_deletion	https://www.mycancergenome.org/content/disease/thymic-carcinoma/kit/123/	KIT c.1679_1681del (V560del) Mutation in Thymic Carcinoma
KIT	ENSG00000157404.14	p.Y553N	point_mutation	https://www.mycancergenome.org/content/disease/thymic-carcinoma/kit/124/	KIT c.1657T>A (Y553N) Mutation in Thymic Carcinoma
KIT	ENSG00000157404.14	p.E490K	point_mutation	https://www.mycancergenome.org/content/disease/thymic-carcinoma/kit/218/	KIT c.1468G>A (E490K) Mutation in Thymic Carcinoma
KIT	ENSG00000157404.14	p.L576P	point_mutation	https://www.mycancergenome.org/content/disease/thymic-carcinoma/kit/96/	KIT c.1727T>C (L576P) Mutation in Thymic Carcinoma
BRAF	ENSG00000157764.11	p.V600E	point_mutation	https://www.mycancergenome.org/content/disease/thyroid-cancer/braf/54/	BRAF c.1799T>A (V600E) Mutation in Thyroid Cancer
HRAS	ENSG00000174775.15	p.G12R	point_mutation	https://www.mycancergenome.org/content/disease/thyroid-cancer/hras/303/	HRAS c.34G>C (G12R) Mutation in Thyroid Cancer
HRAS	ENSG00000174775.15	p.G12V	point_mutation	https://www.mycancergenome.org/content/disease/thyroid-cancer/hras/304/	HRAS c.35G>T (G12V) Mutation in Thyroid Cancer
HRAS	ENSG00000174775.15	p.G13C	point_mutation	https://www.mycancergenome.org/content/disease/thyroid-cancer/hras/305/	HRAS c.37G>T (G13C) Mutation in Thyroid Cancer
HRAS	ENSG00000174775.15	p.G13R	point_mutation	https://www.mycancergenome.org/content/disease/thyroid-cancer/hras/306/	HRAS c.37G>C (G13R) Mutation in Thyroid Cancer
HRAS	ENSG00000174775.15	p.Q61R	point_mutation	https://www.mycancergenome.org/content/disease/thyroid-cancer/hras/307/	HRAS c.182A>G (Q61R) Mutation in Thyroid Cancer
KRAS	ENSG00000133703.10	p.A146V	point_mutation	https://www.mycancergenome.org/content/disease/thyroid-cancer/kras/29/	KRAS c.437C>T (A146V) Mutation in Thyroid Cancer
KRAS	ENSG00000133703.10	p.Q61P	point_mutation	https://www.mycancergenome.org/content/disease/thyroid-cancer/kras/308/	KRAS c.182A>C (Q61P) Mutation in Thyroid Cancer
KRAS	ENSG00000133703.10	p.G12A	point_mutation	https://www.mycancergenome.org/content/disease/thyroid-cancer/kras/32/	KRAS c.35G>C (G12A) Mutation in Thyroid Cancer
KRAS	ENSG00000133703.10	p.G12C	point_mutation	https://www.mycancergenome.org/content/disease/thyroid-cancer/kras/33/	KRAS c.34G>T (G12C) Mutation in Thyroid Cancer
KRAS	ENSG00000133703.10	p.G12D	point_mutation	https://www.mycancergenome.org/content/disease/thyroid-cancer/kras/34/	KRAS c.35G>A (G12D) Mutation in Thyroid Cancer
KRAS	ENSG00000133703.10	p.G12R	point_mutation	https://www.mycancergenome.org/content/disease/thyroid-cancer/kras/35/	KRAS c.34G>C (G12R) Mutation in Thyroid Cancer
KRAS	ENSG00000133703.10	p.G12S	point_mutation	https://www.mycancergenome.org/content/disease/thyroid-cancer/kras/36/	KRAS c.34G>A (G12S) Mutation in Thyroid Cancer
KRAS	ENSG00000133703.10	p.G12V	point_mutation	https://www.mycancergenome.org/content/disease/thyroid-cancer/kras/37/	KRAS c.35G>T (G12V) Mutation in Thyroid Cancer
KRAS	ENSG00000133703.10	p.G13D	point_mutation	https://www.mycancergenome.org/content/disease/thyroid-cancer/kras/39/	KRAS c.38G>A (G13D) Mutation in Thyroid Cancer
KRAS	ENSG00000133703.10	p.G13R	point_mutation	https://www.mycancergenome.org/content/disease/thyroid-cancer/kras/40/	KRAS c.37G>C (G13R) Mutation in Thyroid Cancer
KRAS	ENSG00000133703.10	p.Q61K	point_mutation	https://www.mycancergenome.org/content/disease/thyroid-cancer/kras/41/	KRAS c.181C>A (Q61K) Mutation in Thyroid Cancer
KRAS	ENSG00000133703.10	p.Q61L	point_mutation	https://www.mycancergenome.org/content/disease/thyroid-cancer/kras/42/	KRAS c.182A>T (Q61L) Mutation in Thyroid Cancer
KRAS	ENSG00000133703.10	p.Q61R	point_mutation	https://www.mycancergenome.org/content/disease/thyroid-cancer/kras/43/	KRAS c.182A>G (Q61R) Mutation in Thyroid Cancer
KRAS	ENSG00000133703.10	p.G13S	point_mutation	https://www.mycancergenome.org/content/disease/thyroid-cancer/kras/69/	KRAS c.37G>A (G13S) Mutation in Thyroid Cancer
NRAS	ENSG00000213281.4	p.Q61K	point_mutation	https://www.mycancergenome.org/content/disease/thyroid-cancer/nras/75/	NRAS c.181C>A (Q61K) Mutation in Thyroid Cancer
NRAS	ENSG00000213281.4	p.Q61R	point_mutation	https://www.mycancergenome.org/content/disease/thyroid-cancer/nras/77/	NRAS c.182A>G (Q61R) Mutation in Thyroid Cancer
RET	ENSG00000165731.16	p.M918T	point_mutation	https://www.mycancergenome.org/content/disease/thyroid-cancer/ret/128/	RET M918T Mutations in Thyroid Cancer
MYD88	ENSG00000172936.11	p.L265P	point_mutation	https://www.mycancergenome.org/content/disease/waldenstrom-macroglobulinemia/myd88/369/	MYD88 c.794T>C (L265P)  Mutation in Waldenstrom Macroglobulinemia
