name	url	index	is_association	alteration	disease	therapy	type	gene	fusion.gene
CRLF2 c.695T>G (F232C) Mutation in Acute Lymphoblastic Leukemia	/content/disease/acute-lymphoblastic-leukemia/crlf2/199/	1	FALSE	F232C	Acute Lymphoblastic Leukemia		point_mutation	CRLF2	
CRLF2 Fusions in Acute Lymphoblastic Leukemia	/content/disease/acute-lymphoblastic-leukemia/crlf2/208/	2	FALSE		Acute Lymphoblastic Leukemia		fusion	CRLF2	*
JAK2 c.2047A>G (R683G) Mutation in Acute Lymphoblastic Leukemia	/content/disease/acute-lymphoblastic-leukemia/jak2/200/	3	FALSE	R683G	Acute Lymphoblastic Leukemia		point_mutation	JAK2	
JAK2 c.2049A>T (R683S) Mutation in Acute Lymphoblastic Leukemia	/content/disease/acute-lymphoblastic-leukemia/jak2/201/	4	FALSE	R683S	Acute Lymphoblastic Leukemia		point_mutation	JAK2	
JAK2 c.2049A>C (R683S) Mutation in Acute Lymphoblastic Leukemia	/content/disease/acute-lymphoblastic-leukemia/jak2/202/	5	FALSE	R683S	Acute Lymphoblastic Leukemia		point_mutation	JAK2	
JAK2 c.2048G>C (R683T) Mutation in Acute Lymphoblastic Leukemia	/content/disease/acute-lymphoblastic-leukemia/jak2/203/	6	FALSE	R683T	Acute Lymphoblastic Leukemia		point_mutation	JAK2	
CALR c.1154_1155insTTGTC (K385fs*47) Mutation in Acute Myeloid Leukemia	/content/disease/acute-myeloid-leukemia/calr/371/	7	FALSE	K385fs*47	Acute Myeloid Leukemia		frameshift	CALR	
CALR c.1099_1150del (L367fs*46) Mutation in Acute Myeloid Leukemia	/content/disease/acute-myeloid-leukemia/calr/387/	8	FALSE	L367fs*46	Acute Myeloid Leukemia		frameshift	CALR	
CBFB-MYH11 t(16;16)(p13.1;q22) Translocation in Acute Myeloid Leukemia	/content/disease/acute-myeloid-leukemia/cbfb-myh11/252/	9	FALSE	p13.1;q22	Acute Myeloid Leukemia		translocation	CBFB	MYH11
CBFB-MYH11 inv(16)(p13.1q22) Inversion in Acute Myeloid Leukemia	/content/disease/acute-myeloid-leukemia/cbfb-myh11/258/	10	FALSE	p13.1q22	Acute Myeloid Leukemia		inversion	CBFB	MYH11
CEBPA Biallelic Mutation in Acute Myeloid Leukemia	/content/disease/acute-myeloid-leukemia/cebpa/372/	11	FALSE	Biallelic	Acute Myeloid Leukemia		mutation_other	CEBPA	
DEK-NUP214 t(6;9)(p23;q34) Translocation in Acute Myeloid Leukemia	/content/disease/acute-myeloid-leukemia/dek-nup214/255/	12	FALSE	p23;q34	Acute Myeloid Leukemia		translocation	DEK	NUP214
DNMT3A c.2644C>T (R882C) Mutation in Acute Myeloid Leukemia	/content/disease/acute-myeloid-leukemia/dnmt3a/291/	13	FALSE	R882C	Acute Myeloid Leukemia		point_mutation	DNMT3A	
DNMT3A c.2644C>A (R882S) Mutation in Acute Myeloid Leukemia	/content/disease/acute-myeloid-leukemia/dnmt3a/292/	14	FALSE	R882S	Acute Myeloid Leukemia		point_mutation	DNMT3A	
DNMT3A c.2645G>A (R882H) Mutation in Acute Myeloid Leukemia	/content/disease/acute-myeloid-leukemia/dnmt3a/293/	15	FALSE	R882H	Acute Myeloid Leukemia		point_mutation	DNMT3A	
DNMT3A c.2645G>C (R882P) Mutation in Acute Myeloid Leukemia	/content/disease/acute-myeloid-leukemia/dnmt3a/294/	16	FALSE	R882P	Acute Myeloid Leukemia		point_mutation	DNMT3A	
DNMT3A c.2644C>G (R882G) Mutation in Acute Myeloid Leukemia	/content/disease/acute-myeloid-leukemia/dnmt3a/295/	17	FALSE	R882G	Acute Myeloid Leukemia		point_mutation	DNMT3A	
DNMT3A c.2645G>T (R882L) Mutation in Acute Myeloid Leukemia	/content/disease/acute-myeloid-leukemia/dnmt3a/296/	18	FALSE	R882L	Acute Myeloid Leukemia		point_mutation	DNMT3A	
FLT3 Internal Tandem Duplication in Acute Myeloid Leukemia	/content/disease/acute-myeloid-leukemia/flt3/277/	19	FALSE	Internal Tandem	Acute Myeloid Leukemia		large_duplication	FLT3	
FLT3 c.2503G>C (D835H) Mutation in Acute Myeloid Leukemia	/content/disease/acute-myeloid-leukemia/flt3/278/	20	FALSE	D835H	Acute Myeloid Leukemia		point_mutation	FLT3	
FLT3 c.2503G>A (D835N) Mutation in Acute Myeloid Leukemia	/content/disease/acute-myeloid-leukemia/flt3/279/	21	FALSE	D835N	Acute Myeloid Leukemia		point_mutation	FLT3	
FLT3 c.2503G>T (D835Y) Mutation in Acute Myeloid Leukemia	/content/disease/acute-myeloid-leukemia/flt3/280/	22	FALSE	D835Y	Acute Myeloid Leukemia		point_mutation	FLT3	
FLT3 c. 2504A>C (D835A) Mutation in Acute Myeloid Leukemia	/content/disease/acute-myeloid-leukemia/flt3/281/	23	FALSE	D835A	Acute Myeloid Leukemia		point_mutation	FLT3	
FLT3 c.2504A>T (D835V) Mutation in Acute Myeloid Leukemia	/content/disease/acute-myeloid-leukemia/flt3/282/	24	FALSE	D835V	Acute Myeloid Leukemia		point_mutation	FLT3	
FLT3 c.2505T>G (D835E) Mutation in Acute Myeloid Leukemia	/content/disease/acute-myeloid-leukemia/flt3/283/	25	FALSE	D835E	Acute Myeloid Leukemia		point_mutation	FLT3	
FLT3 c.2506A>C (I836L) Mutation in Acute Myeloid Leukemia	/content/disease/acute-myeloid-leukemia/flt3/284/	26	FALSE	I836L	Acute Myeloid Leukemia		point_mutation	FLT3	
FLT3 c.2506A>G (I836V) Mutation in Acute Myeloid Leukemia	/content/disease/acute-myeloid-leukemia/flt3/285/	27	FALSE	I836V	Acute Myeloid Leukemia		point_mutation	FLT3	
FLT3 c.2506_2507delATinsGA (I836D) Mutation in Acute Myeloid Leukemia	/content/disease/acute-myeloid-leukemia/flt3/286/	28	FALSE	I836D	Acute Myeloid Leukemia		point_mutation	FLT3	
FLT3 c.2506_2507delATinsCA (I836H) Mutation in Acute Myeloid Leukemia	/content/disease/acute-myeloid-leukemia/flt3/287/	29	FALSE	I836H	Acute Myeloid Leukemia		point_mutation	FLT3	
FLT3 c.2505T>A (D835E) Mutation in Acute Myeloid Leukemia 	/content/disease/acute-myeloid-leukemia/flt3/288/	30	FALSE	D835E	Acute Myeloid Leukemia 		point_mutation	FLT3	
FLT3 c.2506A>T (I836F) Mutation in Acute Myeloid Leukemia	/content/disease/acute-myeloid-leukemia/flt3/289/	31	FALSE	I836F	Acute Myeloid Leukemia		point_mutation	FLT3	
FLT3 c.2508C>G (I836M) Mutation in Acute Myeloid Leukemia 	/content/disease/acute-myeloid-leukemia/flt3/290/	32	FALSE	I836M	Acute Myeloid Leukemia 		point_mutation	FLT3	
IDH1 c.394C>T (R132C) Mutation in Acute Myeloid Leukemia 	/content/disease/acute-myeloid-leukemia/idh1/260/	33	FALSE	R132C	Acute Myeloid Leukemia 		point_mutation	IDH1	
IDH1 c.394C>G (R132G) Mutation in Acute Myeloid Leukemia	/content/disease/acute-myeloid-leukemia/idh1/261/	34	FALSE	R132G	Acute Myeloid Leukemia		point_mutation	IDH1	
IDH1 c.394C>A (R132S) Mutation in Acute Myeloid Leukemia	/content/disease/acute-myeloid-leukemia/idh1/262/	35	FALSE	R132S	Acute Myeloid Leukemia		point_mutation	IDH1	
IDH1 c.395G>A (R132H) Mutation in Acute Myeloid Leukemia	/content/disease/acute-myeloid-leukemia/idh1/263/	36	FALSE	R132H	Acute Myeloid Leukemia		point_mutation	IDH1	
IDH1 c.395G>T (R132L) Mutation in Acute Myeloid Leukemia	/content/disease/acute-myeloid-leukemia/idh1/264/	37	FALSE	R132L	Acute Myeloid Leukemia		point_mutation	IDH1	
IDH1 c.395G>C (R132P) Mutation in Acute Myeloid Leukemia	/content/disease/acute-myeloid-leukemia/idh1/265/	38	FALSE	R132P	Acute Myeloid Leukemia		point_mutation	IDH1	
IDH2 c.419G>A (R140Q) Mutation in Acute Myeloid Leukemia	/content/disease/acute-myeloid-leukemia/idh2/266/	39	FALSE	R140Q	Acute Myeloid Leukemia		point_mutation	IDH2	
IDH2 c.418C>T (R140W) Mutation in Acute Myeloid Leukemia	/content/disease/acute-myeloid-leukemia/idh2/267/	40	FALSE	R140W	Acute Myeloid Leukemia		point_mutation	IDH2	
IDH2 c.419G>T (R140L) Mutation in Acute Myeloid Leukemia	/content/disease/acute-myeloid-leukemia/idh2/268/	41	FALSE	R140L	Acute Myeloid Leukemia		point_mutation	IDH2	
IDH2 c.418C>G (R140G) Mutation in Acute Myeloid Leukemia	/content/disease/acute-myeloid-leukemia/idh2/269/	42	FALSE	R140G	Acute Myeloid Leukemia		point_mutation	IDH2	
IDH2 c.515G>A (R172K) Mutation in Acute Myeloid Leukemia	/content/disease/acute-myeloid-leukemia/idh2/270/	43	FALSE	R172K	Acute Myeloid Leukemia		point_mutation	IDH2	
IDH2 c.515G>T (R172M) Mutation in Acute Myeloid Leukemia	/content/disease/acute-myeloid-leukemia/idh2/271/	44	FALSE	R172M	Acute Myeloid Leukemia		point_mutation	IDH2	
IDH2 c.516G>C (R172S) Mutation in Acute Myeloid Leukemia	/content/disease/acute-myeloid-leukemia/idh2/272/	45	FALSE	R172S	Acute Myeloid Leukemia		point_mutation	IDH2	
KIT Exon 8 Mutation in Acute Myeloid Leukemia	/content/disease/acute-myeloid-leukemia/kit/273/	46	FALSE	Exon 8	Acute Myeloid Leukemia		mutation_other	KIT	
KIT c.2446G>T (D816Y) Mutation in Acute Myeloid Leukemia	/content/disease/acute-myeloid-leukemia/kit/274/	47	FALSE	D816Y	Acute Myeloid Leukemia		point_mutation	KIT	
KIT c.2447A>T (D816V) Mutation in Acute Myeloid Leukemia	/content/disease/acute-myeloid-leukemia/kit/275/	48	FALSE	D816V	Acute Myeloid Leukemia		point_mutation	KIT	
KIT c.2446_2447delGAinsAT (D816I) Mutation in Acute Myeloid Leukemia	/content/disease/acute-myeloid-leukemia/kit/276/	49	FALSE	D816I	Acute Myeloid Leukemia		point_mutation	KIT	
KIT c.2446G>C (D816H) Mutation in Acute Myeloid Leukemia 	/content/disease/acute-myeloid-leukemia/kit/84/	50	FALSE	D816H	Acute Myeloid Leukemia 		point_mutation	KIT	
MLL-MLLT3 t(9;11)(p22;q23) Translocation in Acute Myeloid Leukemia	/content/disease/acute-myeloid-leukemia/mll-mllt3/254/	51	FALSE	p22;q23	Acute Myeloid Leukemia		translocation	MLL	MLLT3
NPM1 Exon 12 Mutations in Acute Myeloid Leukemia	/content/disease/acute-myeloid-leukemia/npm1/373/	52	FALSE	Exon 12	Acute Myeloid Leukemia		mutation_other	NPM1	
PML-RARA t(15;17)(q22;q12) Translocation in Acute Myeloid Leukemia	/content/disease/acute-myeloid-leukemia/pml-rara/253/	53	FALSE	q22;q12	Acute Myeloid Leukemia		translocation	PML	RARA
RBM15-MKL1 t(1;22)(p13;q13) Translocation in Acute Myeloid Leukemia	/content/disease/acute-myeloid-leukemia/rbm15-mkl1/257/	54	FALSE	p13;q13	Acute Myeloid Leukemia		translocation	RBM15	MKL1
RPN1-EVI1 (RPN1-MECOM) inv(3)(q21q26.2) Inversion in Acute Myeloid Leukemia	/content/disease/acute-myeloid-leukemia/rpn1-evi1/256/	55	FALSE	q21q26.2	Acute Myeloid Leukemia		inversion	RPN1	MECOM
RPN1-EVI1 (RPN1-MECOM) t(3;3)(q21;q26.2) Translocation in Acute Myeloid Leukemia	/content/disease/acute-myeloid-leukemia/rpn1-evi1/259/	56	FALSE	q21;q26.2	Acute Myeloid Leukemia		translocation	RPN1	MECOM
RUNX1-RUNX1T1 t(8;21)(q22;q22) Translocation in Acute Myeloid Leukemia	/content/disease/acute-myeloid-leukemia/runx1-runx1t1/251/	57	FALSE	q22;q22	Acute Myeloid Leukemia		translocation	RUNX1	RUNX1T1
TET2 Mutations in Acute Myeloid Leukemia	/content/disease/acute-myeloid-leukemia/tet2/330/	58	FALSE		Acute Myeloid Leukemia		mutation_ns	TET2	
ALK Fusions in Anaplastic Large Cell Lymphoma	/content/disease/anaplastic-large-cell-lymphoma/alk/66/	59	FALSE		Anaplastic Large Cell Lymphoma		fusion	ALK	*
SMO c.1417G>C (D473H) Mutation in Basal Cell Carcinoma	/content/disease/basal-cell-carcinoma/smo/163/	60	FALSE	D473H	Basal Cell Carcinoma		point_mutation	SMO	
SMO c.203_204delCCinsTT (A68V) Mutation in Basal Cell Carcinoma	/content/disease/basal-cell-carcinoma/smo/164/	61	FALSE	A68V	Basal Cell Carcinoma		point_mutation	SMO	
SMO c.595C>T (R199W) Mutation in Basal Cell Carcinoma	/content/disease/basal-cell-carcinoma/smo/165/	62	FALSE	R199W	Basal Cell Carcinoma		point_mutation	SMO	
SMO c.1046_1047delCCinsTT (T349I) Mutation in Basal Cell Carcinoma	/content/disease/basal-cell-carcinoma/smo/166/	63	FALSE	T349I	Basal Cell Carcinoma		point_mutation	SMO	
SMO c.1452_1453delCCinsTT (R485W) Mutation in Basal Cell Carcinoma	/content/disease/basal-cell-carcinoma/smo/167/	64	FALSE	R485W	Basal Cell Carcinoma		point_mutation	SMO	
SMO c.1542_1543delCCinsTT (L515F) Mutation in Basal Cell Carcinoma	/content/disease/basal-cell-carcinoma/smo/168/	65	FALSE	L515F	Basal Cell Carcinoma		point_mutation	SMO	
SMO c.1604G>T (W535L) Mutation in Basal Cell Carcinoma	/content/disease/basal-cell-carcinoma/smo/169/	66	FALSE	W535L	Basal Cell Carcinoma		point_mutation	SMO	
SMO c.1685G>A (R562Q) Mutation in Basal Cell Carcinoma	/content/disease/basal-cell-carcinoma/smo/170/	67	FALSE	R562Q	Basal Cell Carcinoma		point_mutation	SMO	
SMO c.1955C>T (A652V) Mutation in Basal Cell Carcinoma	/content/disease/basal-cell-carcinoma/smo/171/	68	FALSE	A652V	Basal Cell Carcinoma		point_mutation	SMO	
SMO c.2263_2264delCCinsTT (P755F) Mutation in Basal Cell Carcinoma	/content/disease/basal-cell-carcinoma/smo/172/	69	FALSE	P755F	Basal Cell Carcinoma		point_mutation	SMO	
FGFR3 Fusion in Bladder Cancer	/content/disease/bladder-cancer/fgfr3/341/	70	FALSE		Bladder Cancer		fusion	FGFR3	*
FGFR3 c.746C>G (S249C) Mutation in Bladder Cancer	/content/disease/bladder-cancer/fgfr3/356/	71	FALSE	S249C	Bladder Cancer		point_mutation	FGFR3	
FGFR3 c.1114G>T (G372C) Mutation in Bladder Cancer	/content/disease/bladder-cancer/fgfr3/360/	72	FALSE	G372C	Bladder Cancer		point_mutation	FGFR3	
FGFR3 c.1954A>C (K652E) Mutation in Bladder Cancer	/content/disease/bladder-cancer/fgfr3/361/	73	FALSE	K652E	Bladder Cancer		point_mutation	FGFR3	
FGFR3 c.1955A>T (K652M) Mutation in Bladder Cancer	/content/disease/bladder-cancer/fgfr3/362/	74	FALSE	K652M	Bladder Cancer		point_mutation	FGFR3	
FGFR3 c.1954A>G (K652Q) Mutation in Bladder Cancer	/content/disease/bladder-cancer/fgfr3/363/	75	FALSE	K652Q	Bladder Cancer		point_mutation	FGFR3	
FGFR3 c.1955A>C (K652T) Mutation in Bladder Cancer	/content/disease/bladder-cancer/fgfr3/364/	76	FALSE	K652T	Bladder Cancer		point_mutation	FGFR3	
FGFR3 c.742C>T (R248C) Mutation in Bladder Cancer	/content/disease/bladder-cancer/fgfr3/365/	77	FALSE	R248C	Bladder Cancer		point_mutation	FGFR3	
FGFR3 c.1124A>G (Y375C) Mutation in Bladder Cancer	/content/disease/bladder-cancer/fgfr3/366/	78	FALSE	Y375C	Bladder Cancer		point_mutation	FGFR3	
TSC1 c.1907_1908del (E636fs) Mutation in Bladder Cancer	/content/disease/bladder-cancer/tsc1/237/	79	FALSE	E636fs	Bladder Cancer		frameshift	TSC1	
AKT1 c.49G>A (E17K) Mutation in Breast Cancer	/content/disease/breast-cancer/akt1/23/	80	FALSE	E17K	Breast Cancer		point_mutation	AKT1	
AR Expression in Breast Cancer	/content/disease/breast-cancer/ar/311/	81	FALSE		Breast Cancer		expression	AR	
ER (ESR1) Expression in Breast Cancer	/content/disease/breast-cancer/esr1/248/	82	FALSE		Breast Cancer		expression	ESR1	
ESR1 Mutations Associated with Acquired Resistance to Antiestrogen Therapy	/content/disease/breast-cancer/esr1/314/	83	TRUE			Acquired Resistance to Antiestrogen Therapy	mutation_ns	ESR1	
FGFR1 Amplification in Breast Cancer	/content/disease/breast-cancer/fgfr1/58/	84	FALSE		Breast Cancer		amplification	FGFR1	
FGFR2 Amplification in Breast Cancer	/content/disease/breast-cancer/fgfr2/309/	85	FALSE		Breast Cancer		amplification	FGFR2	
FGFR3 c.746C>G (S249C) Mutation in Breast Cancer	/content/disease/breast-cancer/fgfr3/356/	86	FALSE	S249C	Breast Cancer		point_mutation	FGFR3	
FGFR3 Amplification in Breast Cancer	/content/disease/breast-cancer/fgfr3/357/	87	FALSE		Breast Cancer		amplification	FGFR3	
HER2 (ERBB2) Amplification in Breast Cancer	/content/disease/breast-cancer/erbb2/119/	88	FALSE		Breast Cancer		amplification	ERBB2	
HER2 (ERBB2) Overexpression in Breast Cancer	/content/disease/breast-cancer/erbb2/238/	89	FALSE		Breast Cancer		overexpression	ERBB2	
HER2 (ERBB2) c.926G>C (G309A) Mutation in Breast Cancer	/content/disease/breast-cancer/erbb2/239/	90	FALSE	G309A	Breast Cancer		point_mutation	ERBB2	
HER2 (ERBB2) c.2305G>C (D769H) Mutation in Breast Cancer	/content/disease/breast-cancer/erbb2/240/	91	FALSE	D769H	Breast Cancer		point_mutation	ERBB2	
HER2 (ERBB2) c.2305G>T (D769Y) Mutation in Breast Cancer	/content/disease/breast-cancer/erbb2/241/	92	FALSE	D769Y	Breast Cancer		point_mutation	ERBB2	
HER2 (ERBB2) c.2264_2278del (L755_T759del) Mutation in Breast Cancer	/content/disease/breast-cancer/erbb2/242/	93	FALSE	L755_T759del	Breast Cancer		small_deletion	ERBB2	
HER2 (ERBB2) c.2339_2340ins (G778_P780dup) Mutation in Breast Cancer	/content/disease/breast-cancer/erbb2/243/	94	FALSE	G778_P780dup	Breast Cancer		duplication	ERBB2	
HER2 (ERBB2) c.2524G>A (V842I) Mutation in Breast Cancer	/content/disease/breast-cancer/erbb2/244/	95	FALSE	V842I	Breast Cancer		point_mutation	ERBB2	
HER2 (ERBB2) c.2686C>T (R896C) Mutation in Breast Cancer	/content/disease/breast-cancer/erbb2/245/	96	FALSE	R896C	Breast Cancer		point_mutation	ERBB2	
HER2 (ERBB2) c.2264T>C (L755S) Mutation in Breast Cancer	/content/disease/breast-cancer/erbb2/246/	97	FALSE	L755S	Breast Cancer		point_mutation	ERBB2	
HER2 (ERBB2) c.2329G>T (V777L) Mutation in Breast Cancer	/content/disease/breast-cancer/erbb2/247/	98	FALSE	V777L	Breast Cancer		point_mutation	ERBB2	
PIK3CA c.3140A>T (H1047L) Mutation in Breast Cancer	/content/disease/breast-cancer/pik3ca/10/	99	FALSE	H1047L	Breast Cancer		point_mutation	PIK3CA	
PIK3CA  c.3140A>G (H1047R) Mutation in Breast Cancer	/content/disease/breast-cancer/pik3ca/11/	100	FALSE	H1047R	Breast Cancer		point_mutation	PIK3CA	
PIK3CA c.1634A>G (E545G) Mutation in Breast Cancer	/content/disease/breast-cancer/pik3ca/13/	101	FALSE	E545G	Breast Cancer		point_mutation	PIK3CA	
PIK3CA c.1634A>T (E545V) Mutation in Breast Cancer	/content/disease/breast-cancer/pik3ca/14/	102	FALSE	E545V	Breast Cancer		point_mutation	PIK3CA	
PIK3CA c.1636C>G (Q546E) Mutation in Breast Cancer	/content/disease/breast-cancer/pik3ca/15/	103	FALSE	Q546E	Breast Cancer		point_mutation	PIK3CA	
PIK3CA c.1636C>A (Q546K) Mutation in Breast Cancer	/content/disease/breast-cancer/pik3ca/16/	104	FALSE	Q546K	Breast Cancer		point_mutation	PIK3CA	
PIK3CA c.1637A>T (Q546L) Mutation in Breast Cancer	/content/disease/breast-cancer/pik3ca/17/	105	FALSE	Q546L	Breast Cancer		point_mutation	PIK3CA	
PIK3CA c.1637A>C (Q546P) Mutation in Breast Cancer	/content/disease/breast-cancer/pik3ca/18/	106	FALSE	Q546P	Breast Cancer		point_mutation	PIK3CA	
PIK3CA c.1637A>G (Q546R) Mutation in Breast Cancer	/content/disease/breast-cancer/pik3ca/19/	107	FALSE	Q546R	Breast Cancer		point_mutation	PIK3CA	
PIK3CA c.1645G>A (D549N) Mutation in Breast Cancer	/content/disease/breast-cancer/pik3ca/20/	108	FALSE	D549N	Breast Cancer		point_mutation	PIK3CA	
PIK3CA c.1624G>A (E542K) Mutation in Breast Cancer	/content/disease/breast-cancer/pik3ca/7/	109	FALSE	E542K	Breast Cancer		point_mutation	PIK3CA	
PIK3CA c.1633G>A (E545K) Mutation in Breast Cancer	/content/disease/breast-cancer/pik3ca/8/	110	FALSE	E545K	Breast Cancer		point_mutation	PIK3CA	
PIK3CA c.1633G>C (E545Q) Mutation in Breast Cancer	/content/disease/breast-cancer/pik3ca/9/	111	FALSE	E545Q	Breast Cancer		point_mutation	PIK3CA	
PR (PGR) Expression in Breast Cancer	/content/disease/breast-cancer/pgr/249/	112	FALSE		Breast Cancer		expression	PGR	
PTEN c.477G>T (R159S) Mutations in Breast Cancer	/content/disease/breast-cancer/pten/24/	113	FALSE	R159S	Breast Cancer		point_mutation	PTEN	
PTEN c.697C>T (R233*) Mutations in Breast Cancer	/content/disease/breast-cancer/pten/25/	114	FALSE	R233*	Breast Cancer		point_mutation	PTEN	
PTEN c.800delA (K267fs*9) Mutations in Breast Cancer	/content/disease/breast-cancer/pten/26/	115	FALSE	K267fs*9	Breast Cancer		frameshift	PTEN	
BIRC3 Truncating Mutations in Chronic Lymphocytic Leukemia	/content/disease/chronic-lymphocytic-leukemia/birc3/342/	116	FALSE	Truncating	Chronic Lymphocytic Leukemia		mutation_other	BIRC3	
NOTCH1 c.7541_7542delCT (P2514fs) Mutation in Chronic Lymphocytic Leukemia	/content/disease/chronic-lymphocytic-leukemia/notch1/344/	117	FALSE	P2514fs	Chronic Lymphocytic Leukemia		frameshift	NOTCH1	
NOTCH1 Truncating Mutations in Chronic Lymphocytic Leukemia	/content/disease/chronic-lymphocytic-leukemia/notch1/345/	118	FALSE	Truncating	Chronic Lymphocytic Leukemia		mutation_other	NOTCH1	
BCR-ABL1 Fusions in Chronic Myeloid Leukemia	/content/disease/chronic-myeloid-leukemia/bcr-abl1/219/	119	FALSE		Chronic Myeloid Leukemia		fusion	BCR	ABL1
Other BCR-ABL1 Mutations in Chronic Myeloid Leukemia	/content/disease/chronic-myeloid-leukemia/bcr-abl1/220/	120	FALSE	BCR-ABL1	Chronic Myeloid Leukemia		mutation_other	Other	
BCR-ABL1 c.1075T>G (F359V) Mutation in Chronic Myeloid Leukemia	/content/disease/chronic-myeloid-leukemia/bcr-abl1/221/	121	FALSE	F359V	Chronic Myeloid Leukemia		BCR-ABL1_point_mutation	BCR	ABL1
BCR-ABL1 c.1075T>A (F359I) Mutation in Chronic Myeloid Leukemia	/content/disease/chronic-myeloid-leukemia/bcr-abl1/222/	122	FALSE	F359I	Chronic Myeloid Leukemia		BCR-ABL1_point_mutation	BCR	ABL1
BCR-ABL1 c.1076T>G (F359C) Mutation in Chronic Myeloid Leukemia	/content/disease/chronic-myeloid-leukemia/bcr-abl1/223/	123	FALSE	F359C	Chronic Myeloid Leukemia		BCR-ABL1_point_mutation	BCR	ABL1
BCR-ABL1 c.764A>T (E255V) Mutation in Chronic Myeloid Leukemia	/content/disease/chronic-myeloid-leukemia/bcr-abl1/224/	124	FALSE	E255V	Chronic Myeloid Leukemia		BCR-ABL1_point_mutation	BCR	ABL1
BCR-ABL1 c.949T>G (F317V) Mutation in Chronic Myeloid Leukemia	/content/disease/chronic-myeloid-leukemia/bcr-abl1/225/	125	FALSE	F317V	Chronic Myeloid Leukemia		BCR-ABL1_point_mutation	BCR	ABL1
BCR-ABL1 c.951C>G (F317L) Mutation in Chronic Myeloid Leukemia	/content/disease/chronic-myeloid-leukemia/bcr-abl1/226/	126	FALSE	F317L	Chronic Myeloid Leukemia		BCR-ABL1_point_mutation	BCR	ABL1
BCR-ABL1 c.949T>C (F317L) Mutation in Chronic Myeloid Leukemia	/content/disease/chronic-myeloid-leukemia/bcr-abl1/227/	127	FALSE	F317L	Chronic Myeloid Leukemia		BCR-ABL1_point_mutation	BCR	ABL1
BCR-ABL1 c.951C>A (F317L) Mutation in Chronic Myeloid Leukemia	/content/disease/chronic-myeloid-leukemia/bcr-abl1/228/	128	FALSE	F317L	Chronic Myeloid Leukemia		BCR-ABL1_point_mutation	BCR	ABL1
BCR-ABL1 c.949T>A (F317I) Mutation in Chronic Myeloid Leukemia	/content/disease/chronic-myeloid-leukemia/bcr-abl1/229/	129	FALSE	F317I	Chronic Myeloid Leukemia		BCR-ABL1_point_mutation	BCR	ABL1
BCR-ABL1 c.950T>G (F317C) Mutation in Chronic Myeloid Leukemia	/content/disease/chronic-myeloid-leukemia/bcr-abl1/230/	130	FALSE	F317C	Chronic Myeloid Leukemia		BCR-ABL1_point_mutation	BCR	ABL1
BCR-ABL1 c.944C>T (T315I) Mutation in Chronic Myeloid Leukemia	/content/disease/chronic-myeloid-leukemia/bcr-abl1/231/	131	FALSE	T315I	Chronic Myeloid Leukemia		BCR-ABL1_point_mutation	BCR	ABL1
BCR-ABL1 c.943A>G (T315A) Mutation in Chronic Myeloid Leukemia 	/content/disease/chronic-myeloid-leukemia/bcr-abl1/232/	132	FALSE	T315A	Chronic Myeloid Leukemia 		BCR-ABL1_point_mutation	BCR	ABL1
BCR-ABL1 c.895G>T (V299L) Mutation in Chronic Myeloid Leukemia	/content/disease/chronic-myeloid-leukemia/bcr-abl1/233/	133	FALSE	V299L	Chronic Myeloid Leukemia		BCR-ABL1_point_mutation	BCR	ABL1
BCR-ABL1 c.895G>C (V299L) Mutation in Chronic Myeloid Leukemia	/content/disease/chronic-myeloid-leukemia/bcr-abl1/234/	134	FALSE	V299L	Chronic Myeloid Leukemia		BCR-ABL1_point_mutation	BCR	ABL1
BCR-ABL1 c.763G>A (E255K) Mutation in Chronic Myeloid Leukemia	/content/disease/chronic-myeloid-leukemia/bcr-abl1/235/	135	FALSE	E255K	Chronic Myeloid Leukemia		BCR-ABL1_point_mutation	BCR	ABL1
BCR-ABL1 c.757T>C (Y253H) Mutation in Chronic Myeloid Leukemia	/content/disease/chronic-myeloid-leukemia/bcr-abl1/236/	136	FALSE	Y253H	Chronic Myeloid Leukemia		BCR-ABL1_point_mutation	BCR	ABL1
AKT1 c.49G>A (E17K) Mutation in Colorectal Cancer 	/content/disease/colorectal-cancer/akt1/23/	137	FALSE	E17K	Colorectal Cancer 		point_mutation	AKT1	
BRAF c.1406G>A (G469E) Mutation in Colorectal Cancer	/content/disease/colorectal-cancer/braf/146/	138	FALSE	G469E	Colorectal Cancer		point_mutation	BRAF	
BRAF c.1406G>T (G469V) Mutation in Colorectal Cancer	/content/disease/colorectal-cancer/braf/147/	139	FALSE	G469V	Colorectal Cancer		point_mutation	BRAF	
BRAF c.1781A>G (D594G) Mutation in Colorectal Cancer	/content/disease/colorectal-cancer/braf/148/	140	FALSE	D594G	Colorectal Cancer		point_mutation	BRAF	
BRAF c.1781A>T (D594V) Mutation in Colorectal Cancer	/content/disease/colorectal-cancer/braf/149/	141	FALSE	D594V	Colorectal Cancer		point_mutation	BRAF	
BRAF c.1786G>C (G596R) Mutation in Colorectal Cancer	/content/disease/colorectal-cancer/braf/150/	142	FALSE	G596R	Colorectal Cancer		point_mutation	BRAF	
BRAF c.1799T>A (V600E) Mutation in Colorectal Cancer	/content/disease/colorectal-cancer/braf/54/	143	FALSE	V600E	Colorectal Cancer		point_mutation	BRAF	
BRAF c.1397G>T (G466V) Mutation in Colorectal Cancer	/content/disease/colorectal-cancer/braf/70/	144	FALSE	G466V	Colorectal Cancer		point_mutation	BRAF	
BRAF c.1406G>C (G469A) Mutation in Colorectal Cancer	/content/disease/colorectal-cancer/braf/71/	145	FALSE	G469A	Colorectal Cancer		point_mutation	BRAF	
KRAS c.38G>T (G13V) Mutation in Colorectal Cancer	/content/disease/colorectal-cancer/kras/159/	146	FALSE	G13V	Colorectal Cancer		point_mutation	KRAS	
KRAS c.351A>C (K117N) Mutation in Colorectal Cancer	/content/disease/colorectal-cancer/kras/160/	147	FALSE	K117N	Colorectal Cancer		point_mutation	KRAS	
KRAS c.351A>T (K117N) Mutation in Colorectal Cancer	/content/disease/colorectal-cancer/kras/161/	148	FALSE	K117N	Colorectal Cancer		point_mutation	KRAS	
KRAS c.436G>C (A146P) Mutation in Colorectal Cancer	/content/disease/colorectal-cancer/kras/27/	149	FALSE	A146P	Colorectal Cancer		point_mutation	KRAS	
KRAS c.436G>A (A146T) Mutation in Colorectal Cancer	/content/disease/colorectal-cancer/kras/28/	150	FALSE	A146T	Colorectal Cancer		point_mutation	KRAS	
KRAS c.437C>T (A146V) Mutation in Colorectal Cancer	/content/disease/colorectal-cancer/kras/29/	151	FALSE	A146V	Colorectal Cancer		point_mutation	KRAS	
KRAS c.183A>C (Q61H) Mutation in Colorectal Cancer	/content/disease/colorectal-cancer/kras/30/	152	FALSE	Q61H	Colorectal Cancer		point_mutation	KRAS	
KRAS c.182A>C (Q61P) Mutation in Colorectal Cancer	/content/disease/colorectal-cancer/kras/308/	153	FALSE	Q61P	Colorectal Cancer		point_mutation	KRAS	
KRAS c.183A>T (Q61H) Mutation in Colorectal Cancer	/content/disease/colorectal-cancer/kras/31/	154	FALSE	Q61H	Colorectal Cancer		point_mutation	KRAS	
KRAS c.35G>C (G12A) Mutation in Colorectal Cancer	/content/disease/colorectal-cancer/kras/32/	155	FALSE	G12A	Colorectal Cancer		point_mutation	KRAS	
KRAS c.34G>T (G12C) Mutation in Colorectal Cancer	/content/disease/colorectal-cancer/kras/33/	156	FALSE	G12C	Colorectal Cancer		point_mutation	KRAS	
KRAS c.35G>A (G12D) Mutation in Colorectal Cancer	/content/disease/colorectal-cancer/kras/34/	157	FALSE	G12D	Colorectal Cancer		point_mutation	KRAS	
KRAS c.64C>A (Q22K) Mutation in Colorectal Cancer	/content/disease/colorectal-cancer/kras/347/	158	FALSE	Q22K	Colorectal Cancer		point_mutation	KRAS	
KRAS c.34G>C (G12R) Mutation in Colorectal Cancer	/content/disease/colorectal-cancer/kras/35/	159	FALSE	G12R	Colorectal Cancer		point_mutation	KRAS	
KRAS c.34G>A (G12S) Mutation in Colorectal Cancer	/content/disease/colorectal-cancer/kras/36/	160	FALSE	G12S	Colorectal Cancer		point_mutation	KRAS	
KRAS Amplification in Colorectal Cancer	/content/disease/colorectal-cancer/kras/367/	161	FALSE		Colorectal Cancer		amplification	KRAS	
KRAS c.35G>T (G12V) Mutation in Colorectal Cancer	/content/disease/colorectal-cancer/kras/37/	162	FALSE	G12V	Colorectal Cancer		point_mutation	KRAS	
KRAS c.37G>T (G13C) Mutation in Colorectal Cancer	/content/disease/colorectal-cancer/kras/38/	163	FALSE	G13C	Colorectal Cancer		point_mutation	KRAS	
KRAS c.38G>A (G13D) Mutation in Colorectal Cancer	/content/disease/colorectal-cancer/kras/39/	164	FALSE	G13D	Colorectal Cancer		point_mutation	KRAS	
KRAS c.37G>C (G13R) Mutation in Colorectal Cancer	/content/disease/colorectal-cancer/kras/40/	165	FALSE	G13R	Colorectal Cancer		point_mutation	KRAS	
KRAS c.181C>A (Q61K) Mutation in Colorectal Cancer	/content/disease/colorectal-cancer/kras/41/	166	FALSE	Q61K	Colorectal Cancer		point_mutation	KRAS	
KRAS c.182A>T (Q61L) Mutation in Colorectal Cancer	/content/disease/colorectal-cancer/kras/42/	167	FALSE	Q61L	Colorectal Cancer		point_mutation	KRAS	
KRAS c.182A>G (Q61R) Mutation in Colorectal Cancer	/content/disease/colorectal-cancer/kras/43/	168	FALSE	Q61R	Colorectal Cancer		point_mutation	KRAS	
No KRAS and No NRAS Mutation Detected in Colorectal Cancer	/content/disease/colorectal-cancer/kras/44/	169	FALSE	No KRAS and No NRAS Detected	Colorectal Cancer		other		
KRAS c.38G>C (G13A) Mutation in Colorectal Cancer	/content/disease/colorectal-cancer/kras/68/	170	FALSE	G13A	Colorectal Cancer		point_mutation	KRAS	
KRAS c.37G>A (G13S) Mutation in Colorectal Cancer	/content/disease/colorectal-cancer/kras/69/	171	FALSE	G13S	Colorectal Cancer		point_mutation	KRAS	
No KRAS and No NRAS Mutation Detected in Colorectal Cancer	/content/disease/colorectal-cancer/nras/316/	172	FALSE	No KRAS and No NRAS Detected	Colorectal Cancer		other		
NRAS c.181C>A (Q61K) Mutation in Colorectal Cancer	/content/disease/colorectal-cancer/nras/75/	173	FALSE	Q61K	Colorectal Cancer		point_mutation	NRAS	
NRAS c.182A>G (Q61R) Mutation in Colorectal Cancer	/content/disease/colorectal-cancer/nras/77/	174	FALSE	Q61R	Colorectal Cancer		point_mutation	NRAS	
NRAS c.35G>C (G12A) Mutation in Colorectal Cancer	/content/disease/colorectal-cancer/nras/85/	175	FALSE	G12A	Colorectal Cancer		point_mutation	NRAS	
NRAS c.34G>T (G12C) Mutation in Colorectal Cancer	/content/disease/colorectal-cancer/nras/86/	176	FALSE	G12C	Colorectal Cancer		point_mutation	NRAS	
NRAS c.35G>A (G12D) Mutation in Colorectal Cancer	/content/disease/colorectal-cancer/nras/87/	177	FALSE	G12D	Colorectal Cancer		point_mutation	NRAS	
NRAS c.34G>A (G12S) Mutation in Colorectal Cancer	/content/disease/colorectal-cancer/nras/89/	178	FALSE	G12S	Colorectal Cancer		point_mutation	NRAS	
NRAS c.35G>T (G12V) Mutation in Colorectal Cancer	/content/disease/colorectal-cancer/nras/90/	179	FALSE	G12V	Colorectal Cancer		point_mutation	NRAS	
PIK3CA c.3140A>T (H1047L) Mutation in Colorectal Cancer	/content/disease/colorectal-cancer/pik3ca/10/	180	FALSE	H1047L	Colorectal Cancer		point_mutation	PIK3CA	
PIK3CA c.3140A>G (H1047R) Mutation in Colorectal Cancer	/content/disease/colorectal-cancer/pik3ca/11/	181	FALSE	H1047R	Colorectal Cancer		point_mutation	PIK3CA	
PIK3CA c.1634A>G (E545G) Mutation in Colorectal Cancer	/content/disease/colorectal-cancer/pik3ca/13/	182	FALSE	E545G	Colorectal Cancer		point_mutation	PIK3CA	
PIK3CA c.1634A>T (E545V) Mutation in Colorectal Cancer	/content/disease/colorectal-cancer/pik3ca/14/	183	FALSE	E545V	Colorectal Cancer		point_mutation	PIK3CA	
PIK3CA c.1636C>G (Q546E) Mutation in Colorectal Cancer	/content/disease/colorectal-cancer/pik3ca/15/	184	FALSE	Q546E	Colorectal Cancer		point_mutation	PIK3CA	
PIK3CA c.1636C>A (Q546K) Mutation in Colorectal Cancer	/content/disease/colorectal-cancer/pik3ca/16/	185	FALSE	Q546K	Colorectal Cancer		point_mutation	PIK3CA	
PIK3CA c.1637A>T (Q546L) Mutation in Colorectal Cancer	/content/disease/colorectal-cancer/pik3ca/17/	186	FALSE	Q546L	Colorectal Cancer		point_mutation	PIK3CA	
PIK3CA c.1637A>C (Q546P) Mutation in Colorectal Cancer	/content/disease/colorectal-cancer/pik3ca/18/	187	FALSE	Q546P	Colorectal Cancer		point_mutation	PIK3CA	
PIK3CA c.1637A>G (Q546R) Mutation in Colorectal Cancer	/content/disease/colorectal-cancer/pik3ca/19/	188	FALSE	Q546R	Colorectal Cancer		point_mutation	PIK3CA	
PIK3CA c.1645G>A (D549N) Mutation in Colorectal Cancer	/content/disease/colorectal-cancer/pik3ca/20/	189	FALSE	D549N	Colorectal Cancer		point_mutation	PIK3CA	
PIK3CA c.1624G>A (E542K) Mutation in Colorectal Cancer	/content/disease/colorectal-cancer/pik3ca/7/	190	FALSE	E542K	Colorectal Cancer		point_mutation	PIK3CA	
PIK3CA c.1633G>A (E545K) Mutation in Colorectal Cancer	/content/disease/colorectal-cancer/pik3ca/8/	191	FALSE	E545K	Colorectal Cancer		point_mutation	PIK3CA	
PIK3CA c.1633G>C (E545Q) Mutation in Colorectal Cancer	/content/disease/colorectal-cancer/pik3ca/9/	192	FALSE	E545Q	Colorectal Cancer		point_mutation	PIK3CA	
PTEN c.477G>T (R159S) Mutations in Colorectal Cancer	/content/disease/colorectal-cancer/pten/24/	193	FALSE	R159S	Colorectal Cancer		point_mutation	PTEN	
PTEN c.697C>T (R233*) Mutations in Colorectal Cancer 	/content/disease/colorectal-cancer/pten/25/	194	FALSE	R233*	Colorectal Cancer 		point_mutation	PTEN	
PTEN c.800delA (K267fs*9) Mutations in Colorectal Cancer	/content/disease/colorectal-cancer/pten/26/	195	FALSE	K267fs*9	Colorectal Cancer		frameshift	PTEN	
SMAD4 c.989A>C (E330A) Mutation in Colorectal Cancer	/content/disease/colorectal-cancer/smad4/151/	196	FALSE	E330A	Colorectal Cancer		point_mutation	SMAD4	
SMAD4 c.1051G>C (D351H) Mutation in Colorectal Cancer	/content/disease/colorectal-cancer/smad4/152/	197	FALSE	D351H	Colorectal Cancer		point_mutation	SMAD4	
SMAD4 c.1609G>T (D537Y) Mutation in Colorectal Cancer	/content/disease/colorectal-cancer/smad4/153/	198	FALSE	D537Y	Colorectal Cancer		point_mutation	SMAD4	
SMAD4 c.1051G>A (D351N) mutation in Colorectal Cancer	/content/disease/colorectal-cancer/smad4/154/	199	FALSE	D351N	Colorectal Cancer		point_mutation	SMAD4	
SMAD4 c.1065C>A (D355E) Mutation in Colorectal Cancer	/content/disease/colorectal-cancer/smad4/155/	200	FALSE	D355E	Colorectal Cancer		point_mutation	SMAD4	
SMAD4 c.1081C>A (R361S) Mutation in Colorectal Cancer	/content/disease/colorectal-cancer/smad4/156/	201	FALSE	R361S	Colorectal Cancer		point_mutation	SMAD4	
SMAD4 c.1081C>T (R361C) Mutation in Colorectal Cancer	/content/disease/colorectal-cancer/smad4/157/	202	FALSE	R361C	Colorectal Cancer		point_mutation	SMAD4	
SMAD4 c.1082G>A (R361H) Mutation in Colorectal Cancer	/content/disease/colorectal-cancer/smad4/158/	203	FALSE	R361H	Colorectal Cancer		point_mutation	SMAD4	
HER2 (ERBB2) Amplification in Gastric Cancer	/content/disease/gastric-cancer/erbb2/119/	204	FALSE		Gastric Cancer		amplification	ERBB2	
BRAF c.1799T>A (V600E) mutation in GIST	/content/disease/gist/braf/54/	205	FALSE	V600E	GIST		point_mutation	BRAF	
No Mutation Detected in KIT, PDGFRA and BRAF in GIST	/content/disease/gist/braf/55/	206	FALSE	No Detected in KIT, PDGFRA and BRAF	GIST		other		
KIT Exon 9 Mutation in GIST	/content/disease/gist/kit/46/	207	FALSE	Exon 9	GIST		mutation_other	KIT	
KIT Exon 11 Mutation in GIST	/content/disease/gist/kit/47/	208	FALSE	Exon 11	GIST		mutation_other	KIT	
KIT Exon 13 Mutation in GIST	/content/disease/gist/kit/49/	209	FALSE	Exon 13	GIST		mutation_other	KIT	
KIT Exon 14 Mutation in GIST	/content/disease/gist/kit/50/	210	FALSE	Exon 14	GIST		mutation_other	KIT	
KIT Exon 17 Mutation in GIST	/content/disease/gist/kit/52/	211	FALSE	Exon 17	GIST		mutation_other	KIT	
No Mutation Detected in KIT, PDGFRA and BRAF in GIST	/content/disease/gist/kit/56/	212	FALSE	No Detected in KIT, PDGFRA and BRAF	GIST		other		
PDGFRA Exon 18 Mutation in GIST (D842V)	/content/disease/gist/pdgfra/45/	213	FALSE	Exon 18	GIST (D842V)		mutation_other	PDGFRA	
PDGFRA Exon 12 Mutation in GIST	/content/disease/gist/pdgfra/48/	214	FALSE	Exon 12	GIST		mutation_other	PDGFRA	
PDGFRA Exon 14 Mutation in GIST	/content/disease/gist/pdgfra/51/	215	FALSE	Exon 14	GIST		mutation_other	PDGFRA	
PDGFRA Exon 18 Mutation in GIST	/content/disease/gist/pdgfra/53/	216	FALSE	Exon 18	GIST		mutation_other	PDGFRA	
No Mutation Detected in KIT, PDGFRA and BRAF in GIST	/content/disease/gist/pdgfra/57/	217	FALSE	No Detected in KIT, PDGFRA and BRAF	GIST		other		
BRAF c.1799T>A (V600E) Mutation in Glioma	/content/disease/glioma/braf/54/	218	FALSE	V600E	Glioma		point_mutation	BRAF	
IDH1 c.394C>T (R132C) Mutation in Glioma	/content/disease/glioma/idh1/260/	219	FALSE	R132C	Glioma		point_mutation	IDH1	
IDH1 c.394C>G (R132G) Mutation in Glioma	/content/disease/glioma/idh1/261/	220	FALSE	R132G	Glioma		point_mutation	IDH1	
IDH1 c.394C>A (R132S) Mutation in Glioma	/content/disease/glioma/idh1/262/	221	FALSE	R132S	Glioma		point_mutation	IDH1	
IDH1 c.395G>A (R132H) Mutation in Glioma	/content/disease/glioma/idh1/263/	222	FALSE	R132H	Glioma		point_mutation	IDH1	
IDH1 c.395G>T (R132L) Mutation in Glioma	/content/disease/glioma/idh1/264/	223	FALSE	R132L	Glioma		point_mutation	IDH1	
IDH2 c.515G>A (R172K) Mutation in Glioma	/content/disease/glioma/idh2/270/	224	FALSE	R172K	Glioma		point_mutation	IDH2	
IDH2 c.515G>T (R172M) Mutation in Glioma	/content/disease/glioma/idh2/271/	225	FALSE	R172M	Glioma		point_mutation	IDH2	
IDH2 c.516G>C (R172S) Mutation in Glioma	/content/disease/glioma/idh2/272/	226	FALSE	R172S	Glioma		point_mutation	IDH2	
IDH2 c.514A>G (R172G) Mutation in Glioma	/content/disease/glioma/idh2/317/	227	FALSE	R172G	Glioma		point_mutation	IDH2	
IDH2 c.514A>T (R172W) Mutation in Glioma	/content/disease/glioma/idh2/318/	228	FALSE	R172W	Glioma		point_mutation	IDH2	
IDH2 c.516G>T (R172S) Mutation in Glioma	/content/disease/glioma/idh2/319/	229	FALSE	R172S	Glioma		point_mutation	IDH2	
ALK Fusions in Inflammatory Myofibroblastic Tumor	/content/disease/inflammatory-myofibroblastic-tumor/alk/66/	230	FALSE		Inflammatory Myofibroblastic Tumor		fusion	ALK	*
AKT1 c.49G>A (E17K) Mutations in Non-Small Cell Lung Cancer (NSCLC)	/content/disease/lung-cancer/akt1/23/	231	FALSE	E17K	Non-Small Cell Lung Cancer (NSCLC)		point_mutation	AKT1	
ALK Mutations Associated with Acquired Resistance to ALK TKI Therapy	/content/disease/lung-cancer/alk/139/	232	TRUE			Acquired Resistance to ALK TKI Therapy	mutation_ns	ALK	
ALK Fusions in Non-Small Cell Lung Cancer	/content/disease/lung-cancer/alk/66/	233	FALSE		Non-Small Cell Lung Cancer		fusion	ALK	*
BRAF c.1415A>G (Y472C) Mutation in Non-Small Cell Lung Cancer	/content/disease/lung-cancer/braf/209/	234	FALSE	Y472C	Non-Small Cell Lung Cancer		point_mutation	BRAF	
BRAF c.1405_1406delGGinsTT (G469L) Mutation in Non-Small Cell Lung Cancer	/content/disease/lung-cancer/braf/310/	235	FALSE	G469L	Non-Small Cell Lung Cancer		point_mutation	BRAF	
BRAF c.1799T>A (V600E) Mutation in Non-Small Cell Lung Cancer	/content/disease/lung-cancer/braf/54/	236	FALSE	V600E	Non-Small Cell Lung Cancer		point_mutation	BRAF	
BRAF c.1397G>T (G466V) Mutation in Non-Small Cell Lung Cancer	/content/disease/lung-cancer/braf/70/	237	FALSE	G466V	Non-Small Cell Lung Cancer		point_mutation	BRAF	
BRAF c.1406G>C (G469A) Mutation in Non-Small Cell Lung Cancer	/content/disease/lung-cancer/braf/71/	238	FALSE	G469A	Non-Small Cell Lung Cancer		point_mutation	BRAF	
BRAF c.1789C>G (L597V) Mutation in Non-Small Cell Lung Cancer	/content/disease/lung-cancer/braf/73/	239	FALSE	L597V	Non-Small Cell Lung Cancer		point_mutation	BRAF	
DDR2 c.2304T>A (S768R) Mutation in Squamous Cell Carcinoma of the Lung	/content/disease/lung-cancer/ddr2/78/	240	FALSE	S768R	Squamous Cell Carcinoma of the Lung		point_mutation	DDR2	
EGFR c.2156G>C (G719A) Mutations in Non-Small Cell Lung Cancer	/content/disease/lung-cancer/egfr/1/	241	FALSE	G719A	Non-Small Cell Lung Cancer		point_mutation	EGFR	
EGFR Exon 19 Insertion in Non-Small Cell Lung Cancer	/content/disease/lung-cancer/egfr/135/	242	FALSE	Exon 19	Non-Small Cell Lung Cancer		large_insertion	EGFR	
EGFR c.2155G>T (G719C) Mutations in Non-Small Cell Lung Cancer	/content/disease/lung-cancer/egfr/2/	243	FALSE	G719C	Non-Small Cell Lung Cancer		point_mutation	EGFR	
EGFR Exon 19 Deletion in Non-Small Cell Lung Cancer	/content/disease/lung-cancer/egfr/21/	244	FALSE	Exon 19	Non-Small Cell Lung Cancer		large_deletion	EGFR	
EGFR c.2155G>A (G719S) Mutations in Non-Small Cell Lung Cancer	/content/disease/lung-cancer/egfr/3/	245	FALSE	G719S	Non-Small Cell Lung Cancer		point_mutation	EGFR	
EGFR c.2290_2291ins (A763_Y764insFQEA) Mutation in Non-Small Cell Lung Cancer	/content/disease/lung-cancer/egfr/312/	246	FALSE	A763_Y764insFQEA	Non-Small Cell Lung Cancer		insertion	EGFR	
EGFR Status Unknown in Non-Small Cell Lung cancer	/content/disease/lung-cancer/egfr/313/	247	FALSE	EGFR Status Unknown	Non-Small Cell Lung cancer		other		
EGFR exon 18â25 Kinase Domain Duplication (EGFR-KDD) in Non-Small Cell Lung Cancer	/content/disease/lung-cancer/egfr/339/	248	FALSE	EGFR-KDD	Non-Small Cell Lung Cancer		other		
EGFR c.2303G>T (S768I) Mutation in Lung Cancer	/content/disease/lung-cancer/egfr/348/	249	FALSE	S768I	Lung Cancer		point_mutation	EGFR	
EGFR c.2390G>C (C797S) Mutation in Lung Cancer	/content/disease/lung-cancer/egfr/368/	250	FALSE	C797S	Lung Cancer		point_mutation	EGFR	
EGFR c.2369C>T (T790M) Mutation in Non-Small Cell Lung Cancer	/content/disease/lung-cancer/egfr/4/	251	FALSE	T790M	Non-Small Cell Lung Cancer		point_mutation	EGFR	
EGFR c.2573T>G (L858R) Mutation in Non-Small Cell Lung Cancer	/content/disease/lung-cancer/egfr/5/	252	FALSE	L858R	Non-Small Cell Lung Cancer		point_mutation	EGFR	
EGFR c.2582T>A (L861Q) Mutation in Non-Small Cell Lung Cancer	/content/disease/lung-cancer/egfr/6/	253	FALSE	L861Q	Non-Small Cell Lung Cancer		point_mutation	EGFR	
EGFR Exon 20 Insertion in Non-Small Cell Lung Cancer	/content/disease/lung-cancer/egfr/64/	254	FALSE	Exon 20	Non-Small Cell Lung Cancer		large_insertion	EGFR	
No EGFR Mutation Detected in Non-Small Cell Lung Cancer	/content/disease/lung-cancer/egfr/79/	255	FALSE	No EGFR Detected	Non-Small Cell Lung Cancer		other		
FGFR1 Amplification in SCC of the Lung	/content/disease/lung-cancer/fgfr1/58/	256	FALSE		SCC of the Lung		amplification	FGFR1	
FGFR3 Fusions in Lung Cancer	/content/disease/lung-cancer/fgfr3/341/	257	FALSE		Lung Cancer		fusion	FGFR3	*
HER2 (ERBB2) Exon 20 Insertion in Non-Small Cell Lung Cancer	/content/disease/lung-cancer/erbb2/65/	258	FALSE	Exon 20	Non-Small Cell Lung Cancer		large_insertion	ERBB2	
KRAS c.183A>C (Q61H) Mutation in Non-Small Cell Lung Cancer	/content/disease/lung-cancer/kras/30/	259	FALSE	Q61H	Non-Small Cell Lung Cancer		point_mutation	KRAS	
KRAS c.183A>T (Q61H) Mutation in Non-Small Cell Lung Cancer	/content/disease/lung-cancer/kras/31/	260	FALSE	Q61H	Non-Small Cell Lung Cancer		point_mutation	KRAS	
KRAS c.35G>C (G12A) Mutation in Non-Small Cell Lung Cancer	/content/disease/lung-cancer/kras/32/	261	FALSE	G12A	Non-Small Cell Lung Cancer		point_mutation	KRAS	
KRAS c.34G>T (G12C) Mutation in Non-Small Cell Lung Cancer	/content/disease/lung-cancer/kras/33/	262	FALSE	G12C	Non-Small Cell Lung Cancer		point_mutation	KRAS	
KRAS c.35G>A (G12D) Mutation in Non-Small Cell Lung Cancer	/content/disease/lung-cancer/kras/34/	263	FALSE	G12D	Non-Small Cell Lung Cancer		point_mutation	KRAS	
KRAS c.34G>C (G12R) Mutation in Non-Small Cell Lung Cancer	/content/disease/lung-cancer/kras/35/	264	FALSE	G12R	Non-Small Cell Lung Cancer		point_mutation	KRAS	
KRAS c.34G>A (G12S) Mutation in Non-Small Cell Lung Cancer	/content/disease/lung-cancer/kras/36/	265	FALSE	G12S	Non-Small Cell Lung Cancer		point_mutation	KRAS	
KRAS c.35G>T (G12V) Mutation in Non-Small Cell Lung Cancer	/content/disease/lung-cancer/kras/37/	266	FALSE	G12V	Non-Small Cell Lung Cancer		point_mutation	KRAS	
KRAS c.37G>T (G13C) Mutation in Non-Small Cell Lung Cancer	/content/disease/lung-cancer/kras/38/	267	FALSE	G13C	Non-Small Cell Lung Cancer		point_mutation	KRAS	
KRAS c.38G>A (G13D) Mutation in Non-Small Cell Lung Cancer	/content/disease/lung-cancer/kras/39/	268	FALSE	G13D	Non-Small Cell Lung Cancer		point_mutation	KRAS	
KRAS c.37G>C (G13R) Mutation in Non-Small Cell Lung Cancer	/content/disease/lung-cancer/kras/40/	269	FALSE	G13R	Non-Small Cell Lung Cancer		point_mutation	KRAS	
KRAS c.181C>A (Q61K) Mutation in Non-Small Cell Lung Cancer	/content/disease/lung-cancer/kras/41/	270	FALSE	Q61K	Non-Small Cell Lung Cancer		point_mutation	KRAS	
KRAS c.182A>T (Q61L) Mutation in Non-Small Cell Lung Cancer	/content/disease/lung-cancer/kras/42/	271	FALSE	Q61L	Non-Small Cell Lung Cancer		point_mutation	KRAS	
KRAS c.182A>G (Q61R) Mutation in Non-Small Cell Lung Cancer	/content/disease/lung-cancer/kras/43/	272	FALSE	Q61R	Non-Small Cell Lung Cancer		point_mutation	KRAS	
KRAS c.38G>C (G13A) Mutation in Non-Small Cell Lung Cancer	/content/disease/lung-cancer/kras/68/	273	FALSE	G13A	Non-Small Cell Lung Cancer		point_mutation	KRAS	
KRAS c.37G>A (G13S) Mutation in Non-Small Cell Lung Cancer	/content/disease/lung-cancer/kras/69/	274	FALSE	G13S	Non-Small Cell Lung Cancer		point_mutation	KRAS	
MEK1 (MAP2K1) c.199G>A (D67N) Mutations in Non-Small Cell Lung Cancer (NSCLC)	/content/disease/lung-cancer/map2k1/60/	275	FALSE	D67N	Non-Small Cell Lung Cancer (NSCLC)		point_mutation	MAP2K1	
MEK1 (MAP2K1) c.171G>T (K57N) Mutations in Non-Small Cell Lung Cancer (NSCLC)	/content/disease/lung-cancer/map2k1/72/	276	FALSE	K57N	Non-Small Cell Lung Cancer (NSCLC)		point_mutation	MAP2K1	
MEK1 (MAP2K1) c.167A>C (Q56P) Mutation in Non-Small Cell Lung Cancer (NSCLC)	/content/disease/lung-cancer/map2k1/74/	277	FALSE	Q56P	Non-Small Cell Lung Cancer (NSCLC)		point_mutation	MAP2K1	
MET Exon 14 Skipping Mutations in Lung Cancer	/content/disease/lung-cancer/met/343/	278	FALSE	Exon 14 Skipping	Lung Cancer		mutation_other	MET	
MET Amplification in Non-Small Cell Lung Cancer	/content/disease/lung-cancer/met/59/	279	FALSE		Non-Small Cell Lung Cancer		amplification	MET	
NRAS c.181C>A (Q61K) Mutation in Non-Small Cell Lung Cancer	/content/disease/lung-cancer/nras/75/	280	FALSE	Q61K	Non-Small Cell Lung Cancer		point_mutation	NRAS	
NRAS c.182A>T (Q61L) Mutation in Non-Small Cell Lung Cancer	/content/disease/lung-cancer/nras/76/	281	FALSE	Q61L	Non-Small Cell Lung Cancer		point_mutation	NRAS	
NRAS c.182A>G (Q61R) Mutation in Non-Small Cell Lung Cancer	/content/disease/lung-cancer/nras/77/	282	FALSE	Q61R	Non-Small Cell Lung Cancer		point_mutation	NRAS	
NRAS c.183A>C (Q61H) Mutation in Non-Small Cell Lung Cancer	/content/disease/lung-cancer/nras/80/	283	FALSE	Q61H	Non-Small Cell Lung Cancer		point_mutation	NRAS	
NRAS c.183A>T (Q61H) Mutation in Lung Cancer	/content/disease/lung-cancer/nras/81/	284	FALSE	Q61H	Lung Cancer		point_mutation	NRAS	
NRAS c.35G>C (G12A) Mutation in Non-Small Cell Lung Cancer	/content/disease/lung-cancer/nras/85/	285	FALSE	G12A	Non-Small Cell Lung Cancer		point_mutation	NRAS	
NRAS c.34G>T (G12C) Mutation in Non-Small Cell Lung Cancer	/content/disease/lung-cancer/nras/86/	286	FALSE	G12C	Non-Small Cell Lung Cancer		point_mutation	NRAS	
NRAS c.35G>A (G12D) Mutation in Non-Small Cell Lung Cancer	/content/disease/lung-cancer/nras/87/	287	FALSE	G12D	Non-Small Cell Lung Cancer		point_mutation	NRAS	
NRAS c.34G>C (G12R) Mutation in Non-Small Cell Lung Cancer	/content/disease/lung-cancer/nras/88/	288	FALSE	G12R	Non-Small Cell Lung Cancer		point_mutation	NRAS	
NRAS c.34G>A (G12S) Mutation in Non-Small Cell Lung Cancer	/content/disease/lung-cancer/nras/89/	289	FALSE	G12S	Non-Small Cell Lung Cancer		point_mutation	NRAS	
NTRK1 (TRKA) Fusions in Lung Cancer	/content/disease/lung-cancer/ntrk1/315/	290	FALSE		Lung Cancer		fusion	NTRK1	*
PD-L1 (CD274) Expression in Lung Cancer	/content/disease/lung-cancer/cd274/359/	291	FALSE		Lung Cancer		expression	CD274	
PIK3CA  c.3140A>T (H1047L) Mutation in Non-Small Cell Lung Cancer	/content/disease/lung-cancer/pik3ca/10/	292	FALSE	H1047L	Non-Small Cell Lung Cancer		point_mutation	PIK3CA	
PIK3CA c.3140A>G (H1047R) Mutation in Non-Small Cell Lung Cancer	/content/disease/lung-cancer/pik3ca/11/	293	FALSE	H1047R	Non-Small Cell Lung Cancer		point_mutation	PIK3CA	
PIK3CA c.1624G>A (E542K) Mutation in Non-Small Cell Lung Cancer	/content/disease/lung-cancer/pik3ca/7/	294	FALSE	E542K	Non-Small Cell Lung Cancer		point_mutation	PIK3CA	
PIK3CA c.1633G>A (E545K) Mutation in Non-Small Cell Lung Cancer	/content/disease/lung-cancer/pik3ca/8/	295	FALSE	E545K	Non-Small Cell Lung Cancer		point_mutation	PIK3CA	
PIK3CA c.1633G>C (E545Q) Mutation in Non-Small Cell Lung Cancer	/content/disease/lung-cancer/pik3ca/9/	296	FALSE	E545Q	Non-Small Cell Lung Cancer		point_mutation	PIK3CA	
PTEN c.697C>T  (R233*) Mutations in Non-Small Cell Lung Cancer (NSCLC)	/content/disease/lung-cancer/pten/25/	297	FALSE	R233*	Non-Small Cell Lung Cancer (NSCLC)		point_mutation	PTEN	
RET Fusions in Non-Small Cell Lung Cancer	/content/disease/lung-cancer/ret/127/	298	FALSE		Non-Small Cell Lung Cancer		fusion	RET	*
RICTOR Amplification in Lung Cancer	/content/disease/lung-cancer/rictor/340/	299	FALSE		Lung Cancer		amplification	RICTOR	
ROS1 Mutations Associated with Acquired Resistance to ROS1 TKI Therapy	/content/disease/lung-cancer/ros1/346/	300	TRUE			Acquired Resistance to ROS1 TKI Therapy	mutation_ns	ROS1	
ROS1 Fusions in Non-Small Cell Lung Cancer	/content/disease/lung-cancer/ros1/67/	301	FALSE		Non-Small Cell Lung Cancer		fusion	ROS1	*
SMO c.1417G>C (D473H) Mutation in Medulloblastoma	/content/disease/medulloblastoma/smo/163/	302	FALSE	D473H	Medulloblastoma		point_mutation	SMO	
BRAF c.1799_1800delTGinsAA (V600E) Mutation in Melanoma	/content/disease/melanoma/braf/111/	303	FALSE	V600E	Melanoma		point_mutation	BRAF	
BRAF c.1799_1800delTGinsAT (V600D) Mutation in Melanoma	/content/disease/melanoma/braf/114/	304	FALSE	V600D	Melanoma		point_mutation	BRAF	
BRAF c.1799T>G (V600G) Mutation in Melanoma	/content/disease/melanoma/braf/115/	305	FALSE	V600G	Melanoma		point_mutation	BRAF	
BRAF c.1798_1799delGTinsAA (V600K) Mutation in Melanoma	/content/disease/melanoma/braf/116/	306	FALSE	V600K	Melanoma		point_mutation	BRAF	
BRAF c.1798G>A (V600M) Mutation in Melanoma	/content/disease/melanoma/braf/117/	307	FALSE	V600M	Melanoma		point_mutation	BRAF	
BRAF c.1798_1799delGTinsAG (V600R) Mutation in Melanoma	/content/disease/melanoma/braf/118/	308	FALSE	V600R	Melanoma		point_mutation	BRAF	
BRAF c.1790T>G (L597R) Mutation in Melanoma	/content/disease/melanoma/braf/138/	309	FALSE	L597R	Melanoma		point_mutation	BRAF	
BRAF c.1781A>G (D594G) Mutation in Melanoma	/content/disease/melanoma/braf/148/	310	FALSE	D594G	Melanoma		point_mutation	BRAF	
BRAF c.1781A>T (D594V) Mutation in Melanoma	/content/disease/melanoma/braf/149/	311	FALSE	D594V	Melanoma		point_mutation	BRAF	
BRAF c.1790T>A (L597Q) Mutation in Melanoma	/content/disease/melanoma/braf/188/	312	FALSE	L597Q	Melanoma		point_mutation	BRAF	
BRAF c.1789_1790delCTinsTC (L597S) Mutation in Melanoma	/content/disease/melanoma/braf/189/	313	FALSE	L597S	Melanoma		point_mutation	BRAF	
BRAF c.1801A>G (K601E) Mutation in Melanoma	/content/disease/melanoma/braf/190/	314	FALSE	K601E	Melanoma		point_mutation	BRAF	
BRAF c.1780G>A (D594N) Mutation in Melanoma	/content/disease/melanoma/braf/298/	315	FALSE	D594N	Melanoma		point_mutation	BRAF	
BRAF c.1779_1780delTGinsGA (D594N) Mutation in Melanoma	/content/disease/melanoma/braf/299/	316	FALSE	D594N	Melanoma		point_mutation	BRAF	
BRAF c.1780G>C (D594H) Mutation in Melanoma	/content/disease/melanoma/braf/300/	317	FALSE	D594H	Melanoma		point_mutation	BRAF	
BRAF c.1782T>A (D594E) Mutation in Melanoma	/content/disease/melanoma/braf/301/	318	FALSE	D594E	Melanoma		point_mutation	BRAF	
BRAF c.1782T>G (D594E) Mutation in Melanoma	/content/disease/melanoma/braf/302/	319	FALSE	D594E	Melanoma		point_mutation	BRAF	
BRAF Fusions in Melanoma	/content/disease/melanoma/braf/334/	320	FALSE		Melanoma		fusion	BRAF	*
BRAF c.1799T>A (V600E) Mutation in Melanoma	/content/disease/melanoma/braf/54/	321	FALSE	V600E	Melanoma		point_mutation	BRAF	
BRAF c.1789C>G (L597V) Mutation in Melanoma	/content/disease/melanoma/braf/73/	322	FALSE	L597V	Melanoma		point_mutation	BRAF	
CTNNB1(beta-catenin) c.110C>T (S37F) Mutation in Melanoma	/content/disease/melanoma/ctnnb1/104/	323	FALSE	S37F	Melanoma		point_mutation	CTNNB1	
CTNNB1 (beta-catenin) c.110C>A (S37Y) Mutation in Melanoma	/content/disease/melanoma/ctnnb1/105/	324	FALSE	S37Y	Melanoma		point_mutation	CTNNB1	
CTNNB1 (beta-catenin) c.134C>T (S45F) Mutation in Melanoma	/content/disease/melanoma/ctnnb1/106/	325	FALSE	S45F	Melanoma		point_mutation	CTNNB1	
CTNNB1 (beta-catenin) c.133T>C (S45P) Mutation in Melanoma	/content/disease/melanoma/ctnnb1/107/	326	FALSE	S45P	Melanoma		point_mutation	CTNNB1	
CTNNB1 (beta-catenin) c.134C>A (S45Y) Mutation in Melanoma	/content/disease/melanoma/ctnnb1/108/	327	FALSE	S45Y	Melanoma		point_mutation	CTNNB1	
GNA11 c.626A>C (Q209P) Mutation in Melanoma	/content/disease/melanoma/gna11/101/	328	FALSE	Q209P	Melanoma		point_mutation	GNA11	
GNA11 c.546_547delCCinsTT (R183C) Mutation in Melanoma	/content/disease/melanoma/gna11/335/	329	FALSE	R183C	Melanoma		point_mutation	GNA11	
GNA11 c.547C>T (R183C) Mutation in Melanoma	/content/disease/melanoma/gna11/336/	330	FALSE	R183C	Melanoma		point_mutation	GNA11	
GNA11 c.626A>T (Q209L) Mutation in Melanoma	/content/disease/melanoma/gna11/99/	331	FALSE	Q209L	Melanoma		point_mutation	GNA11	
GNAQ c.626A>T (Q209L) Mutation in Melanoma	/content/disease/melanoma/gnaq/100/	332	FALSE	Q209L	Melanoma		point_mutation	GNAQ	
GNAQ c.626A>C (Q209P) Mutation in Melanoma	/content/disease/melanoma/gnaq/102/	333	FALSE	Q209P	Melanoma		point_mutation	GNAQ	
GNAQ c.626A>G (Q209R) Mutation in Melanoma	/content/disease/melanoma/gnaq/103/	334	FALSE	Q209R	Melanoma		point_mutation	GNAQ	
GNAQ c.548G>A (R183Q) Mutation in Melanoma	/content/disease/melanoma/gnaq/337/	335	FALSE	R183Q	Melanoma		point_mutation	GNAQ	
KIT c.1669T>A (W557R) Mutation in Melanoma	/content/disease/melanoma/kit/109/	336	FALSE	W557R	Melanoma		point_mutation	KIT	
KIT c.1669T>C (W557R) Mutation in Melanoma	/content/disease/melanoma/kit/110/	337	FALSE	W557R	Melanoma		point_mutation	KIT	
KIT c.1676T>C (V559A) Mutation in Melanoma	/content/disease/melanoma/kit/112/	338	FALSE	V559A	Melanoma		point_mutation	KIT	
KIT c.1676T>A (V559D) Mutation in Melanoma	/content/disease/melanoma/kit/113/	339	FALSE	V559D	Melanoma		point_mutation	KIT	
Other KIT mutations in Melanoma	/content/disease/melanoma/kit/132/	340	FALSE	KIT	Melanoma		mutation_other	Other	
KIT Amplification in Melanoma	/content/disease/melanoma/kit/338/	341	FALSE		Melanoma		amplification	KIT	
KIT c.2446G>C (D816H) Mutation in Melanoma	/content/disease/melanoma/kit/84/	342	FALSE	D816H	Melanoma		point_mutation	KIT	
KIT c.1924A>G (K642E) Mutation in Melanoma	/content/disease/melanoma/kit/95/	343	FALSE	K642E	Melanoma		point_mutation	KIT	
KIT c.1727T>C (L576P) Mutation in Melanoma	/content/disease/melanoma/kit/96/	344	FALSE	L576P	Melanoma		point_mutation	KIT	
MEK1 (MAP2K1) c.157T>C (F53L) Mutation in Melanoma	/content/disease/melanoma/map2k1/210/	345	FALSE	F53L	Melanoma		point_mutation	MAP2K1	
MEK1 (MAP2K1) c.332T>G (I111S) Mutation in Melanoma	/content/disease/melanoma/map2k1/211/	346	FALSE	I111S	Melanoma		point_mutation	MAP2K1	
MEK1 (MAP2K1) c.362G>C (C121S) Mutation in Melanoma	/content/disease/melanoma/map2k1/212/	347	FALSE	C121S	Melanoma		point_mutation	MAP2K1	
MEK1 (MAP2K1) c.371C>T (P124L) Mutation in Melanoma	/content/disease/melanoma/map2k1/213/	348	FALSE	P124L	Melanoma		point_mutation	MAP2K1	
MEK1 (MAP2K1) c.370C>T (P124S) Mutation in Melanoma	/content/disease/melanoma/map2k1/214/	349	FALSE	P124S	Melanoma		point_mutation	MAP2K1	
MEK1 (MAP2K1) c.607G>A (E203K) Mutation in Melanoma	/content/disease/melanoma/map2k1/215/	350	FALSE	E203K	Melanoma		point_mutation	MAP2K1	
MEK1 (MAP2K1) c.790C>T (P264S) Mutation in Melanoma	/content/disease/melanoma/map2k1/216/	351	FALSE	P264S	Melanoma		point_mutation	MAP2K1	
MEK1 (MAP2K1) c.1144A>C (N382H) Mutation in Melanoma	/content/disease/melanoma/map2k1/217/	352	FALSE	N382H	Melanoma		point_mutation	MAP2K1	
NF1 Mutations in Melanoma	/content/disease/melanoma/nf1/325/	353	FALSE		Melanoma		mutation_ns	NF1	
NRAS c.37G>T (G13C) Mutation in Melanoma	/content/disease/melanoma/nras/297/	354	FALSE	G13C	Melanoma		point_mutation	NRAS	
NRAS c.181C>A (Q61K) Mutation in Melanoma	/content/disease/melanoma/nras/75/	355	FALSE	Q61K	Melanoma		point_mutation	NRAS	
NRAS c.182A>T (Q61L) Mutation in Melanoma	/content/disease/melanoma/nras/76/	356	FALSE	Q61L	Melanoma		point_mutation	NRAS	
NRAS c.182A>G (Q61R) Mutation in Melanoma	/content/disease/melanoma/nras/77/	357	FALSE	Q61R	Melanoma		point_mutation	NRAS	
NRAS c.183A>C (Q61H) Mutation in Melanoma	/content/disease/melanoma/nras/80/	358	FALSE	Q61H	Melanoma		point_mutation	NRAS	
NRAS c.183A>T (Q61H) Mutation in Melanoma	/content/disease/melanoma/nras/81/	359	FALSE	Q61H	Melanoma		point_mutation	NRAS	
NRAS c.182_183delAAinsGG (Q61R) Mutation in Melanoma	/content/disease/melanoma/nras/82/	360	FALSE	Q61R	Melanoma		point_mutation	NRAS	
NRAS c.182_183delAAinsTG (Q61L) Mutation in Melanoma	/content/disease/melanoma/nras/83/	361	FALSE	Q61L	Melanoma		point_mutation	NRAS	
NRAS c.35G>C (G12A) Mutation in Melanoma	/content/disease/melanoma/nras/85/	362	FALSE	G12A	Melanoma		point_mutation	NRAS	
NRAS c.34G>T (G12C) Mutation in Melanoma	/content/disease/melanoma/nras/86/	363	FALSE	G12C	Melanoma		point_mutation	NRAS	
NRAS c.35G>A (G12D) Mutation in Melanoma	/content/disease/melanoma/nras/87/	364	FALSE	G12D	Melanoma		point_mutation	NRAS	
NRAS c.34G>C (G12R) Mutation in Melanoma	/content/disease/melanoma/nras/88/	365	FALSE	G12R	Melanoma		point_mutation	NRAS	
NRAS c.34G>A (G12S) Mutation in Melanoma	/content/disease/melanoma/nras/89/	366	FALSE	G12S	Melanoma		point_mutation	NRAS	
NRAS c.35G>T (G12V) Mutation in Melanoma	/content/disease/melanoma/nras/90/	367	FALSE	G12V	Melanoma		point_mutation	NRAS	
NRAS c.38G>C (G13A) Mutation in Melanoma	/content/disease/melanoma/nras/91/	368	FALSE	G13A	Melanoma		point_mutation	NRAS	
NRAS c.38G>A (G13D) Mutation in Melanoma	/content/disease/melanoma/nras/92/	369	FALSE	G13D	Melanoma		point_mutation	NRAS	
NRAS c.37G>C (G13R) Mutation in Melanoma	/content/disease/melanoma/nras/93/	370	FALSE	G13R	Melanoma		point_mutation	NRAS	
NRAS c.38G>T (G13V) Mutation in Melanoma	/content/disease/melanoma/nras/94/	371	FALSE	G13V	Melanoma		point_mutation	NRAS	
NRAS c.181C>G (Q61E) Mutation in Melanoma	/content/disease/melanoma/nras/97/	372	FALSE	Q61E	Melanoma		point_mutation	NRAS	
NRAS c.182A>C (Q61P) Mutation in Melanoma	/content/disease/melanoma/nras/98/	373	FALSE	Q61P	Melanoma		point_mutation	NRAS	
ASXL1 Mutations in Myelodysplastic Syndromes	/content/disease/myelodysplastic-syndromes/asxl1/320/	374	FALSE		Myelodysplastic Syndromes		mutation_ns	ASXL1	
BCOR Mutations in Myelodysplastic Syndromes	/content/disease/myelodysplastic-syndromes/bcor/321/	375	FALSE		Myelodysplastic Syndromes		mutation_ns	BCOR	
DNMT3A Mutations in Myelodysplastic Syndromes	/content/disease/myelodysplastic-syndromes/dnmt3a/322/	376	FALSE		Myelodysplastic Syndromes		mutation_ns	DNMT3A	
ETV6 Mutations in Myelodysplastic Syndromes	/content/disease/myelodysplastic-syndromes/etv6/323/	377	FALSE		Myelodysplastic Syndromes		mutation_ns	ETV6	
EZH2 Mutations in Myelodysplastic Syndromes	/content/disease/myelodysplastic-syndromes/ezh2/324/	378	FALSE		Myelodysplastic Syndromes		mutation_ns	EZH2	
NF1 Mutations in Myelodysplastic Syndromes	/content/disease/myelodysplastic-syndromes/nf1/325/	379	FALSE		Myelodysplastic Syndromes		mutation_ns	NF1	
RUNX1 Mutations in Myelodysplastic Syndromes	/content/disease/myelodysplastic-syndromes/runx1/326/	380	FALSE		Myelodysplastic Syndromes		mutation_ns	RUNX1	
SF3B1 Mutations in Myelodysplastic Syndromes	/content/disease/myelodysplastic-syndromes/sf3b1/327/	381	FALSE		Myelodysplastic Syndromes		mutation_ns	SF3B1	
SRSF2 Mutations in Myelodysplastic Syndromes	/content/disease/myelodysplastic-syndromes/srsf2/328/	382	FALSE		Myelodysplastic Syndromes		mutation_ns	SRSF2	
STAG2 Mutations in Myelodysplastic Syndromes	/content/disease/myelodysplastic-syndromes/stag2/329/	383	FALSE		Myelodysplastic Syndromes		mutation_ns	STAG2	
TET2 Mutations in Myelodysplastic Syndromes	/content/disease/myelodysplastic-syndromes/tet2/330/	384	FALSE		Myelodysplastic Syndromes		mutation_ns	TET2	
TP53 Mutations in Myelodysplastic Syndromes	/content/disease/myelodysplastic-syndromes/tp53/331/	385	FALSE		Myelodysplastic Syndromes		mutation_ns	TP53	
U2AF1 Mutations in Myelodysplastic Syndromes	/content/disease/myelodysplastic-syndromes/u2af1/332/	386	FALSE		Myelodysplastic Syndromes		mutation_ns	U2AF1	
ZRSR2 Mutations in Myelodysplastic Syndromes	/content/disease/myelodysplastic-syndromes/zrsr2/333/	387	FALSE		Myelodysplastic Syndromes		mutation_ns	ZRSR2	
CALR c.1154_1155insTTGTC (K385fs*47) Mutation in Myeloproliferative Neoplasms	/content/disease/myeloproliferative-neoplasms/calr/371/	388	FALSE	K385fs*47	Myeloproliferative Neoplasms		frameshift	CALR	
CALR c.1099_1150del (L367fs*46) Mutation in Myeloproliferative Neoplasms	/content/disease/myeloproliferative-neoplasms/calr/387/	389	FALSE	L367fs*46	Myeloproliferative Neoplasms		frameshift	CALR	
JAK2 c.1849G>T (V617F) Mutation in Myeloproliferative Neoplasms	/content/disease/myeloproliferative-neoplasms/jak2/358/	390	FALSE	V617F	Myeloproliferative Neoplasms		point_mutation	JAK2	
JAK2 c.1615_1616delAAinsTT (K539L) Mutation in Myeloproliferative Neoplasms	/content/disease/myeloproliferative-neoplasms/jak2/382/	391	FALSE	K539L	Myeloproliferative Neoplasms		point_mutation	JAK2	
JAK2 c.1624_1629delAATGAA (N542_E543del) Mutation in Myeloproliferative Neoplasms	/content/disease/myeloproliferative-neoplasms/jak2/383/	392	FALSE	N542_E543del	Myeloproliferative Neoplasms		small_deletion	JAK2	
JAK2 c.1611_1616delTCACAA (F537_K539delinsL) Mutation in Myeloproliferative Neoplasms	/content/disease/myeloproliferative-neoplasms/jak2/386/	393	FALSE	F537_K539delinsL	Myeloproliferative Neoplasms		delins	JAK2	
MPL c.1544G>T (W515L) Mutation in Myeloproliferative Neoplasms	/content/disease/myeloproliferative-neoplasms/mpl/378/	394	FALSE	W515L	Myeloproliferative Neoplasms		point_mutation	MPL	
MPL c.1543_1544delTGinsAA (W515K) Mutation in Myeloproliferative Neoplasms	/content/disease/myeloproliferative-neoplasms/mpl/384/	395	FALSE	W515K	Myeloproliferative Neoplasms		point_mutation	MPL	
ALK c.3271G>A (D1091N) Mutation in Neuroblastoma	/content/disease/neuroblastoma/alk/173/	396	FALSE	D1091N	Neuroblastoma		point_mutation	ALK	
ALK c.3452C>T (T1151M) Mutation in Neuroblastoma	/content/disease/neuroblastoma/alk/174/	397	FALSE	T1151M	Neuroblastoma		point_mutation	ALK	
ALK c.3512T>A (I1171N) Mutation in Neuroblastoma	/content/disease/neuroblastoma/alk/175/	398	FALSE	I1171N	Neuroblastoma		point_mutation	ALK	
ALK c.3521T>G (F1174C) Mutation in Neuroblastoma	/content/disease/neuroblastoma/alk/176/	399	FALSE	F1174C	Neuroblastoma		point_mutation	ALK	
ALK c.3520T>A (F1174I) Mutation in Neuroblastoma	/content/disease/neuroblastoma/alk/177/	400	FALSE	F1174I	Neuroblastoma		point_mutation	ALK	
ALK c.3522C>A (F1174L) Mutation in Neuroblastoma	/content/disease/neuroblastoma/alk/178/	401	FALSE	F1174L	Neuroblastoma		point_mutation	ALK	
ALK c.3520T>G (F1174V) Mutation in Neuroblastoma	/content/disease/neuroblastoma/alk/179/	402	FALSE	F1174V	Neuroblastoma		point_mutation	ALK	
ALK c.3734T>G (F1245C) Mutation in Neuroblastoma	/content/disease/neuroblastoma/alk/180/	403	FALSE	F1245C	Neuroblastoma		point_mutation	ALK	
ALK c.3735C>G (F1245L) Mutation in Neuroblastoma	/content/disease/neuroblastoma/alk/181/	404	FALSE	F1245L	Neuroblastoma		point_mutation	ALK	
ALK c.3733T>G (F1245V) Mutation in Neuroblastoma	/content/disease/neuroblastoma/alk/182/	405	FALSE	F1245V	Neuroblastoma		point_mutation	ALK	
ALK c.3824G>A (R1275Q) Mutation in Neuroblastoma	/content/disease/neuroblastoma/alk/183/	406	FALSE	R1275Q	Neuroblastoma		point_mutation	ALK	
ALK c.3833A>C (Y1278S) Mutation in Neuroblastoma	/content/disease/neuroblastoma/alk/184/	407	FALSE	Y1278S	Neuroblastoma		point_mutation	ALK	
BRAF c.1790T>G (L597R) Mutation in Ovarian Cancer	/content/disease/ovarian-cancer/braf/138/	408	FALSE	L597R	Ovarian Cancer		point_mutation	BRAF	
BRAF c.1799T>A (V600E) Mutation in Ovarian Cancer	/content/disease/ovarian-cancer/braf/54/	409	FALSE	V600E	Ovarian Cancer		point_mutation	BRAF	
KRAS c.35G>C (G12A) Mutation in Ovarian Cancer	/content/disease/ovarian-cancer/kras/32/	410	FALSE	G12A	Ovarian Cancer		point_mutation	KRAS	
KRAS c.34G>T (G12C) Mutation in Ovarian Cancer	/content/disease/ovarian-cancer/kras/33/	411	FALSE	G12C	Ovarian Cancer		point_mutation	KRAS	
KRAS c.35G>A (G12D) Mutation in Ovarian Cancer	/content/disease/ovarian-cancer/kras/34/	412	FALSE	G12D	Ovarian Cancer		point_mutation	KRAS	
KRAS c.34G>C (G12R) Mutation in Ovarian Cancer	/content/disease/ovarian-cancer/kras/35/	413	FALSE	G12R	Ovarian Cancer		point_mutation	KRAS	
KRAS c.35G>T (G12V) Mutation in Ovarian Cancer	/content/disease/ovarian-cancer/kras/37/	414	FALSE	G12V	Ovarian Cancer		point_mutation	KRAS	
KRAS c.38G>A (G13D) Mutation in Ovarian Cancer	/content/disease/ovarian-cancer/kras/39/	415	FALSE	G13D	Ovarian Cancer		point_mutation	KRAS	
PIK3CA c.3140A>T (H1047L) Mutation in Ovarian Cancer	/content/disease/ovarian-cancer/pik3ca/10/	416	FALSE	H1047L	Ovarian Cancer		point_mutation	PIK3CA	
PIK3CA c.3140A>G (H1047R) Mutation in Ovarian Cancer	/content/disease/ovarian-cancer/pik3ca/11/	417	FALSE	H1047R	Ovarian Cancer		point_mutation	PIK3CA	
PIK3CA c.1636C>A (Q546K) Mutation in Ovarian Cancer	/content/disease/ovarian-cancer/pik3ca/16/	418	FALSE	Q546K	Ovarian Cancer		point_mutation	PIK3CA	
PIK3CA c.1624G>A (E542K) Mutation in Ovarian Cancer	/content/disease/ovarian-cancer/pik3ca/7/	419	FALSE	E542K	Ovarian Cancer		point_mutation	PIK3CA	
PIK3CA c.1633G>A (E545K) Mutation in Ovarian Cancer	/content/disease/ovarian-cancer/pik3ca/8/	420	FALSE	E545K	Ovarian Cancer		point_mutation	PIK3CA	
PTEN c.388C>T (R130*) Mutation in Ovarian Cancer	/content/disease/ovarian-cancer/pten/137/	421	FALSE	R130*	Ovarian Cancer		point_mutation	PTEN	
PTEN c.968dupA (N323fs*2) Mutation in Ovarian Cancer	/content/disease/ovarian-cancer/pten/140/	422	FALSE	N323fs*2	Ovarian Cancer		frameshift	PTEN	
PTEN c.968delA (N323fs*21) Mutation in Ovarian Cancer	/content/disease/ovarian-cancer/pten/141/	423	FALSE	N323fs*21	Ovarian Cancer		frameshift	PTEN	
PTEN c.741dupA (P248fs*5) Mutation in Ovarian Cancer	/content/disease/ovarian-cancer/pten/142/	424	FALSE	P248fs*5	Ovarian Cancer		frameshift	PTEN	
PTEN c.389delG (R130fs*4) Mutation in Ovarian Cancer	/content/disease/ovarian-cancer/pten/143/	425	FALSE	R130fs*4	Ovarian Cancer		frameshift	PTEN	
PTEN c.389G>A (R130Q) Mutation in Ovarian Cancer	/content/disease/ovarian-cancer/pten/144/	426	FALSE	R130Q	Ovarian Cancer		point_mutation	PTEN	
PTEN c.388C>G (R130G) Mutation in Ovarian Cancer	/content/disease/ovarian-cancer/pten/145/	427	FALSE	R130G	Ovarian Cancer		point_mutation	PTEN	
AR c.2631C>A (F877L) Mutation in Prostate Cancer	/content/disease/prostate-cancer/ar/349/	428	FALSE	F877L	Prostate Cancer		point_mutation	AR	
AR c.2632A>G (T878A) Mutation in Prostate Cancer	/content/disease/prostate-cancer/ar/350/	429	FALSE	T878A	Prostate Cancer		point_mutation	AR	
AR c.2105T>A (L702H) Mutation in Prostate Cancer	/content/disease/prostate-cancer/ar/351/	430	FALSE	L702H	Prostate Cancer		point_mutation	AR	
AR c.2623C>T (H875Y) Mutation in Prostate Cancer	/content/disease/prostate-cancer/ar/352/	431	FALSE	H875Y	Prostate Cancer		point_mutation	AR	
AR c.2226G>T (W742C) Mutation in Prostate Cancer	/content/disease/prostate-cancer/ar/353/	432	FALSE	W742C	Prostate Cancer		point_mutation	AR	
AR Amplification in Prostate Cancer	/content/disease/prostate-cancer/ar/354/	433	FALSE		Prostate Cancer		amplification	AR	
AR Splice Variant 7 (AR-V7) Expression in Prostate Cancer	/content/disease/prostate-cancer/ar/355/	434	FALSE		Prostate Cancer		expression	AR-V7	
ALK Exon Deletion in Rhabdomyosarcoma	/content/disease/rhabdomyosarcoma/alk/186/	435	FALSE	Exon	Rhabdomyosarcoma		large_deletion	ALK	
ALK c.3673G>A (D1225N) Mutation in Rhabdomyosarcoma	/content/disease/rhabdomyosarcoma/alk/187/	436	FALSE	D1225N	Rhabdomyosarcoma		point_mutation	ALK	
KIT c. 1669T>C (W557R) Mutation in Thymic Carcinoma	/content/disease/thymic-carcinoma/kit/110/	437	FALSE	W557R	Thymic Carcinoma		point_mutation	KIT	
KIT c. 1676T>C (V559A) Mutation in Thymic Carcinoma	/content/disease/thymic-carcinoma/kit/112/	438	FALSE	V559A	Thymic Carcinoma		point_mutation	KIT	
KIT c.2460T>A (D820E) Mutation in Thymic Carcinoma	/content/disease/thymic-carcinoma/kit/120/	439	FALSE	D820E	Thymic Carcinoma		point_mutation	KIT	
KIT c.2089C>T (H697Y) Mutation in Thymic Carcinoma	/content/disease/thymic-carcinoma/kit/121/	440	FALSE	H697Y	Thymic Carcinoma		point_mutation	KIT	
KIT c.1730_1738del (P577_D579del) Mutation in Thymic Carcinoma	/content/disease/thymic-carcinoma/kit/122/	441	FALSE	P577_D579del	Thymic Carcinoma		small_deletion	KIT	
KIT c.1679_1681del (V560del) Mutation in Thymic Carcinoma	/content/disease/thymic-carcinoma/kit/123/	442	FALSE	V560del	Thymic Carcinoma		small_deletion	KIT	
KIT c.1657T>A (Y553N) Mutation in Thymic Carcinoma	/content/disease/thymic-carcinoma/kit/124/	443	FALSE	Y553N	Thymic Carcinoma		point_mutation	KIT	
KIT c.1468G>A (E490K) Mutation in Thymic Carcinoma	/content/disease/thymic-carcinoma/kit/218/	444	FALSE	E490K	Thymic Carcinoma		point_mutation	KIT	
KIT c.1727T>C (L576P) Mutation in Thymic Carcinoma	/content/disease/thymic-carcinoma/kit/96/	445	FALSE	L576P	Thymic Carcinoma		point_mutation	KIT	
AKAP-BRAF Translocation in Thyroid Cancer	/content/disease/thyroid-cancer/braf/125/	446	FALSE		Thyroid Cancer		translocation	AKAP	BRAF
BRAF c.1799T>A (V600E) Mutation in Thyroid Cancer	/content/disease/thyroid-cancer/braf/54/	447	FALSE	V600E	Thyroid Cancer		point_mutation	BRAF	
HRAS c.34G>C (G12R) Mutation in Thyroid Cancer	/content/disease/thyroid-cancer/hras/303/	448	FALSE	G12R	Thyroid Cancer		point_mutation	HRAS	
HRAS c.35G>T (G12V) Mutation in Thyroid Cancer	/content/disease/thyroid-cancer/hras/304/	449	FALSE	G12V	Thyroid Cancer		point_mutation	HRAS	
HRAS c.37G>T (G13C) Mutation in Thyroid Cancer	/content/disease/thyroid-cancer/hras/305/	450	FALSE	G13C	Thyroid Cancer		point_mutation	HRAS	
HRAS c.37G>C (G13R) Mutation in Thyroid Cancer	/content/disease/thyroid-cancer/hras/306/	451	FALSE	G13R	Thyroid Cancer		point_mutation	HRAS	
HRAS c.182A>G (Q61R) Mutation in Thyroid Cancer	/content/disease/thyroid-cancer/hras/307/	452	FALSE	Q61R	Thyroid Cancer		point_mutation	HRAS	
KRAS c.437C>T (A146V) Mutation in Thyroid Cancer	/content/disease/thyroid-cancer/kras/29/	453	FALSE	A146V	Thyroid Cancer		point_mutation	KRAS	
KRAS c.182A>C (Q61P) Mutation in Thyroid Cancer	/content/disease/thyroid-cancer/kras/308/	454	FALSE	Q61P	Thyroid Cancer		point_mutation	KRAS	
KRAS c.35G>C (G12A) Mutation in Thyroid Cancer	/content/disease/thyroid-cancer/kras/32/	455	FALSE	G12A	Thyroid Cancer		point_mutation	KRAS	
KRAS c.34G>T (G12C) Mutation in Thyroid Cancer	/content/disease/thyroid-cancer/kras/33/	456	FALSE	G12C	Thyroid Cancer		point_mutation	KRAS	
KRAS c.35G>A (G12D) Mutation in Thyroid Cancer	/content/disease/thyroid-cancer/kras/34/	457	FALSE	G12D	Thyroid Cancer		point_mutation	KRAS	
KRAS c.34G>C (G12R) Mutation in Thyroid Cancer	/content/disease/thyroid-cancer/kras/35/	458	FALSE	G12R	Thyroid Cancer		point_mutation	KRAS	
KRAS c.34G>A (G12S) Mutation in Thyroid Cancer	/content/disease/thyroid-cancer/kras/36/	459	FALSE	G12S	Thyroid Cancer		point_mutation	KRAS	
KRAS c.35G>T (G12V) Mutation in Thyroid Cancer	/content/disease/thyroid-cancer/kras/37/	460	FALSE	G12V	Thyroid Cancer		point_mutation	KRAS	
KRAS c.38G>A (G13D) Mutation in Thyroid Cancer	/content/disease/thyroid-cancer/kras/39/	461	FALSE	G13D	Thyroid Cancer		point_mutation	KRAS	
KRAS c.37G>C (G13R) Mutation in Thyroid Cancer	/content/disease/thyroid-cancer/kras/40/	462	FALSE	G13R	Thyroid Cancer		point_mutation	KRAS	
KRAS c.181C>A (Q61K) Mutation in Thyroid Cancer	/content/disease/thyroid-cancer/kras/41/	463	FALSE	Q61K	Thyroid Cancer		point_mutation	KRAS	
KRAS c.182A>T (Q61L) Mutation in Thyroid Cancer	/content/disease/thyroid-cancer/kras/42/	464	FALSE	Q61L	Thyroid Cancer		point_mutation	KRAS	
KRAS c.182A>G (Q61R) Mutation in Thyroid Cancer	/content/disease/thyroid-cancer/kras/43/	465	FALSE	Q61R	Thyroid Cancer		point_mutation	KRAS	
KRAS c.37G>A (G13S) Mutation in Thyroid Cancer	/content/disease/thyroid-cancer/kras/69/	466	FALSE	G13S	Thyroid Cancer		point_mutation	KRAS	
NRAS c.181C>A (Q61K) Mutation in Thyroid Cancer	/content/disease/thyroid-cancer/nras/75/	467	FALSE	Q61K	Thyroid Cancer		point_mutation	NRAS	
NRAS c.182A>G (Q61R) Mutation in Thyroid Cancer	/content/disease/thyroid-cancer/nras/77/	468	FALSE	Q61R	Thyroid Cancer		point_mutation	NRAS	
RET C634 Mutations in Thyroid Cancer	/content/disease/thyroid-cancer/ret/126/	469	FALSE	C634	Thyroid Cancer		mutation_other	RET	
RET Fusions in Thyroid Cancer	/content/disease/thyroid-cancer/ret/127/	470	FALSE		Thyroid Cancer		fusion	RET	*
RET M918T Mutations in Thyroid Cancer	/content/disease/thyroid-cancer/ret/128/	471	FALSE	M918T	Thyroid Cancer		point_mutation	RET	
MYD88 c.794T>C (L265P)  Mutation in Waldenstrom Macroglobulinemia	/content/disease/waldenstrom-macroglobulinemia/myd88/369/	472	FALSE	L265P	Waldenstrom Macroglobulinemia		point_mutation	MYD88	
