id	name	entrez_name	gene_id	representative_transcript	representative_transcript2	alteration	type
4	E17K	AKT1	2	ENST00000407796.2		E17K	point_mutation
8	F1174L	ALK	1	ENST00000389048.3		F1174L	point_mutation
9	R1275Q	ALK	1	ENST00000389048.3		R1275Q	point_mutation
10	S214C	ARAF	3	ENST00000377045.4		S214C	point_mutation
11	V600D	BRAF	5	ENST00000288602.6		V600D	point_mutation
12	V600E	BRAF	5	ENST00000288602.6		V600E	point_mutation
33	L858R	EGFR	19	ENST00000275493.2		L858R	point_mutation
34	T790M	EGFR	19	ENST00000275493.2		T790M	point_mutation
35	D769H	ERBB2	20	ENST00000269571.5		D769H	point_mutation
36	D769Y	ERBB2	20	ENST00000269571.5		D769Y	point_mutation
38	G309A	ERBB2	20	ENST00000269571.5		G309A	point_mutation
39	L755S	ERBB2	20	ENST00000269571.5		L755S	point_mutation
40	L755W	ERBB2	20	ENST00000269571.5		L755W	point_mutation
42	R678Q	ERBB2	20	ENST00000269571.5		R678Q	point_mutation
43	R896C	ERBB2	20	ENST00000269571.5		R896C	point_mutation
44	V777L	ERBB2	20	ENST00000269571.5		V777L	point_mutation
45	V842I	ERBB2	20	ENST00000269571.5		V842I	point_mutation
46	L536Q	ESR1	21	ENST00000440973.1		L536Q	point_mutation
47	D538G	ESR1	21	ENST00000206249.3		D538G	point_mutation
48	Y537C	ESR1	21	ENST00000206249.3		Y537C	point_mutation
49	Y537N	ESR1	21	ENST00000206249.3		Y537N	point_mutation
50	Y537S	ESR1	21	ENST00000206249.3		Y537S	point_mutation
59	R132C	IDH1	26	ENST00000415913.1		R132C	point_mutation
63	R172K	IDH2	27	ENST00000330062.3		R172K	point_mutation
64	V617F	JAK2	28	ENST00000381652.3		V617F	point_mutation
65	D816V	KIT	29	ENST00000288135.5		D816V	point_mutation
72	L576P	KIT	29	ENST00000288135.5		L576P	point_mutation
73	V654A	KIT	29	ENST00000288135.5		V654A	point_mutation
78	G12C	KRAS	30	ENST00000256078.4		G12C	point_mutation
79	G12D	KRAS	30	ENST00000256078.4		G12D	point_mutation
81	G13D	KRAS	30	ENST00000256078.4		G13D	point_mutation
82	P124S	MAP2K1	31	ENST00000307102.5		P124S	point_mutation
83	Q56P	MAP2K1	31	ENST00000307102.5		Q56P	point_mutation
87	W288FS	NPM1	35	ENST00000517671.1		W288fs	frameshift
93	G13D	NRAS	36	ENST00000369535.4		G13D	point_mutation
95	Q61L	NRAS	36	ENST00000369535.4		Q61L	point_mutation
96	Q61R	NRAS	36	ENST00000369535.4		Q61R	point_mutation
98	D842I	PDGFRA	38	ENST00000257290.5		D842I	point_mutation
99	D842V	PDGFRA	38	ENST00000257290.5		D842V	point_mutation
100	D842Y	PDGFRA	38	ENST00000257290.5		D842Y	point_mutation
101	I843DEL	PDGFRA	38	ENST00000257290.5		I843del	small_deletion
103	E542K	PIK3CA	37	ENST00000263967.3		E542K	point_mutation
104	E545K	PIK3CA	37	ENST00000263967.3		E545K	point_mutation
107	H1047R	PIK3CA	37	ENST00000263967.3		H1047R	point_mutation
110	R233*	PTEN	41	ENST00000371953.3		R233*	point_mutation
112	C634W	RET	42	ENST00000355710.3		C634W	point_mutation
113	M918T	RET	42	ENST00000355710.3		M918T	point_mutation
114	K666N	SF3B1	44	ENST00000335508.6		K666N	point_mutation
116	R175H	TP53	45	ENST00000269305.4		R175H	point_mutation
117	R248Q	TP53	45	ENST00000269305.4		R248Q	point_mutation
118	R248W	TP53	45	ENST00000269305.4		R248W	point_mutation
121	R273C	TP53	45	ENST00000269305.4		R273C	point_mutation
122	R273H	TP53	45	ENST00000269305.4		R273H	point_mutation
134	G719S	EGFR	19	ENST00000275493.2		G719S	point_mutation
135	D1642H	NOTCH1	50	ENST00000277541.6		D1642H	point_mutation
136	R2327W	NOTCH1	50	ENST00000277541.6		R2327W	point_mutation
137	V2444FS	NOTCH1	50	ENST00000277541.6		V2444fs	frameshift
138	S2275FS	NOTCH1	50	ENST00000277541.6		S2275fs	frameshift
139	L63V	DDR2	51	ENST00000367922.3		L63V	point_mutation
140	L239R	DDR2	51	ENST00000367922.3		L239R	point_mutation
141	G253C	DDR2	51	ENST00000367922.3		G253C	point_mutation
142	G505S	DDR2	51	ENST00000367922.3		G505S	point_mutation
143	I638F	DDR2	51	ENST00000367922.3		I638F	point_mutation
144	G774V	DDR2	51	ENST00000367922.3		G774V	point_mutation
145	S768R	DDR2	51	ENST00000367922.3		S768R	point_mutation
148	G12A	KRAS	30	ENST00000256078.4		G12A	point_mutation
168	C481S	BTK	65	ENST00000308731.7		C481S	point_mutation
169	Q79K	AKT1	2	ENST00000407796.2		Q79K	point_mutation
175	F877L	AR	67	ENST00000374690.3		F877L	point_mutation
196	Y375C	FGFR3	23	ENST00000340107.4		Y375C	point_mutation
198	C134W	FOXL2	72	ENST00000330315.3		C134W	point_mutation
201	M541L	KIT	29	ENST00000288135.5		M541L	point_mutation
202	V560DEL	KIT	29	ENST00000288135.5		V560del	small_deletion
207	P2514FS	NOTCH1	50	ENST00000277541.6		P2514fs	frameshift
238	R367Q	NT5C2	9189	ENST00000343289.5		R367Q	point_mutation
239	K359Q	NT5C2	9189	ENST00000343289.5		K359Q	point_mutation
240	D407A	NT5C2	9189	ENST00000343289.5		D407A	point_mutation
243	V2288FS*1	ATM	69	ENST00000278616.4		V2288fs*1	frameshift
244	N2875H	ATM	69	ENST00000278616.4		N2875H	point_mutation
245	Y177FS	NF2	3870	ENST00000338641.4		Y177fs	frameshift
247	V561A	PDGFRA	38	ENST00000257290.5		V561A	point_mutation
248	C228T	TERT	79	ENST00000310581.5		C228T	point_mutation
249	R194W	XRCC1	6144	ENST00000262887.5		R194W	point_mutation
258	A222V	MTHFR	3672	ENST00000376592.1		A222V	point_mutation
259	I105V	GSTP1	2473	ENST00000398606.3		I105V	point_mutation
260	Q141K	ABCG2	7451	ENST00000237612.3		Q141K	point_mutation
261	Q399R	XRCC1	6144	ENST00000262887.5		Q399R	point_mutation
262	S893T	ABCB1	4244	ENST00000265724.3		S893T	point_mutation
263	I1145I	ABCB1	4244	ENST00000265724.3		I1145I	point_mutation
264	K751Q	ERCC2	1736	ENST00000391945.4		K751Q	point_mutation
271	I774FS	ATR	524	ENST00000350721.4		I774fs	frameshift
274	G13D	HRAS	2747	ENST00000451590.1		G13D	point_mutation
279	K159FS*16	NF2	3870	ENST00000338641.4		K159fs*16	frameshift
283	H1968Y	MTOR	2073	ENST00000361445.4		H1968Y	point_mutation
284	P2213S	MTOR	2073	ENST00000361445.4		P2213S	point_mutation
288	L597R	BRAF	5	ENST00000288602.6		L597R	point_mutation
294	P471L	PIK3CA	37	ENST00000263967.3		P471L	point_mutation
299	D473H	SMO	5365	ENST00000249373.3		D473H	point_mutation
317	G724S	EGFR	19	ENST00000275493.2		G724S	point_mutation
320	E322K	MAPK1	4532	ENST00000215832.6		E322K	point_mutation
322	A146V	KRAS	30	ENST00000256078.4		A146V	point_mutation
351	G870S	SETBP1	10024	ENST00000282030.5		G870S	point_mutation
367	P29S	RAC1	4753	ENST00000356142.4		P29S	point_mutation
402	P187S	NQO1	1463	ENST00000320623.5		P187S	point_mutation
414	Y772_A775DUP	ERBB2	20	ENST00000269571.5		Y772_A775dup	duplication
415	C797S	EGFR	19	ENST00000275493.2		C797S	point_mutation
420	R132H	IDH1	26	ENST00000415913.1		R132H	point_mutation
424	L265P	MYD88	3742	ENST00000396334.3		L265P	point_mutation
425	G12V	KRAS	30	ENST00000256078.4		G12V	point_mutation
427	Q61K	NRAS	36	ENST00000369535.4		Q61K	point_mutation
443	G465R	EGFR	19	ENST00000275493.2		G465R	point_mutation
453	S492R	EGFR	19	ENST00000275493.2		S492R	point_mutation
454	R451C	EGFR	19	ENST00000275493.2		R451C	point_mutation
455	K467T	EGFR	19	ENST00000275493.2		K467T	point_mutation
456	H167R	FCGR2A	1842	ENST00000271450.6		H167R	point_mutation
457	F212V	FCGR3A	1844	ENST00000367969.3		F212V	point_mutation
458	I232T	FCGR2B	1843	ENST00000358671.5		I232T	point_mutation
460	P753S	EGFR	19	ENST00000275493.2		P753S	point_mutation
467	A1065T	KDR	3153	ENST00000263923.4		A1065T	point_mutation
468	D717V	KDR	3153	ENST00000263923.4		D717V	point_mutation
469	Q1178*	TSC2	47	ENST00000219476.3		Q1178*	point_mutation
470	F2108L	MTOR	2073	ENST00000361445.4		F2108L	point_mutation
471	R186*	RAD51D	4765	ENST00000345365.6		R186*	point_mutation
477	P968FS	BRCA1	6	ENST00000471181.2		P968fs	frameshift
479	Q22*	KRAS	30	ENST00000256078.4		Q22*	point_mutation
480	P904L	DNMT3A	18	ENST00000264709.3		P904L	point_mutation
496	L866M	ERBB2	20	ENST00000269571.5		L866M	point_mutation
502	R961W	KDR	3153	ENST00000263923.4		R961W	point_mutation
504	P47S	TP53	45	ENST00000269305.4		P47S	point_mutation
508	K706FS*19	PMS2	4371	ENST00000265849.7		K706fs*19	frameshift
515	N546K	FGFR1	1885	ENST00000341462.5		N546K	point_mutation
530	G12R	KRAS	30	ENST00000256078.4		G12R	point_mutation
531	P72R	TP53	45	ENST00000269305.4		P72R	point_mutation
540	T227M	FLT3	24	ENST00000241453.7		T227M	point_mutation
541	L531FS*30	PALB2	15013	ENST00000261584.4		L531fs*30	frameshift
542	S2215Y	MTOR	2073	ENST00000361445.4		S2215Y	point_mutation
543	C1483Y	MTOR	2073	ENST00000361445.4		C1483Y	point_mutation
544	E1799K	MTOR	2073	ENST00000361445.4		E1799K	point_mutation
545	N550K	FGFR2	22	ENST00000457416.2		N550K	point_mutation
549	F1245C	ALK	1	ENST00000389048.3		F1245C	point_mutation
556	R24C	CDK4	13	ENST00000257904.6		R24C	point_mutation
562	S768I	EGFR	19	ENST00000275493.2		S768I	point_mutation
563	V600K	BRAF	5	ENST00000288602.6		V600K	point_mutation
565	K700E	SF3B1	44	ENST00000335508.6		K700E	point_mutation
566	E116K	MAP2K7	4546	ENST00000397979.3		E116K	point_mutation
579	D594A	BRAF	5	ENST00000288602.6		D594A	point_mutation
580	D594V	BRAF	5	ENST00000288602.6		D594V	point_mutation
581	K483M	BRAF	5	ENST00000288602.6		K483M	point_mutation
582	L597S	BRAF	5	ENST00000288602.6		L597S	point_mutation
583	L597Q	BRAF	5	ENST00000288602.6		L597Q	point_mutation
584	K601E	BRAF	5	ENST00000288602.6		K601E	point_mutation
585	L597V	BRAF	5	ENST00000288602.6		L597V	point_mutation
604	Q209P	GNAQ	2317	ENST00000286548.4		Q209P	point_mutation
605	V317FS	PTEN	41	ENST00000371953.3		V317fs	frameshift
609	M2327I	MTOR	2073	ENST00000361445.4		M2327I	point_mutation
610	A2034V	MTOR	2073	ENST00000361445.4		A2034V	point_mutation
611	D594G	BRAF	5	ENST00000288602.6		D594G	point_mutation
612	D835H	FLT3	24	ENST00000241453.7		D835H	point_mutation
614	Q503*	JAK1	3090	ENST00000342505.4		Q503*	point_mutation
616	S14FS	B2M	537	ENST00000558401.1		S14fs	frameshift
627	C121S	MAP2K1	31	ENST00000307102.5		C121S	point_mutation
628	S249C	FGFR3	23	ENST00000340107.4		S249C	point_mutation
631	R200W (c.598C>T)	VHL	58	ENST00000256474.2		R200W	point_mutation
634	D194E	STK11	5534	ENST00000326873.7		D194E	point_mutation
636	R130*	PTEN	41	ENST00000371953.3		R130*	point_mutation
638	M695FS*26	RB1	4795	ENST00000267163.4		M695fs*26	frameshift
649	D1228N	MET	52	ENST00000397752.3		D1228N	point_mutation
650	D302H	CASP8	761	ENST00000264275.5		D302H	point_mutation
655	Q56_V60del	MAP2K1	31	ENST00000307102.5		Q56_V60del	small_deletion
658	L505H	BRAF	5	ENST00000288602.6		L505H	point_mutation
661	D3095E	BRCA2	7	ENST00000544455.1		D3095E	point_mutation
691	E384*	ERRFI1	12271	ENST00000377482.5		E384*	point_mutation
692	S463P	ESR1	21	ENST00000440973.1		S463P	point_mutation
694	G596C	BRAF	5	ENST00000288602.6		G596C	point_mutation
701	V104M	ERBB3	1733	ENST00000267101.3		V104M	point_mutation
702	R103G	ERBB3	1733	ENST00000267101.3		R103G	point_mutation
703	G284R	ERBB3	1733	ENST00000267101.3		G284R	point_mutation
712	D761Y	EGFR	19	ENST00000275493.2		D761Y	point_mutation
714	R1062W	TSC1	46	ENST00000298552.3		R1062W	point_mutation
723	K757R	EGFR	19	ENST00000275493.2		K757R	point_mutation
724	E746G	EGFR	19	ENST00000275493.2		E746G	point_mutation
725	E13FS*3	MLH1	3532	ENST00000231790.2		E13fs*3	frameshift
727	R383*	MSH2	3628	ENST00000233146.2		R383*	point_mutation
728	V534R	MLH1	3532	ENST00000231790.2		V534R	point_mutation
730	G606FS*2	MLH1	3532	ENST00000231790.2		G606fs*2	frameshift
733	K618DEL	MLH1	3532	ENST00000231790.2		K618del	small_deletion
734	P138T	MLH1	3532			P138T	point_mutation
735	R687FS	MLH1	3532	ENST00000231790.2		R687fs	frameshift
741	R100*	MLH1	3532	ENST00000231790.2		R100*	point_mutation
743	T117M	MLH1	3532	ENST00000231790.2		T117M	point_mutation
744	Q426FS	MLH1	3532	ENST00000231790.2		Q426fs	frameshift
745	V49A	MLH1	3532	ENST00000231790.2		V49A	point_mutation
746	D667FS	MLH1	3532	ENST00000231790.2		D667fs	frameshift
747	M1L	MLH1	3532	ENST00000231790.2		M1L	point_mutation
748	*757L	MLH1	3532	ENST00000231790.2		*757L	point_mutation
749	R265G	MLH1	3532	ENST00000231790.2		R265G	point_mutation
750	V213FS	MLH1	3532	ENST00000231790.2		V213fs	frameshift
751	N551T	MLH1	3532	ENST00000231790.2		N551T	point_mutation
752	A424T	MLH1	3532	ENST00000231790.2		A424T	point_mutation
753	Q149*	MLH1	3532	ENST00000231790.2		Q149*	point_mutation
754	R226*	MLH1	3532	ENST00000231790.2		R226*	point_mutation
755	I972F	MSH6	2478	ENST00000234420.5		I972F	point_mutation
756	P536FS	MLH1	3532	ENST00000231790.2		P536fs	frameshift
757	G67R	MLH1	3532	ENST00000231790.2		G67R	point_mutation
758	I68S	MLH1	3532	ENST00000231790.2		I68S	point_mutation
759	G65D	MLH1	3532	ENST00000231790.2		G65D	point_mutation
760	A681V	MLH1	3532	ENST00000231790.2		A681V	point_mutation
761	P138T	MSH6	2478	ENST00000234420.5		P138T	point_mutation
762	V273FS	MSH2	3628	ENST00000233146.2		V273fs	frameshift
763	E28FS	MSH2	3628	ENST00000233146.2		E28fs	frameshift
764	E55FS (c.163_164delGA)	VHL	58	ENST00000256474.2		E55fs	frameshift
765	I891FS	MSH6	2478	ENST00000234420.5		I891fs	frameshift
766	E55RfsTer11 (c.163delG)	VHL	58	ENST00000256474.2		E55Rfs*11	frameshift
767	R1242H	MSH6	2478	ENST00000234420.5		R1242H	point_mutation
768	R315*	PMS2	4371	ENST00000265849.7		R315*	point_mutation
769	M490T	MLH1	3532	ENST00000231790.2		M490T	point_mutation
770	K172*	MSH2	3628	ENST00000233146.2		K172*	point_mutation
771	A56FS (c.164_165insG)	VHL	58	ENST00000256474.2		A56fs	frameshift
772	G84E	HOXB13	8351	ENST00000290295.7		G84E	point_mutation
773	E483G	MSH2	3628	ENST00000233146.2		E483G	point_mutation
775	V352I	MSH6	2478	ENST00000234420.5		V352I	point_mutation
776	R1242C	MSH6	2478	ENST00000234420.5		R1242C	point_mutation
778	N130D	SLCO1B1	8450	ENST00000256958.2		N130D	point_mutation
781	V855A	ERBB3	1733	ENST000000267101.3		V855A	point_mutation
787	I157T	CHEK2	8950	ENST00000328354.6		I157T	point_mutation
792	V253I	PTPRD	4692	ENST00000381196.4		V253I	point_mutation
793	A56FS (c.164_165insA)	VHL	58	ENST00000256474.2		A56fs	frameshift
794	E55E (c.165G>A)	VHL	58	ENST00000256474.2		E55E	point_mutation
798	D1228V	MET	52	ENST00000397752.3		D1228V	point_mutation
802	K83E	RUNX1	43	ENST00000344691.4		K83E	point_mutation
803	Y260*	RUNX1	43	ENST00000344691.4		Y260*	point_mutation
806	D198Y	RUNX1	43	ENST00000300305.3		D198Y	point_mutation
807	A107P	RUNX1	43	ENST00000344691.4		A107P	point_mutation
811	R399C	ETV6	1769	ENST00000396373.4		R399C	point_mutation
812	R369Q	ETV6	1769	ENST00000396373.4		R369Q	point_mutation
813	P214L	ETV6	1769	ENST00000396373.4		P214L	point_mutation
814	R164W	DDX41	11932	ENST00000507955.1		R164W	point_mutation
816	G776L	ERBB2	20	ENST00000269571.5		G776L	point_mutation
817	G778_P780DUP	ERBB2	20	ENST00000269571.5		G778_P780dup	duplication
820	A149S (c.445G>T)	VHL	58	ENST00000256474.2		A149S	point_mutation
822	S703I	JAK1	3090	ENST00000342505.4		S703I	point_mutation
824	K57T	MAP2K1	31	ENST00000307102.5		K57T	point_mutation
825	S490T	ARAF	3	ENST00000377045.4		S490T	point_mutation
826	R201C	GNAS	2319	ENST00000371085.3		R201C	point_mutation
829	M54IFS (c.162_166delGGAGG)	VHL	58	ENST00000256474.2		M54Ifs	frameshift
837	W535L	SMO	5365	ENST00000249373.3		W535L	point_mutation
838	R173C	PTEN	41	ENST00000371953.3		R173C	point_mutation
840	G469R	BRAF	5	ENST00000288602.6		G469R	point_mutation
841	G469V	BRAF	5	ENST00000288602.6		G469V	point_mutation
846	M1FS (c.1_17del17)	VHL	58	ENST00000256474.2		M1fs	frameshift
849	N7D (c.19A>G)	VHL	58	ENST00000256474.2		N7D	point_mutation
850	P25L (c.74C>T)	VHL	58	ENST00000256474.2		P25L	point_mutation
851	P59fs (c.173_174insC)	VHL	58	ENST00000256474.2		P59fs	frameshift
852	Y98FS (c.291_310del20)	VHL	58	ENST00000256474.2		Y98fs	frameshift
854	Q61L	HRAS	2747	ENST00000451590.1		Q61L	point_mutation
861	T725M	EGFR	19	ENST00000275493.2		T725M	point_mutation
862	P577S	PDGFRA	38	ENST00000257290.5		P577S	point_mutation
863	R841K	PDGFRA	38	ENST00000257290.5		R841K	point_mutation
864	H845Y	PDGFRA	38	ENST00000257290.5		H845Y	point_mutation
865	G853D	PDGFRA	38	ENST00000257290.5		G853D	point_mutation
870	T316A	BTK	65	ENST00000308731.7		T316A	point_mutation
871	T862A	ERBB2	20	ENST00000269571.5		T862A	point_mutation
872	V773A	ERBB2	20	ENST00000269571.5		V773A	point_mutation
873	N857S	ERBB2	20	ENST00000269571.5		N857S	point_mutation
874	H878Y	ERBB2	20	ENST00000269571.5		H878Y	point_mutation
877	T393C	GNAS	2319	ENST00000371100		T393C	point_mutation
878	G12D	NRAS	36	ENST00000369535.4		G12D	point_mutation
879	G245S	TP53	45			G245S	point_mutation
880	R132L	IDH1	26	ENST00000415913.1		R132L	point_mutation
881	E545Q	PIK3CA	37	ENST00000263967.3		E545Q	point_mutation
882	E545A	PIK3CA	37	ENST00000263967.3		E545A	point_mutation
883	E545G	PIK3CA	37	ENST00000263967.3		E545G	point_mutation
884	E545V	PIK3CA	37	ENST00000263967.3		E545V	point_mutation
885	Q546K	PIK3CA	37	ENST00000263967.3		Q546K	point_mutation
886	Q546E	PIK3CA	37	ENST00000263967.3		Q546E	point_mutation
890	L747_S752del	EGFR	19			L747_S752del	small_deletion
893	Q61H	NRAS	36	ENST00000369535.4		Q61H	point_mutation
895	G13C	NRAS	36	ENST00000369535.4		G13C	point_mutation
896	G13R	NRAS	36	ENST00000369535.4		G13R	point_mutation
897	G12C	NRAS	36	ENST00000369535.4		G12C	point_mutation
898	G12S	NRAS	36	ENST00000369535.4		G12S	point_mutation
901	T2666A	ATM	69	ENST00000278616.4		T2666A	point_mutation
902	L2890V	ATM	69	ENST00000278616.4		L2890V	point_mutation
903	R3008C	ATM	69	ENST00000278616.4		R3008C	point_mutation
904	R3008H	ATM	69	ENST00000278616.4		R3008H	point_mutation
905	A146P	KRAS	30	ENST00000256078.4		A146P	point_mutation
906	A146T	KRAS	30	ENST00000256078.4		A146T	point_mutation
907	Q61H	KRAS	30	ENST00000256078.4		Q61H	point_mutation
908	Q61L	KRAS	30	ENST00000256078.4		Q61L	point_mutation
909	Q61R	KRAS	30	ENST00000256078.4		Q61R	point_mutation
910	Q61K	KRAS	30	ENST00000256078.4		Q61K	point_mutation
911	G13C	KRAS	30	ENST00000256078.4		G13C	point_mutation
913	G12S	KRAS	30	ENST00000256078.4		G12S	point_mutation
918	R273L	TP53	45	ENST00000269305.4		R273L	point_mutation
922	Y220C	TP53	45	ENST00000269305.4		Y220C	point_mutation
927	R132G	IDH1	26	ENST00000415913.1		R132G	point_mutation
928	R132S	IDH1	26	ENST00000415913.1		R132S	point_mutation
930	N345K	PIK3CA	37	ENST00000263967.3		N345K	point_mutation
931	C420R	PIK3CA	37	ENST00000263967.3		C420R	point_mutation
933	E542Q	PIK3CA	37	ENST00000263967.3		E542Q	point_mutation
934	E545D	PIK3CA	37	ENST00000263967.3		E545D	point_mutation
935	Y1021C	PIK3CA	37	ENST00000263967.3		Y1021C	point_mutation
937	M1043I	PIK3CA	37	ENST00000263967.3		M1043I	point_mutation
938	H1047Y	PIK3CA	37	ENST00000263967.3		H1047Y	point_mutation
939	G1049S	PIK3CA	37	ENST00000263967.3		G1049S	point_mutation
940	G1049R	PIK3CA	37	ENST00000263967.3		G1049R	point_mutation
941	V561D	PDGFRA	38	ENST00000257290.5		V561D	point_mutation
946	Y503_F504insAY	KIT	29	ENST00000288135.5		Y503_F504insAY	insertion
948	K550_W557del	KIT	29			K550_W557del	small_deletion
949	K550_K558DEL	KIT	29	ENST00000288135.5		K550_K558del	small_deletion
950	P551L	KIT	29	ENST00000288135.5		P551L	point_mutation
951	M552_W557DEL	KIT	29	ENST00000288135.5		M552_W557del	small_deletion
952	Y553D	KIT	29	ENST00000288135.5		Y553D	point_mutation
953	Y553_K558DEL	KIT	29			Y553_K558del	small_deletion
955	E554D	KIT	29	ENST00000288135.5		E554D	point_mutation
956	V555_Q556DEL	KIT	29	ENST00000288135.5		V555_Q556del	small_deletion
958	W557R	KIT	29	ENST00000288135.5		W557R	point_mutation
959	W557G	KIT	29	ENST00000288135.5		W557G	point_mutation
960	W557T	KIT	29	ENST00000288135.5		W557T	point_mutation
962	W557_E561DEL	KIT	29			W557_E561del	small_deletion
963	K558Q	KIT	29	ENST00000288135.5		K558Q	point_mutation
964	K558_V559DEL	KIT	29	ENST00000288135.5		K558_V559del	small_deletion
965	K558R	KIT	29	ENST00000288135.5		K558R	point_mutation
966	V559DEL	KIT	29	ENST00000288135.5		V559del	small_deletion
967	V559_V560DEL	KIT	29	ENST00000288135.5		V559_V560del	small_deletion
968	V559D	KIT	29			V559D	point_mutation
969	V559A	KIT	29	ENST00000288135.5		V559A	point_mutation
970	V559G	KIT	29	ENST00000288135.5		V559G	point_mutation
971	V560D	KIT	29	ENST00000288135.5		V560D	point_mutation
972	V560G	KIT	29	ENST00000288135.5		V560G	point_mutation
974	T574A	KIT	29	ENST00000288135.5		T574A	point_mutation
975	Q575L	KIT	29	ENST00000288135.5		Q575L	point_mutation
976	P577L	KIT	29	ENST00000288135.5		P577L	point_mutation
977	D579DEL	KIT	29	ENST00000288135.5		D579del	small_deletion
978	K642E	KIT	29	ENST00000288135.5		K642E	point_mutation
979	T661I	KIT	29	ENST00000288135.5		T661I	point_mutation
980	S692L	KIT	29	ENST00000288135.5		S692L	point_mutation
981	Q694K	KIT	29	ENST00000288135.5		Q694K	point_mutation
983	D816H	KIT	29	ENST00000288135.5		D816H	point_mutation
984	D816Y	KIT	29			D816Y	point_mutation
986	D820Y	KIT	29	ENST00000288135.5		D820Y	point_mutation
989	Y823D	KIT	29	ENST00000288135.5		Y823D	point_mutation
990	A829P	KIT	29			A829P	point_mutation
991	V600R	BRAF	5			V600R	point_mutation
992	G469A	BRAF	5	ENST00000288602.6		G469A	point_mutation
993	G469E	BRAF	5			G469E	point_mutation
994	R108K	EGFR	19			R108K	point_mutation
995	T263P	EGFR	19			T263P	point_mutation
996	A289V	EGFR	19	ENST00000275493.2		A289V	point_mutation
999	G719A	EGFR	19	ENST00000275493.2		G719A	point_mutation
1001	V742A	EGFR	19			V742A	point_mutation
1004	E746_T751delinsA	EGFR	19	ENST00000275493.2		E746_T751delinsA	delins
1005	E746V	EGFR	19			E746V	point_mutation
1012	L747_P753delinsS	EGFR	19			L747_P753delinsS	delins
1013	D761N	EGFR	19			D761N	point_mutation
1016	G810S	EGFR	19			G810S	point_mutation
1017	R831H	EGFR	19	ENST00000275493.2		R831H	point_mutation
1018	L838V	EGFR	19			L838V	point_mutation
1020	L861Q	EGFR	19			L861Q	point_mutation
1024	Q252H	ABL1	4	ENST00000318560.5		Q252H	point_mutation
1026	Y253F	ABL1	4	ENST00000318560.5		Y253F	point_mutation
1029	M351T	ABL1	4	ENST00000318560.5		M351T	point_mutation
1031	L1600P	NOTCH1	50	ENST00000277541.6		L1600P	point_mutation
1032	L1574P	NOTCH1	50	ENST00000277541.6		L1574P	point_mutation
1033	R1598P	NOTCH1	50	ENST00000277541.6		R1598P	point_mutation
1034	L1678P	NOTCH1	50	ENST00000277541.6		L1678P	point_mutation
1049	P278S	TP53	45			P278S	point_mutation
1066	M237I	TP53	45			M237I	point_mutation
1068	Y234C	TP53	45	ENST00000269305.4		Y234C	point_mutation
1092	V157F	TP53	45	ENST00000269305.4		V157F	point_mutation
1103	Q61P	KRAS	30	ENST00000256078.4		Q61P	point_mutation
1104	Q61E	KRAS	30	ENST00000256078.4		Q61E	point_mutation
1105	Q61FS	KRAS	30			Q61fs	frameshift
1106	G464V	BRAF	5	ENST00000288602.6		G464V	point_mutation
1107	D594N	BRAF	5	ENST00000288602.6		D594N	point_mutation
1108	R282L	TP53	45	ENST00000269305.4		R282L	point_mutation
1109	R213P	TP53	45	ENST00000269305.4		R213P	point_mutation
1120	K117N	KRAS	30	ENST00000256078.4		K117N	point_mutation
1121	F595L	BRAF	5	ENST00000288602.6		F595L	point_mutation
1127	F1592S	NOTCH1	50	ENST00000277541.6		F1592S	point_mutation
1140	L1600Q	NOTCH1	50	ENST00000277541.6		L1600Q	point_mutation
1142	L1585R	NOTCH1	50	ENST00000277541.6		L1585R	point_mutation
1143	V1577A	NOTCH1	50	ENST00000277541.6		V1577A	point_mutation
1144	V1577E	NOTCH1	50	ENST00000277541.6		V1577E	point_mutation
1145	L1574Q	NOTCH1	50	ENST00000277541.6		L1574Q	point_mutation
1151	H1047L	PIK3CA	37	ENST00000263967.3		H1047L	point_mutation
1153	P292R	ATM	69	ENST00000278616.4		P292R	point_mutation
1154	M1FS	ATM	69			M1fs	frameshift
1155	K293*	ATM	69	ENST00000278616.4		K293*	point_mutation
1156	R2459C	ATM	69			R2459C	point_mutation
1157	Q984E	ATM	69	ENST00000278616.4		Q984E	point_mutation
1158	F1025L	ATM	69	ENST00000278616.4		F1025L	point_mutation
1159	Q1084*	ATM	69	ENST00000278616.4		Q1084*	point_mutation
1160	D1930V	ATM	69	ENST00000278616.4		D1930V	point_mutation
1161	R2034P	ATM	69	ENST00000278616.4		R2034P	point_mutation
1162	E2187*	ATM	69	ENST00000278616.4		E2187*	point_mutation
1163	L2427P	ATM	69	ENST00000278616.4		L2427P	point_mutation
1164	F2732V	ATM	69	ENST00000278616.4		F2732V	point_mutation
1165	R777FS	ATM	69			R777fs	frameshift
1166	K468FS	ATM	69	ENST00000278616.4		K468fs	frameshift
1167	V1268FS	ATM	69			V1268fs	frameshift
1168	D1682H	ATM	69	ENST00000278616.4		D1682H	point_mutation
1169	A2062V	ATM	69	ENST00000278616.4		A2062V	point_mutation
1170	R1575H	ATM	69	ENST00000278616.4		R1575H	point_mutation
1171	A2274T	ATM	69	ENST00000278616.4		A2274T	point_mutation
1172	C2488Y	ATM	69	ENST00000278616.4		C2488Y	point_mutation
1174	F1592C	NOTCH1	50	ENST00000277541.6		F1592C	point_mutation
1175	G12V	NRAS	36			G12V	point_mutation
1178	R93W	PIK3CA	37	ENST00000263967.3		R93W	point_mutation
1181	R776C	EGFR	19			R776C	point_mutation
1182	S784F	EGFR	19			S784F	point_mutation
1183	E292V	ABL1	4	ENST00000318560.5		E292V	point_mutation
1186	N581S	BRAF	5			N581S	point_mutation
1187	A864T	EGFR	19	ENST00000275493.2		A864T	point_mutation
1188	N826S	EGFR	19			N826S	point_mutation
1196	G466A	BRAF	5	ENST00000288602.6		G466A	point_mutation
1206	S501_A502INSAY	KIT	29			S501_A502insAY	insertion
1214	E746_T751delinsVA	EGFR	19	ENST00000275493.2		E746_T751delinsVA	delins
1227	E17K	AKT3	7936	ENST00000366539.1		E17K	point_mutation
1230	L384M	ABL1	4	ENST00000318560.5		L384M	point_mutation
1232	L387F	ABL1	4	ENST00000318560.5		L387F	point_mutation
1234	K111N	PIK3CA	37	ENST00000263967.3		K111N	point_mutation
1235	I391M	PIK3CA	37	ENST00000263967.3		I391M	point_mutation
1236	M1V	BRCA1	6	ENST00000471181.2		M1V	point_mutation
1237	M1I	BRCA1	6	ENST00000471181.2		M1I	point_mutation
1238	C61G	BRCA1	6	ENST00000471181.2		C61G	point_mutation
1239	C64Y	BRCA1	6	ENST00000471181.2		C64Y	point_mutation
1240	R71G	BRCA1	6	ENST00000471181.2		R71G	point_mutation
1241	R71K	BRCA1	6	ENST00000471181.2		R71K	point_mutation
1242	R1495M	BRCA1	6	ENST00000357654.3		R1495M	point_mutation
1243	E1559K	BRCA1	6	ENST00000357654.3		E1559K	point_mutation
1244	D1692N	BRCA1	6	ENST00000357654.3		D1692N	point_mutation
1245	R1443*	BRCA1	6	ENST00000471181.2		R1443*	point_mutation
1246	Q1467*	BRCA1	6	ENST00000357654.3		Q1467*	point_mutation
1247	M1R	BRCA2	7	ENST00000544455.1		M1R	point_mutation
1248	M1I	BRCA2	7	ENST00000544455.1		M1I	point_mutation
1249	V159M	BRCA2	7	ENST00000544455.1		V159M	point_mutation
1250	V211L	BRCA2	7			V211L	point_mutation
1251	V211I	BRCA2	7			V211I	point_mutation
1252	R2336P	BRCA2	7	ENST00000544455.1		R2336P	point_mutation
1253	R2336H	BRCA2	7	ENST00000544455.1		R2336H	point_mutation
1254	V143A	TP53	45	ENST00000269305.4		V143A	point_mutation
1260	C609Y	RET	42	ENST00000355710.3		C609Y	point_mutation
1263	N822K	KIT	29	ENST00000288135.5		N822K	point_mutation
1264	C809G	KIT	29	ENST00000288135.5		C809G	point_mutation
1265	D820A	KIT	29	ENST00000288135.5		D820A	point_mutation
1266	D820G	KIT	29	ENST00000288135.5		D820G	point_mutation
1267	T670I	KIT	29	ENST00000288135.5		T670I	point_mutation
1270	F53L	MAP2K1	31	ENST00000307102.5		F53L	point_mutation
1271	G2032R	ROS1	4941	ENST00000368508.3		G2032R	point_mutation
1272	K57N	MAP2K1	31	ENST00000307102.5		K57N	point_mutation
1275	L1198F	ALK	1	ENST00000389048.3		L1198F	point_mutation
1285	T41A	CTNNB1	1290	ENST00000349496.5		T41A	point_mutation
1286	S45F	CTNNB1	1290	ENST00000349496.5		S45F	point_mutation
1287	S45P	CTNNB1	1290	ENST00000349496.5		S45P	point_mutation
1288	M511I	JAK3	3091	ENST00000458235.1		M511I	point_mutation
1289	V722I	JAK3	3091	ENST00000458235.1		V722I	point_mutation
1290	S61C	JAK3	3091	ENST00000458235.1		S61C	point_mutation
1291	P429S	JAK1	3090	ENST00000342505.4		P429S	point_mutation
1292	W690*	JAK1	3090	ENST00000342505.4		W690*	point_mutation
1294	W8* (c.24G>A)	VHL	58	ENST00000256474.2		W8*	point_mutation
1295	F1245V	ALK	1	ENST00000389048.3		F1245V	point_mutation
1302	D835V	FLT3	24	ENST00000241453.7		D835V	point_mutation
1304	L755P	ERBB2	20	ENST00000269571.5		L755P	point_mutation
1305	T798M	ERBB2	20	ENST00000269571.5		T798M	point_mutation
1308	L768S	ERBB2	20	ENST00000269571.5		L768S	point_mutation
1309	L638S	ERBB2	20			L638S	point_mutation
1311	V773L	ERBB2	20			V773L	point_mutation
1312	K753E	ERBB2	20	ENST00000269571.5		K753E	point_mutation
1313	L753E	ERBB2	20			L753E	point_mutation
1314	K755S	ERBB2	20			K755S	point_mutation
1317	G13V	NRAS	36			G13V	point_mutation
1319	R201H	GNAS	2319			R201H	point_mutation
1387	G12D	HRAS	2747			G12D	point_mutation
1390	E884K	EGFR	19			E884K	point_mutation
1391	Q61R	HRAS	2747			Q61R	point_mutation
1392	Q61K	HRAS	2747			Q61K	point_mutation
1393	G13R	HRAS	2747			G13R	point_mutation
1394	G12V	HRAS	2747			G12V	point_mutation
1395	G13R	KRAS	30	ENST00000256078.4		G13R	point_mutation
1396	G13S	KRAS	30	ENST00000256078.4		G13S	point_mutation
1397	D835E	FLT3	24			D835E	point_mutation
1398	F57C	MAP2K2	4542			F57C	point_mutation
1400	K650E	FGFR3	23			K650E	point_mutation
1402	D816G	KIT	29			D816G	point_mutation
1413	E709Q	EGFR	19			E709Q	point_mutation
1420	G719D	EGFR	19			G719D	point_mutation
1443	S768N	EGFR	19			S768N	point_mutation
1445	D770_N771insSVD	EGFR	19			D770_N771insSVD	insertion
1446	H773_V774insH	EGFR	19			H773_V774insH	insertion
1457	L838P	EGFR	19			L838P	point_mutation
1463	T847I	EGFR	19			T847I	point_mutation
1465	P848L	EGFR	19			P848L	point_mutation
1466	V851I	EGFR	19			V851I	point_mutation
1467	T854A	EGFR	19			T854A	point_mutation
1474	A859T	EGFR	19	ENST00000275493.2		A859T	point_mutation
1477	L861R	EGFR	19			L861R	point_mutation
1482	E868G	EGFR	19			E868G	point_mutation
1489	G13V	HRAS	2747			G13V	point_mutation
1491	A59T	KRAS	30	ENST00000256078.4		A59T	point_mutation
1492	F1174C	ALK	1	ENST00000		F1174C	point_mutation
1493	T1151M	ALK	1	ENST00000389048.3		T1151M	point_mutation
1494	T277A	ABL1	4	ENST00000318560.5		T277A	point_mutation
1495	S438C	ABL1	4	ENST00000318560.5		S438C	point_mutation
1496	E450G	ABL1	4	ENST00000318560.5		E450G	point_mutation
1498	W557_V559INSC	KIT	29			W557_V559insC	insertion
1499	S158L	PIK3CA	37	ENST00000263967.3		S158L	point_mutation
1500	E81K	PIK3CA	37	ENST00000263967.3		E81K	point_mutation
1503	R505C	FBXW7	12903	ENST00000281708.4		R505C	point_mutation
1504	R505H	FBXW7	12903			R505H	point_mutation
1505	F1174V	ALK	1	ENST00000389048.3		F1174V	point_mutation
1506	L298V	ABL1	4	ENST00000318560.5		L298V	point_mutation
1508	L364I	ABL1	4	ENST00000318560.5		L364I	point_mutation
1510	Q456X	ARID1A	6559			Q456*	point_mutation
1511	S768_D770dup	EGFR	19			S768_D770dup	duplication
1513	H773_V774insNPH	EGFR	19			H773_V774insNPH	insertion
1514	D770_N771insGL	EGFR	19	ENST00000275493.2		D770_N771insGL	insertion
1515	A763_Y764insFQEA	EGFR	19	ENST00000275493.2		A763_Y764insFQEA	insertion
1517	G13V	KRAS	30	ENST00000256078.4		G13V	point_mutation
1520	Q2223K	MTOR	2073			Q2223K	point_mutation
1521	W110*	CDKN2A	14	ENST00000498124.1		W110*	point_mutation
1522	A20P	CDKN2A	14	ENST00000498124.1		A20P	point_mutation
1524	M343T	ABL1	4	ENST00000318560.5		M343T	point_mutation
1526	E279K	ABL1	4	ENST00000318560.5		E279K	point_mutation
1527	Q300R	ABL1	4	ENST00000318560.5		Q300R	point_mutation
1532	D421G	ABL1	4	ENST00000318560.5		D421G	point_mutation
1533	I432T	ABL1	4	ENST00000318560.5		I432T	point_mutation
1536	E453A	ABL1	4	ENST00000318560.5		E453A	point_mutation
1538	F486Y	ABL1	4	ENST00000318560.5		F486Y	point_mutation
1540	L579M	PDGFRA	38	ENST00000257290.5		L579M	point_mutation
1541	Q556_I571DEL	KIT	29			Q556_I571del	small_deletion
1543	V555_I571DEL	KIT	29			V555_I571del	small_deletion
1547	D579_H580INSIDPTQLPYD	KIT	29			D579_H580insIDPTQLPYD	insertion
1548	Y570_L576DEL	KIT	29			Y570_L576del	small_deletion
1550	V560_L576DEL	KIT	29			V560_L576del	small_deletion
1551	V569_L576DEL	KIT	29			V569_L576del	small_deletion
1552	E278E	MAPK1	4532	ENST00000544786.1		E278E	point_mutation
1553	L1196Q	ALK	1	ENST00000389048.3		L1196Q	point_mutation
1554	L1152P	ALK	1	ENST00000389048.3		L1152P	point_mutation
1555	W1815X	BRCA1	6			W1815*	point_mutation
1556	L1198P	ALK	1	ENST00000389048.3		L1198P	point_mutation
1558	A502_Y503INSAY	KIT	29			A502_Y503insAY	insertion
1559	D816E	KIT	29			D816E	point_mutation
1560	D473G	SMO	5365			D473G	point_mutation
1561	D473Y	SMO	5365			D473Y	point_mutation
1562	S278I	SMO	5365			S278I	point_mutation
1563	W281C	SMO	5365			W281C	point_mutation
1564	Q477E	SMO	5365			Q477E	point_mutation
1566	D770_N771insGT	EGFR	19	ENST00000275493.2		D770_N771insGT	insertion
1567	V774_C775insHV	EGFR	19			V774_C775insHV	insertion
1569	D770_N771insNPG	EGFR	19			D770_N771insNPG	insertion
1570	L412F	SMO	5365	ENST00000249373.3		L412F	point_mutation
1571	W731L	EGFR	19			W731L	point_mutation
1572	E734Q	EGFR	19			E734Q	point_mutation
1573	T785A	EGFR	19			T785A	point_mutation
1574	C797Y	EGFR	19	ENST00000275493.2		C797Y	point_mutation
1575	Y801H	EGFR	19			Y801H	point_mutation
1576	V321M	SMO	5365			V321M	point_mutation
1578	V769A	EGFR	19			V769A	point_mutation
1580	L747_S752INSQ	EGFR	19			L747_S752insQ	insertion
1582	P546S	EGFR	19			P546S	point_mutation
1583	W281L	SMO	5365			W281L	point_mutation
1584	G497W	SMO	5365			G497W	point_mutation
1585	I408V	SMO	5365			I408V	point_mutation
1586	C469Y	SMO	5365			C469Y	point_mutation
1587	T241M	SMO	5365			T241M	point_mutation
1588	A459V	SMO	5365			A459V	point_mutation
1589	S533N	SMO	5365			S533N	point_mutation
1590	W170X	PTCH1	4645			W170*	point_mutation
1591	W712X	PTCH1	4645			W712*	point_mutation
1592	Q787X	PTCH1	4645			Q787*	point_mutation
1593	Q17X	PTCH1	4645			Q17*	point_mutation
1595	H201L	ABL1	4	ENST00000318560.5		H201L	point_mutation
1596	Y232S	ABL1	4	ENST00000318560.5		Y232S	point_mutation
1597	M237V	ABL1	4	ENST00000318560.5		M237V	point_mutation
1598	I242T	ABL1	4	ENST00000318560.5		I242T	point_mutation
1599	G250V	ABL1	4	ENST00000318560.5		G250V	point_mutation
1600	Q252R	ABL1	4	ENST00000318560.5		Q252R	point_mutation
1601	E258D	ABL1	4	ENST00000318560.5		E258D	point_mutation
1602	L273M	ABL1	4	ENST00000318560.5		L273M	point_mutation
1603	E281K	ABL1	4	ENST00000318560.5		E281K	point_mutation
1604	V289I	ABL1	4	ENST00000318560.5		V289I	point_mutation
1605	Y342H	ABL1	4	ENST00000318560.5		Y342H	point_mutation
1606	D363Y	ABL1	4	ENST00000318560.5		D363Y	point_mutation
1607	A365V	ABL1	4	ENST00000318560.5		A365V	point_mutation
1608	A366G	ABL1	4	ENST00000318560.5		A366G	point_mutation
1610	M388L	ABL1	4	ENST00000318560.5		M388L	point_mutation
1611	Y393C	ABL1	4	ENST00000318560.5		Y393C	point_mutation
1612	A397P	ABL1	4	ENST00000318560.5		A397P	point_mutation
1613	S417Y	ABL1	4	ENST00000318560.5		S417Y	point_mutation
1614	I418V	ABL1	4	ENST00000318560.5		I418V	point_mutation
1615	I418S	ABL1	4	ENST00000		I418S	point_mutation
1616	P441L	ABL1	4	ENST00000318560.5		P441L	point_mutation
1617	E450K	ABL1	4	ENST00000318560.5		E450K	point_mutation
1618	E450Q	ABL1	4	ENST00000318560.5		E450Q	point_mutation
1619	E450A	ABL1	4	ENST00000318560.5		E450A	point_mutation
1620	E453V	ABL1	4	ENST00000318560.5		E453V	point_mutation
1621	E459G	ABL1	4	ENST00000318560.5		E459G	point_mutation
1622	M472I	ABL1	4	ENST00000318560.5		M472I	point_mutation
1623	P480L	ABL1	4	ENST00000318560.5		P480L	point_mutation
1624	G514S	ABL1	4	ENST00000318560.5		G514S	point_mutation
1626	E203K	MAP2K1	31	ENST00000307102.5		E203K	point_mutation
1627	G596R	BRAF	5	ENST00000288602.6		G596R	point_mutation
1628	R163X	NF1	3867			R163*	point_mutation
1630	Y591_V592INSVDFREYE	FLT3	24			Y591_V592insVDFREYE	insertion
1631	E588_Y589INSKYFYVDFRE	FLT3	24			E588_Y589insKYFYVDFRE	insertion
1632	V592_D593INSDFREY	FLT3	24			V592_D593insDFREY	insertion
1639	C475V	ABL1	4			C475V	point_mutation
1640	N336S	ABL1	4	ENST00000318560.5		N336S	point_mutation
1641	D2033N	ROS1	4941			D2033N	point_mutation
1642	Y956N	POLD1	4384			Y956N	point_mutation
1643	Q225X	SCN8A	5128			Q225*	point_mutation
1644	P1460T	PXDNL	18364			P1460T	point_mutation
1645	Y1520X	PAPPA2	14195			Y1520*	point_mutation
1646	A59E	POLE4	13465			A59E	point_mutation
1647	C284Y	POLD1	4384			C284Y	point_mutation
1648	E374K	POLD1	4384			E374K	point_mutation
1649	D1010Y	MET	52			D1010Y	point_mutation
1650	G596V	BRAF	5			G596V	point_mutation
1651	D1010N	MET	52			D1010N	point_mutation
1652	N561D	PIK3R2	4290			N561D	point_mutation
1653	D350G	PIK3CA	37	ENST00000263967.3		D350G	point_mutation
1654	Q179X	NRAS	36			Q179*	point_mutation
1656	R351W	ABL1	4	ENST00000372348.2		R351W	point_mutation
1657	G340L	ABL1	4			G340L	point_mutation
1659	S628N	KIT	29			S628N	point_mutation
1660	D1010H	MET	52			D1010H	point_mutation
1661	R1192P	ALK	1	ENST00000389048.3		R1192P	point_mutation
1662	N771DELinsVH	EGFR	19			N771delinsVH	delins
1664	M766_A767insAI	EGFR	19			M766_A767insAI	insertion
1665	Y764_V765insHH	EGFR	19			Y764_V765insHH	insertion
1666	D770_N771insGY	EGFR	19			D770_N771insGY	insertion
1667	P772_H773insYNP	EGFR	19			P772_H773insYNP	insertion
1668	P772_V774insPHV	EGFR	19			P772_V774insPHV	insertion
1669	Y508F	LYN	3359			Y508F	point_mutation
1670	S1986Y	ROS1	4941			S1986Y	point_mutation
1671	S1986F	ROS1	4941			S1986F	point_mutation
1672	Y69FS*11	EGFR	19			Y69fs*11	frameshift
1673	G1109C	ERBB4	1734	ENST00000342788.4		G1109C	point_mutation
1674	E380Q	ESR1	21			E380Q	point_mutation
1675	L536R	ESR1	21			L536R	point_mutation
1676	S668FS*39	FBXW7	12903			S668fs*39	frameshift
1677	L403FS*34	FBXW7	12903			L403fs*34	frameshift
1678	G579W	FBXW7	12903			G579W	point_mutation
1679	R658Q	FBXW7	12903			R658Q	point_mutation
1680	R391W	RAF1	4767			R391W	point_mutation
1682	P1175FS*5	ARID1A	6559			P1175fs*5	frameshift
1683	R214H	ALK	1			R214H	point_mutation
1686	G328V	ACVR1	154	ENST00000434821.1		G328V	point_mutation
1692	G691R	FGFR3	23			G691R	point_mutation
1694	E12D (c.36G>C)	VHL	58	ENST00000256474.2		E12D	point_mutation
1695	R158H	TP53	45			R158H	point_mutation
1696	R249S	TP53	45			R249S	point_mutation
1697	R280K	TP53	45			R280K	point_mutation
1698	R280T	TP53	45			R280T	point_mutation
1699	R158L	TP53	45			R158L	point_mutation
1700	C634R	RET	42			C634R	point_mutation
1733	E46* (c.136G>T)	VHL	58	ENST00000256474.2		E46*	point_mutation
1734	E52K (c.154G>A)	VHL	58	ENST00000256474.2		E52K	point_mutation
1736	E55* (c.163G>T)	VHL	58			E55*	point_mutation
1737	G39AfsTer26 (c.327delC)	VHL	58			G39Afs*26	frameshift
1738	L158P (c.473T>C)	VHL	58	ENST0		L158P	point_mutation
1739	R167Q (c.500G>A)	VHL	58	ENST00000256474.2		R167Q	point_mutation
1741	Y98H (c.292T>C)	VHL	58	ENST00000256474.2		Y98H	point_mutation
1742	H115Q (c.345C>A)	VHL	58	ENST000		H115Q	point_mutation
1743	F119L (c.357C>G)	VHL	58	ENST00000256474.2		F119L	point_mutation
1744	A149T (c.445G>A)	VHL	58	ENST00000256474.2		A149T	point_mutation
1745	T157I (c.470C>T)	VHL	58	ENST00000256474.2		T157I	point_mutation
1746	R161Q (c.482G>A)	VHL	58	ENST00000256474.2		R161Q	point_mutation
1747	R167W (c.499C>T)	VHL	58	ENST00000		R167W	point_mutation
1748	L178P (c.533T>C)	VHL	58	ENST0		L178P	point_mutation
1749	F76I (c.226T>A)	VHL	58	ENST00000256474.2		F76I	point_mutation
1750	V62C (c.180delG)	VHL	58	ENST		V62C	point_mutation
1752	Q73* (c.217C>T)	VHL	58	ENST00000		Q73*	point_mutation
1754	N78H (c.232A>C)	VHL	58	ENST0000		N78H	point_mutation
1755	N78S (c.233A>G)	VHL	58	ENST		N78S	point_mutation
1756	N78T (c.233A>C)	VHL	58	ENST000		N78T	point_mutation
1757	S80I (c.239G>T)	VHL	58	ENST00000		S80I	point_mutation
1758	N131* (c.255insC)	VHL	58			N131*	point_mutation
1759	P86A (c.256C>G)	VHL	58	ENST00000256474.2		P86A	point_mutation
1760	P86L (c.257C>T)	VHL	58	ENST00000256474.2		P86L	point_mutation
1761	W88R (c.262T>A)	VHL	58	ENST00000		W88R	point_mutation
1762	S111FS (c.331delA)	VHL	58			S111fs	frameshift
1763	S111N (c.332G>A)	VHL	58	ENST00000256474.2		S111N	point_mutation
1764	S111R (c.333C>G)	VHL	58	ENST00000256474.2		S111R	point_mutation
1766	Y112* (c.336C>A)	VHL	58	ENST00000256474.2		Y112*	point_mutation
1767	W117C (c.351G>T)	VHL	58	ENST00000		W117C	point_mutation
1768	L129Q (c.386insAGA)	VHL	58			L129Q	point_mutation
1769	L135* (c.404T>A)	VHL	58	ENST		L135*	point_mutation
1770	N150I (c.448delA)	VHL	58			N150I	point_mutation
1771	P154fs (c.462delA)	VHL	58	ENST00000256474.2		P154fs	frameshift
1772	C162R (c.484T>C)	VHL	58	ENST00000256474.2		C162R	point_mutation
1773	C162F (c.485G>T)	VHL	58	ENST00000256474.2		C162F	point_mutation
1774	C162W (c.486C>G)	VHL	58	ENST00000256474.2		C162W	point_mutation
1775	V166D (c.497T>A)	VHL	58	ENST00000256474.2		V166D	point_mutation
1776	L184P (c.551T>C)	VHL	58	ENST		L184P	point_mutation
1777	E186* (c.556G>T)	VHL	58	ENST		E186*	point_mutation
1778	E186K (c.556G>A)	VHL	58	ENST00000256474.2		E186K	point_mutation
1779	R167fs (c.502insTTGTTCGT)	VHL	58			R167fs	frameshift
1780	Y175fs (c.526delA)	VHL	58	ENST00000256474.2		Y175fs	frameshift
1781	Q145H (c.435_436delGC)	VHL	58	ENST00000256474.2		Q145H	point_mutation
1782	P154L (c.461C>T)	VHL	58	ENST00000		P154L	point_mutation
1783	T157fs (c.472insT)	VHL	58			T157fs	frameshift
1784	S183* (c.548C>A)	VHL	58	ENST00000		S183*	point_mutation
1785	A56fs (c.167insA)	VHL	58			A56fs	frameshift
1786	P59R (c.175delC)	VHL	58	ENST00000256474.2		P59R	point_mutation
1787	S65W (c.194C>G)	VHL	58	ENST00000		S65W	point_mutation
1788	S65L (c.194C>T)	VHL	58	ENST00000		S65L	point_mutation
1789	V66* (c.196delG)	VHL	58	ENST00000256474.2		V66*	point_mutation
1790	C77FS (c.228_229insC)	VHL	58	ENST00000256474.2		C77fs	frameshift
1791	R79P (c.236G>C)	VHL	58	ENST00000256474.2		R79P	point_mutation
1792	S80R (c.240T>G)	VHL	58	ENST00000		S80R	point_mutation
1793	L89P (c.266T>C)	VHL	58	ENST0000		L89P	point_mutation
1794	E94* (c.280G>T)	VHL	58	ENST		E94*	point_mutation
1795	P103FS (c.309_310delTG)	VHL	58	ENST00000256474.2		P103fs	frameshift
1796	R113* (c.337C>T)	VHL	58	ENST00000		R113*	point_mutation
1797	G114C (c.340G>T)	VHL	58	ENST00000256474.2		G114C	point_mutation
1798	L118P (c.353T>C)	VHL	58	ENST00		L118P	point_mutation
1800	N131P (c.390_391delTA)	VHL	58	ENST00000256474.2		N131P	point_mutation
1801	F136S (c.407T>C)	VHL	58	ENST		F136S	point_mutation
1802	L153C (c.457delC)	VHL	58			L153C	point_mutation
1803	L158V (c.472C>G)	VHL	58	ENST0		L158V	point_mutation
1804	R161* (c.481C>T)	VHL	58	ENST00000		R161*	point_mutation
1805	R167G (c.499C>G)	VHL	58	ENST		R167G	point_mutation
1806	V170F (c.508G>T)	VHL	58	ENST00000256474.2		V170F	point_mutation
1807	I180V (c.538A>G)	VHL	58	ENST0		I180V	point_mutation
1808	L184R (c.551T>G)	VHL	58	ENST00		L184R	point_mutation
1809	Y185* (c.555C>G)	VHL	58	ENST00000256474.2		Y185*	point_mutation
1810	Q195* (c.583C>T)	VHL	58	ENST		Q195*	point_mutation
1811	S65* (c.194C>A)	VHL	58	ENST		S65*	point_mutation
1812	G93fs (c.278delG)	VHL	58	ENST00000256474.2		G93fs	frameshift
1813	D121G (c.362A>G)	VHL	58	ENST00000256474.2		D121G	point_mutation
1814	F136C (c.407T>G)	VHL	58	ENST		F136C	point_mutation
1815	V84L (c.250G>T)	VHL	58	ENST00000256474.2		V84L	point_mutation
1816	S72P (c.214delT)	VHL	58	ENST00000256474.2		S72P	point_mutation
1818	Q96P (c.287A>C)	VHL	58	ENST		Q96P	point_mutation
1819	G185S (c.340+5G>C)	VHL	58			G185S	point_mutation
1820	L116V (c.346C>G)	VHL	58	ENST0		L116V	point_mutation
1821	W117* (c.351G>A)	VHL	58	ENST		W117*	point_mutation
1822	L118R (c.353T>G)	VHL	58	ENST		L118R	point_mutation
1823	N141FS (c.421delA)	VHL	58	ENST00000256474.2		N141fs	frameshift
1824	C162Y (c.485G>A)	VHL	58	ENST00000256474.2		C162Y	point_mutation
1825	V166F (c.496G>T)	VHL	58	ENST		V166F	point_mutation
1826	V170D (c.509T>A)	VHL	58	ENST		V170D	point_mutation
1827	R177* (c.529A>T)	VHL	58	ENST00000256474.2		R177*	point_mutation
1828	L188R (c.563delT)	VHL	58	ENST00000256474.2		L188R	point_mutation
1829	E186del (c.558_560delAGA)	VHL	58	ENST00000256474.2		E186del	small_deletion
1830	P286R	POLE	4386			P286R	point_mutation
1831	V411L	POLE	4386			V411L	point_mutation
1832	S459F	POLE	4386			S459F	point_mutation
1833	V166F (c.498C>G)	VHL	58			V166F	point_mutation
1834	E70* (c.208G>T)	VHL	58	ENST00000256474.2		E70*	point_mutation
1835	F76S (c.227T>C)	VHL	58	ENST00000256474.2		F76S	point_mutation
1836	L188V (c.562C>G)	VHL	58	ENST		L188V	point_mutation
1837	P81S (c.241C>T)	VHL	58	ENST00000256474.2		P81S	point_mutation
1838	L101G (c.301C>G)	VHL	58			L101G	point_mutation
1839	T105P (c.313A>C)	VHL	58	ENST00000256474.2		T105P	point_mutation
1840	R107P (c.320G>C)	VHL	58	ENST		R107P	point_mutation
1841	L118T (c.352insA)	VHL	58			L118T	point_mutation
1843	L132fs (c.395delA)	VHL	58			L132fs	frameshift
1844	D143fs (c.430delG)	VHL	58			D143fs	frameshift
1845	Q164* (c.490C>T)	VHL	58	ENST		Q164*	point_mutation
1846	Y175D (c.523T>G)	VHL	58	ENST00000256474.2		Y175D	point_mutation
1847	V181G (c.540_543delCGTC)	VHL	58			V181G	point_mutation
1848	Q96* (c.286C>T)	VHL	58	ENST0		Q96*	point_mutation
1849	P86R (c.257C>G)	VHL	58	ENST		P86R	point_mutation
1850	G144* (c.430G>T)	VHL	58	ENST		G144*	point_mutation
1851	L128F (c.381_382GC>TT)	VHL	58			L128F	point_mutation
1852	L188P (c.563T>C)	VHL	58	ENST00000256474.2		L188P	point_mutation
1853	S111C (c.330CA>TT)	VHL	58			S111C	point_mutation
1855	R161P (c.482G>C)	VHL	58	ENST		R161P	point_mutation
1856	Q164R (c.491A>G)	VHL	58	ENST		Q164R	point_mutation
1857	G114R (c.340G>C)	VHL	58	ENST		G114R	point_mutation
1858	G93D (c.278G>A)	VHL	58	ENST00000256474.2		G93D	point_mutation
1859	G93S (c.277G>A)	VHL	58	ENST		G93S	point_mutation
1860	L101R (c.302T>G)	VHL	58	ENST00000256474.2		L101R	point_mutation
1861	L188Q (c.563T>A)	VHL	58	ENST00000256474.2		L188Q	point_mutation
1862	K159E (c.475A>G)	VHL	58	ENST00000256474.2		K159E	point_mutation
1864	P192fs (c.575delC)	VHL	58	ENST00000256474.2		P192fs	frameshift
1865	Y112H (c.334T>C)	VHL	58	ENST00000256474.2		Y112H	point_mutation
1867	R64P (c.191G>C)	VHL	58	ENST		R64P	point_mutation
1868	N131fs (c.393CC>A)	VHL	58			N131fs	frameshift
1869	E189L (c.565delG)	VHL	58			E189L	point_mutation
1871	I151T (c.452T>C)	VHL	58	ENST		I151T	point_mutation
1872	L158fs (c.473insT)	VHL	58			L158fs	frameshift
1873	S68P (c.202T>C)	VHL	58	ENST00000256474.2		S68P	point_mutation
1874	S80N (c.239G>A)	VHL	58	ENST00000256474.2		S80N	point_mutation
1875	V130F (c.388G>T)	VHL	58	ENST00000256474.2		V130F	point_mutation
1881	F858L	ATM	69			F858L	point_mutation
1883	Q145* (c.433C>T)	VHL	58	ENST00000256474.2		Q145*	point_mutation
1884	E134* (c.400G>T)	VHL	58	ENST00000256474.2		E134*	point_mutation
1885	H115P (c.344A>C)	VHL	58	ENST00000256474.2		H115P	point_mutation
1886	L128R (c.383T>G)	VHL	58	ENST00000256474.2		L128R	point_mutation
1887	L169P (c.506T>C)	VHL	58	ENST		L169P	point_mutation
1888	L178R (c.533T>G)	VHL	58	ENST00000256474.2		L178R	point_mutation
1889	M54* (c.162insT)	VHL	58			M54*	point_mutation
1891	L747P	EGFR	19			L747P	point_mutation
1892	V774A	EGFR	19			V774A	point_mutation
1893	F91* (c.272T>A)	VHL	58			F91*	point_mutation
1894	V774M	EGFR	19			V774M	point_mutation
1895	K806E	EGFR	19	ENST00000275493.2		K806E	point_mutation
1896	N826Y	EGFR	19			N826Y	point_mutation
1897	V834I	EGFR	19			V834I	point_mutation
1899	N842S	EGFR	19			N842S	point_mutation
1902	P86S (c.256C>T)	VHL	58	ENST		P86S	point_mutation
1903	S65P (c.193T>C)	VHL	58	ENST00000256474.2		S65P	point_mutation
1904	S72P (c.214T>C)	VHL	58	ENST		S72P	point_mutation
1905	G123FS (c.367delG)	VHL	58	ENST00000256474.2		G123fs	frameshift
1906	L135FS (c.404delT)	VHL	58	ENST00000256474.2		L135fs	frameshift
1907	R176fs (c.528delG)	VHL	58	ENST00000256474.2		R176fs	frameshift
1908	W88* (c.264G>A)	VHL	58	ENST		W88*	point_mutation
1909	V155E (c.464T>A)	VHL	58	ENST00000256474.2		V155E	point_mutation
1910	V170A (c.509T>C)	VHL	58	ENST		V170A	point_mutation
1911	R58fs (c.173_174insC)	VHL	58	ENST00000256474.2		R58fs	frameshift
1912	F76fs (c.223_224insT)	VHL	58	ENST00000256474.2		F76fs	frameshift
1913	K196* (c.586A>T)	VHL	58	ENST00000256474.2		K196*	point_mutation
1914	R120G (c.358A>G)	VHL	58	ENST		R120G	point_mutation
1915	R161G (c.481C>G)	VHL	58	ENST		R161G	point_mutation
1916	R167L (c.500G>T)	VHL	58	ENST00000256474.2		R167L	point_mutation
1917	N141fs (c.422_440del19)	VHL	58	ENST00000256474.2		N141fs	frameshift
1918	D126FS (c.375_376insC)	VHL	58	ENST00000256474.2		D126fs	frameshift
1919	E160FS (c.479_480delAG)	VHL	58	ENST00000256474.2		E160fs	frameshift
1920	G93R (c.277G>C)	VHL	58	ENST00000256474.2		G93R	point_mutation
1921	H115Y (c.343C>T)	VHL	58	ENST00000256474.2		H115Y	point_mutation
1922	I109FS (c.326delT)	VHL	58	ENST00000256474.2		I109fs	frameshift
1923	L153P (c.458T>C)	VHL	58	ENST00000256474.2		L153P	point_mutation
1924	L188R (c.563T>G)	VHL	58	ENST00000256474.2		L188R	point_mutation
1925	L85fs (c.253_254ins38)	VHL	58			L85fs	frameshift
1926	F76del (c.227_229delTCT)	VHL	58	ENST00000256474.2		F76del	small_deletion
1927	P103A (c.307C>G)	VHL	58	ENST00000256474.2		P103A	point_mutation
1928	P138T (c.412C>A)	VHL	58	ENST00000256474.2		P138T	point_mutation
1929	P59fs (c.176delC)	VHL	58	ENST00000256474.2		P59fs	frameshift
1930	P59S (c.175C>T)	VHL	58	ENST00000256		P59S	point_mutation
1931	P61P (c.183C>G)	VHL	58	ENST00000256474.2		P61P	point_mutation
1932	Y175* (c.525C>A)	VHL	58	ENST		Y175*	point_mutation
1933	Y98C  (c.293A>G)	VHL	58	ENST00000256474.2		Y98C	point_mutation
1934	V155G (c.464T>G)	VHL	58	ENST00000256474.2		V155G	point_mutation
1935	V170G (c.509T>G)	VHL	58	ENST		V170G	point_mutation
1936	V66G (c.197T>G)	VHL	58	ENST		V66G	point_mutation
1937	V84L (c.250G>C)	VHL	58	ENST		V84L	point_mutation
1941	S168T (c.503G>C)	VHL	58	ENST		S168T	point_mutation
1942	P86S (c.257C>T)	VHL	58			P86S	point_mutation
1943	Q164H (c.492G>C)	VHL	58	ENST		Q164H	point_mutation
1944	L63P (c.188T>C)	VHL	58	ENST		L63P	point_mutation
1946	Y156C (c.467A>G)	VHL	58	ENST		Y156C	point_mutation
1948	R69fs (c.204insG)	VHL	58			R69fs	frameshift
1949	G144fs (c.432insG)	VHL	58			G144fs	frameshift
1953	N131K (c.393C>A)	VHL	58	ENST00000256474.2		N131K	point_mutation
1954	T105fs (c.315insAC)	VHL	58			T105fs	frameshift
1955	P71fs (c.211insT)	VHL	58			P71fs	frameshift
1956	E70K (c.208G>A)	VHL	58	ENST00000256474.2		E70K	point_mutation
1957	H115Q (c.345C>G)	VHL	58	ENST00000256474.2		H115Q	point_mutation
1958	H191FS (c.571delC)	VHL	58	ENST00000256474.2		H191fs	frameshift
1960	L140fs (c.417_to_418delTC)	VHL	58			L140fs	frameshift
1961	M54fs (c.161insT)	VHL	58			M54fs	frameshift
1962	P154P (c.462A>C)	VHL	58	ENST00000256474.2		P154P	point_mutation
1963	S80R (c.238A>C)	VHL	58	ENST00000256474.2		S80R	point_mutation
1964	R60FS (c.179delG)	VHL	58	ENST00000256474.2		R60fs	frameshift
1966	W88S (c.263G>C)	VHL	58	ENST00000256474.2		W88S	point_mutation
1967	Y156D (c.466T>G)	VHL	58	ENST00000256474.2		Y156D	point_mutation
1968	Y156* (c.468T>G)	VHL	58	ENST00000256474.2		Y156*	point_mutation
1969	Y175* (c.525C>G)	VHL	58	ENST00000256474.2		Y175*	point_mutation
1970	V130L (c.388G>C)	VHL	58	ENST		V130L	point_mutation
1976	E173* (c.517G>T)	VHL	58	ENST00000256474.2		E173*	point_mutation
1977	V194fs (c.579_580delTG)	VHL	58	ENST00000256474.2		V194fs	frameshift
1980	R82P (c.245G>C)	VHL	58	ENST00000256474.2		R82P	point_mutation
1986	*214L (c.641G>T)	VHL	58	ENST00000256474.2		*214L	point_mutation
1987	*214W (c.642A>G)	VHL	58	ENST00000256474.2		*214W	point_mutation
1988	*214C (c.642A>T)	VHL	58	ENST00000256474.2		*214C	point_mutation
1989	G144fs (c.431delG)	VHL	58	ENST00000256474.2		G144fs	frameshift
1994	Q132* (c.394C>T)	VHL	58	ENST00000256474.2		Q132*	point_mutation
1996	L129fs (c.384delT)	VHL	58	ENST00000256474.2		L129fs	frameshift
1997	L178Q (c.533T>A)	VHL	58	ENST000002564742		L178Q	point_mutation
1999	V74G (c.221T>G)	VHL	58	ENST		V74G	point_mutation
2000	H115R (c.344A>G)	VHL	58	ENST00000256474.2		H115R	point_mutation
2001	R131S (c.392A>G)	VHL	58			R131S	point_mutation
2002	Q73fs (c.215delC)	VHL	58	ENST00000256474.2		Q73fs	frameshift
2003	S111R (c.333C>A)	VHL	58	ENST00000256474.2		S111R	point_mutation
2004	S168fs (c.503delG)	VHL	58	ENST00000256474.2		S168fs	frameshift
2005	P172fs  (c.516delT)	VHL	58	ENST00000256474.2		P172fs	frameshift
2006	Y112N (c.334T>A)	VHL	58	ENST00000256474.2		Y112N	point_mutation
2007	R107G  (c.319C>G)	VHL	58	ENST		R107G	point_mutation
2008	G93C (c.277G>T)	VHL	58	ENST00000256474.2		G93C	point_mutation
2009	G93V (c.278G>T)	VHL	58	ENST00000256474.2		G93V	point_mutation
2010	L198Q  (c.593T>A)	VHL	58	ENST00000256474.2		L198Q	point_mutation
2011	S65A (c.193T>G)	VHL	58	ENST00000256474.2		S65A	point_mutation
2012	S68W (c.203C>G)	VHL	58			S68W	point_mutation
2013	Y156N (c.466T>A)	VHL	58	ENST00000256474.2		Y156N	point_mutation
2014	P61fs (c.183insC)	VHL	58			P61fs	frameshift
2015	F76del (c.226_228delTTC)	VHL	58	ENST00000256474.2		F76del	small_deletion
2020	L85P (c.254T>C)	VHL	58	ENST00000256474.2		L85P	point_mutation
2022	V194FS (c.581_582delTG)	VHL	58	ENST00000256474.2		V194fs	frameshift
2023	A149fs (c.449del14-nt)	VHL	58			A149fs	frameshift
2026	G114S (c.340G>A)	VHL	58	ENST00000256474.2		G114S	point_mutation
2027	W117fs (c.349dupT)	VHL	58	ENST00000256474.2		W117fs	frameshift
2028	A122I (c.364_365GC>AT)	VHL	58	ENST00000256474.2		A122I	point_mutation
2029	N150fs (c.445_458del)	VHL	58	ENST00000256474.2		N150fs	frameshift
2030	I151M (c.453C>G)	VHL	58	ENST00000256474.2		I151M	point_mutation
2032	E160FS (c.478_479delGA)	VHL	58	ENST00000256474.2		E160fs	frameshift
2033	L163H (c.488T>A)	VHL	58	ENST00000256474.2		L163H	point_mutation
2034	L129P (c.386T>C)	VHL	58	ENST00000256474.2		L129P	point_mutation
2035	C162FS (c.483delA)	VHL	58	ENST00000256474.2		C162fs	frameshift
2037	N78I (c.233A>T)	VHL	58	ENST00000256474.2		N78I	point_mutation
2038	I147V (c.439A>G)	VHL	58	ENST00000256474.2		I147V	point_mutation
2039	W88fs (c.263_265delGGCinsTT)	VHL	58	ENST00000256474.2		W88fs	frameshift
2040	K159fs (c.477_478insCA)	VHL	58	ENST00000256474.2		K159fs	frameshift
2041	Q73fs (c.217delC)	VHL	58	ENST00000256474.2		Q73fs	frameshift
2042	A149fs (c.445delG)	VHL	58	ENST00000256474.2		A149fs	frameshift
2043	G104A (c.311G>C)	VHL	58	ENST00000256474.2		G104A	point_mutation
2044	R107H (c.320G>A)	VHL	58	ENST00000256474.2		R107H	point_mutation
2045	S111C (c.331A>T)	VHL	58			S111C	point_mutation
2046	V155L (c.463G>C)	VHL	58			V155L	point_mutation
2050	E1705K	DICER1	9533			E1705K	point_mutation
2051	D1709N	DICER1	9533			D1709N	point_mutation
2052	E1813Q	DICER1	9533			E1813Q	point_mutation
2053	D126Y (c.376G>T)	VHL	58	ENST00000256474.2		D126Y	point_mutation
2054	T124I (c.371C>T)	VHL	58	ENST00000256474.2		T124I	point_mutation
2055	P146fs (c.436delC)	VHL	58	ENST00000256474.2		P146fs	frameshift
2056	W88R (c.262T>C)	VHL	58	ENST00000256474.2		W88R	point_mutation
2057	H115FS (c.344delA)	VHL	58	ENST00000256474.2		H115fs	frameshift
2058	P102fs (c.305delC)	VHL	58	ENST00000256474.2		P102fs	frameshift
2059	G144R (c.430G>A)	VHL	58	ENST00000256474.2		G144R	point_mutation
2060	H125P (c.374A>C)	VHL	58	ENST00000256474.2		H125P	point_mutation
2063	F354L	STK11	5534			F354L	point_mutation
2064	P192S (c.574C>T)	VHL	58	ENST00000256474.2		P192S	point_mutation
2066	Y175N (c.523T>A)	VHL	58	ENST00000256474.2		Y175N	point_mutation
2067	Y175C (c.524A>G)	VHL	58	ENST00000256474.2		Y175C	point_mutation
2068	V87A (c.260T>C)	VHL	58	ENST00000256474.2		V87A	point_mutation
2069	P97L (c.290C>T)	VHL	58	ENST00000256474.2		P97L	point_mutation
2070	L184H (c.551T>A)	VHL	58	ENST00000256474.2		L184H	point_mutation
2073	G106fs (c.316insA)	VHL	58			G106fs	frameshift
2076	V155M (c.463G>A)	VHL	58	ENST00000256474.2		V155M	point_mutation
2079	Q164L (c.491A>T)	VHL	58	ENST00000256474.2		Q164L	point_mutation
2080	R176fs (c.527delG)	VHL	58	ENST00000256474.2		R176fs	frameshift
2081	V194fs (c.581_582delGT)	VHL	58			V194fs	frameshift
2084	P81L (c.242C>T)	VHL	58	ENST00000256474.2		P81L	point_mutation
2085	T152I (c.455C>T)	VHL	58	ENST00000256474.2		T152I	point_mutation
2087	L63fs (c.189_192delGCGC)	VHL	58			L63fs	frameshift
2088	F76del (c.224_226delTCT)	VHL	58	ENST00000256474.2		F76del	small_deletion
2090	P40fs (c.118ins)	VHL	58			P40fs	frameshift
2091	T152fs (c.455insA)	VHL	58			T152fs	frameshift
2092	T157fs (c.472ins)	VHL	58			T157fs	frameshift
2094	T157fs (c.472ins1-nt)	VHL	58			T157fs	frameshift
2095	I151fs (c.452insA)	VHL	58			I151fs	frameshift
2097	D92fs (c.275del18-nt)	VHL	58			D92fs	frameshift
2098	K159fs (c.475delA)	VHL	58	ENST00000256474.2		K159fs	frameshift
2099	V66del (c.197_220del)	VHL	58			V66del	small_deletion
2100	S183fs (c.548delC)	VHL	58	ENST00000256474.2		S183fs	frameshift
2101	V84M (c.250G>A)	VHL	58	ENST00000256474.2		V84M	point_mutation
2105	D197N (c.589G>A)	VHL	58	ENST00000256474.2		D197N	point_mutation
2106	S80G (c.238A>G)	VHL	58	ENST00000256474.2		S80G	point_mutation
2107	F76L (c.228C>G)	VHL	58	ENST00000256474.2		F76L	point_mutation
2110	R82L (c.245G>T)	VHL	58	ENST00000256474.2		R82L	point_mutation
2112	N78D (c.232A>G)	VHL	58	ENST00000256474.2		N78D	point_mutation
2113	N78Y (c.232A>T)	VHL	58	ENST00000256474.2		N78Y	point_mutation
2115	Y185* (c.555C>A)	VHL	58	ENST00000256474.2		Y185*	point_mutation
2116	R167Q (c.499C>T)	VHL	58			R167Q	point_mutation
2117	P95R (c.284C>G)	VHL	58	ENST00000256474.2		P95R	point_mutation
2118	P103L (c.308C>T)	VHL	58	ENST00000256474.2		P103L	point_mutation
2119	F119S (c.356T>C)	VHL	58	ENST00000256474.2		F119S	point_mutation
2120	P138L (c.413C>T)	VHL	58	ENST00000256474.2		P138L	point_mutation
2121	P61fs (c.181delCCGT)	VHL	58			P61fs	frameshift
2122	S65* (c.203C>A)	VHL	58	ENST00000256474.2		S65*	point_mutation
2123	C77del (c.229_231delTGC)	VHL	58	ENST00000256474.2		C77del	small_deletion
2124	W88C (c.264G>C)	VHL	58	ENST00000256474.2		W88C	point_mutation
2125	Q132P (c.395A>C)	VHL	58	ENST00000256474.2		Q132P	point_mutation
2126	D198fs (c.592_593delCT)	VHL	58	ENST00000256474.2		D198fs	frameshift
2127	G93FS (c.279delC)	VHL	58	ENST00000256474.2		G93fs	frameshift
2128	P97P (c.291C>G)	VHL	58	ENST00000256474.2		P97P	point_mutation
2129	G114dup (c.342dupGGT)	VHL	58			G114dup	duplication
2130	S65FS (c.194delC)	VHL	58	ENST00000256474.2		S65fs	frameshift
2131	Q73fs (c.214insGCCC)	VHL	58			Q73fs	frameshift
2132	F76fs (c.227insC)	VHL	58			F76fs	frameshift
2134	G114fs (c.341delCGTTTCCAACAATTTCTCGGTGT)	VHL	58			G114fs	frameshift
2135	G123fs (c.369_375delGACACAC)	VHL	58	ENST00000256474.2		G123fs	frameshift
2136	H125fs (c.374insA)	VHL	58			H125fs	frameshift
2137	L158fs (c.474_476delGAAinsC)	VHL	58	ENST00000256474.2		L158fs	frameshift
2138	Y175FS (c.525delC)	VHL	58	ENST00000256474.2		Y175fs	frameshift
2139	L188fs (c.562delC)	VHL	58	ENST00000256474.2		L188fs	frameshift
2140	Q195fs (c.584_585delAG)	VHL	58	ENST00000256474.2		Q195fs	frameshift
2141	D197FS (c.589delG)	VHL	58	ENST00000256474.2		D197fs	frameshift
2142	T202fs (c.606insA)	VHL	58			T202fs	frameshift
2143	R113FS (c.337delC)	VHL	58	ENST00000256474.2		R113fs	frameshift
2144	E55fs (c.165_166dupG)	VHL	58			E55fs	frameshift
2145	P61FS (c.182_185delCCGT)	VHL	58	ENST00000256474.2		P61fs	frameshift
2147	K196E (c.586A>G)	VHL	58	ENST00000256474.2		K196E	point_mutation
2148	R161R (c.481C>A)	VHL	58			R161R	point_mutation
2149	N90I (c.269A>T)	VHL	58	ENST00000256474.2		N90I	point_mutation
2150	I151F (c.451A>T)	VHL	58			I151F	point_mutation
2151	W88* (c.263G>A)	VHL	58	ENST00000256474.2		W88*	point_mutation
2153	G114fs (c.326_339dupTCCACAGCTACCGA)	VHL	58			G114fs	frameshift
2154	D121H (c.361G>C)	VHL	58	ENST00000256474.2		D121H	point_mutation
2155	R145fs (c.432_433insA)	VHL	58	ENST00000256474.2		R145fs	frameshift
2156	S111R (c.331A>C)	VHL	58	ENST00000256474.2		S111R	point_mutation
2157	L128P (c.383T>C)	VHL	58	ENST00000256474.2		L128P	point_mutation
2158	F76fs (c.222_225dupCATC)	VHL	58			F76fs	frameshift
2160	Y98FS (c.291delC)	VHL	58	ENST00000256474.2		Y98fs	frameshift
2161	S183L (c.548C>T)	VHL	58	ENST00000256474.2		S183L	point_mutation
2162	N150S (c.449A>G)	VHL	58	ENST00000256474.2		N150S	point_mutation
2165	S1088F	FANCA	1810	ENST00000568369.1		S1088F	point_mutation
2168	L1237F	RAD50	8032			L1237F	point_mutation
2173	E94K (c.280G>A)	VHL	58	ENST00000256474.2		E94K	point_mutation
2175	R79C (c.235C>T)	VHL	58			R79C	point_mutation
2176	Y175C (c.523A>G)	VHL	58			Y175C	point_mutation
2177	M54I (c.162G>C)	VHL	58	ENST00000256474.2		M54I	point_mutation
2195	D1709G	DICER1	9533			D1709G	point_mutation
2196	D1709E	DICER1	9533			D1709E	point_mutation
2197	D1810H	DICER1	9533			D1810H	point_mutation
2198	D1810Y	DICER1	9533			D1810Y	point_mutation
2199	D1810N	DICER1	9533			D1810N	point_mutation
2200	E1813G	DICER1	9533			E1813G	point_mutation
2201	E1813K	DICER1	9533			E1813K	point_mutation
2213	M766_A767insASV	EGFR	19			M766_A767insASV	insertion
2217	P772_H773insH	EGFR	19			P772_H773insH	insertion
2221	G496A	BRAF	5			G496A	point_mutation
2222	G466V	BRAF	5	ENST00000288602.6		G466V	point_mutation
2223	G606E	BRAF	5	ENST00000288602.6		G606E	point_mutation
2224	P731T	BRAF	5	ENST00000288602.6		P731T	point_mutation
2241	R82C (c.244C>T)	VHL	58	ENST00000256474.2		R82C	point_mutation
2242	W88L (c.263G>T)	VHL	58	ENST00000256474.2		W88L	point_mutation
2243	S111G (c.331A>G)	VHL	58	ENST00000256474.2		S111G	point_mutation
2244	I151M (c.453C>G)	VHL	58	ENST00000256474.2		I151M	point_mutation
2245	E160* (c.478G>T)	VHL	58	ENST00000256474.2		E160*	point_mutation
2246	I180N (c.539T>A)	VHL	58	ENST00000256474.2		I180N	point_mutation
2247	L198R (c.593T>G)	VHL	58	ENST00000256474.2		L198R	point_mutation
2248	T100A(c.298A>G)	VHL	58			T100A	point_mutation
2249	W117* (c.350G>A)	VHL	58			W117*	point_mutation
2250	I151S (c.452T>G)	VHL	58			I151S	point_mutation
2251	Q96fs (c.286insT)	VHL	58			Q96fs	frameshift
2252	G104fs (c.309delT)	VHL	58			G104fs	frameshift
2253	N174fs (c.520delA)	VHL	58			N174fs	frameshift
2255	A702S	EGFR	19			A702S	point_mutation
2259	I744_K745insKIPVAI	EGFR	19			I744_K745insKIPVAI	insertion
2260	D1028N	MET	52			D1028N	point_mutation
2261	Q132fs (c.395delA)	VHL	58			Q132fs	frameshift
2262	L63fs (c.187delC)	VHL	58			L63fs	frameshift
2263	P61fs (c.181delC)	VHL	58			P61fs	frameshift
2264	R82_V84del (c.244_252del)	VHL	58	ENST00000256474.2		R82_V84del	small_deletion
2265	A56_P59del (c.166_178del)	VHL	58			A56_P59del	small_deletion
2266	G104fs (c.310delG)	VHL	58			G104fs	frameshift
2267	Q132fs (c.395_396delAA)	VHL	58			Q132fs	frameshift
2268	V194fs (c.579_580delTG)	VHL	58			V194fs	frameshift
2269	M54_A56del (c.159_168del)	VHL	58			M54_A56del	small_deletion
2271	F76_N78del (c.226_232del)	VHL	58			F76_N78del	small_deletion
2272	N141fs (c.421_422delAA)	VHL	58			N141fs	frameshift
2273	R161fs (c.481insC)	VHL	58			R161fs	frameshift
2274	P172fs (c.514delC)	VHL	58			P172fs	frameshift
2275	p.R258G	ACVR1	154			R258G	point_mutation
2276	p.R358X	AMER1	18420			R358*	point_mutation
2277	V2del	CRLF2	14303			V2del	small_deletion
2279	G24R	CRLF2	14303			G24R	point_mutation
2280	p.G328W	ACVR1	154			G328W	point_mutation
2281	p.S37C	CTNNB1	1290			S37C	point_mutation
2282	E518K	DROSHA	11314			E518K	point_mutation
2283	G328E	ACVR1	154			G328E	point_mutation
2285	F232C	CRLF2	14303			F232C	point_mutation
2290	G144Q (c.431G>A)	VHL	58			G144Q	point_mutation
2291	I147T (c.440T>C)	VHL	58			I147T	point_mutation
2293	G104G (c.312C>G)	VHL	58			G104G	point_mutation
2294	F91L (c.273C>G)	VHL	58			F91L	point_mutation
2298	L128fs (c.382delC)	VHL	58			L128fs	frameshift
2299	W88fs (c.261dupA)	VHL	58			W88fs	frameshift
2300	L63P (c.188T>C)	VHL	58	ENST00000256474.2		L63P	point_mutation
2301	E55fs (c.162delG)	VHL	58			E55fs	frameshift
2302	R60fs (c.176_177delCG)	VHL	58			R60fs	frameshift
2303	P61_S65del (c.183_195del)	VHL	58			P61_S65del	small_deletion
2304	E70fs (c.209_210delAG)	VHL	58			E70fs	frameshift
2305	L85fs (c.253delC)	VHL	58			L85fs	frameshift
2306	P86fs (c.255_256delGC)	VHL	58			P86fs	frameshift
2307	P86H (c.257C>A)	VHL	58	ENST00000256474.2		P86H	point_mutation
2308	L89H (c.266T>A)	VHL	58	ENST00000256474.2		L89H	point_mutation
2309	N90fs (c.269delA)	VHL	58			N90fs	frameshift
2310	E94_P97del (c.281_291del)	VHL	58			E94_P97del	small_deletion
2311	K114fs (c.339_340delAG)	VHL	58			K114fs	frameshift
2312	L116fs (c.347delT)	VHL	58			L116fs	frameshift
2313	L118fs (c.349_350insG)	VHL	58			L118fs	frameshift
2314	T124fs (c.370_371insTGCAGGA)	VHL	58			T124fs	frameshift
2315	N131fs (c.389delT)	VHL	58			N131fs	frameshift
2316	S139fs (c.415insC)	VHL	58			S139fs	frameshift
2317	L140fs (c.420delC)	VHL	58			L140fs	frameshift
2318	N141_D142del (c.422_428del)	VHL	58			N141_D142del	small_deletion
2319	G144fs (c.429_430insGGAC)	VHL	58			G144fs	frameshift
2320	G144fs (c.430_433delGGAC)	VHL	58			G144fs	frameshift
2321	Q145H (c.435G>T)	VHL	58			Q145H	point_mutation
2322	I147fs (c.439insT)	VHL	58			I147fs	frameshift
2323	T157fs (c.469delA)	VHL	58			T157fs	frameshift
2324	L158_K159del (c.472_477del)	VHL	58			L158_K159del	small_deletion
2325	V166fs (c.498delC)	VHL	58			V166fs	frameshift
2326	S168_L169del (c.504_509del)	VHL	58			S168_L169del	small_deletion
2327	K171fs (c.512_516delAGCCT)	VHL	58			K171fs	frameshift
2328	H191fs (c.570_574delCCACC)	VHL	58			H191fs	frameshift
2329	R205fs (c.615delC)	VHL	58			R205fs	frameshift
2330	L869R	ERBB2	20	ENST00000269571.5		L869R	point_mutation
2331	T798I	ERBB2	20			T798I	point_mutation
2332	A750T	EGFR	19			A750T	point_mutation
2333	R705K	EGFR	19			R705K	point_mutation
2346	Glu34Lys (c.100G>A)	MLH1	3532			E34K	point_mutation
2347	S185C	IL7R	2975			S185C	point_mutation
2348	V253G	IL7R	2975			V253G	point_mutation
2364	R172I	PREX2	15344			R172I	point_mutation
2377	Y35N	RHEB	4868			Y35N	point_mutation
2380	V130I (c.388G>A)	VHL	58			V130I	point_mutation
2387	T618I	CSF3R	1239			T618I	point_mutation
2398	D594K	BRAF	5			D594K	point_mutation
2399	V443L	FGFR3	23			V443L	point_mutation
2400	V443M	FGFR3	23			V443M	point_mutation
2401	V496V	FGFR3	23			V496V	point_mutation
2402	V555M	FGFR3	23			V555M	point_mutation
2403	R248C	FGFR3	23			R248C	point_mutation
2404	Y373C	FGFR3	23			Y373C	point_mutation
2405	G380R	FGFR3	23			G380R	point_mutation
2406	G370C	FGFR3	23			G370C	point_mutation
2407	F386L	FGFR3	23			F386L	point_mutation
2416	K27M	H3F3A	2537			K27M	point_mutation
2420	K36M	H3F3B	2538			K36M	point_mutation
2421	G34W	H3F3A	2537			G34W	point_mutation
2423	F136fs (c.407delC)	VHL	58			F136fs	frameshift
2425	H191D (c.571C>G)	VHL	58			H191D	point_mutation
2427	P54S (c.460C>T)	VHL	58			P54S	point_mutation
2428	G104V (c.311G>T)	VHL	58			G104V	point_mutation
2430	P40R (c.119C>G)	VHL	58			P40R	point_mutation
2432	V87fs (c.259_260insA)	VHL	58			V87fs	frameshift
2437	V166A (c.497T>C)	VHL	58			V166A	point_mutation
2440	P138R (c.413C>G)	VHL	58			P138R	point_mutation
2443	Q132Hfs*45 (c.343_395dup)	VHL	58			Q132Hfs*45	frameshift
2444	Q73Pfs*59 (c.217dupC)	VHL	58			Q73Pfs*59	frameshift
2445	V74Sfs*53 (c.219_232delGGTCATCTTCTGCA)	VHL	58			V74Sfs*53	frameshift
2446	D121Mfs*38 (c.361delG)	VHL	58			D121Mfs*38	frameshift
2447	V66Gfs*89 (c.197_209del)	VHL	58			V66Gfs*89	frameshift
2448	R79_S80del (c.236_241delGCAGTC)	VHL	58			R79_S80del	small_deletion
2449	D92G (c.275A>G)	VHL	58			D92G	point_mutation
2451	V141fs (c.422_440del19)	VHL	58			V141fs	frameshift
2453	Y156_T157del (c.465_470del6)	VHL	58			Y156_T157del	small_deletion
2455	G114Vfs*45 (c.339delA)	VHL	58			G114Vfs*45	frameshift
2456	T133Lfs*26 (c.397delA)	VHL	58			T133Lfs*26	frameshift
2458	R167P (c.500G>C)	VHL	58			R167P	point_mutation
2459	L178P (c.532C>T)	VHL	58			L178P	point_mutation
2460	N131K (c.393C>G)	VHL	58			N131K	point_mutation
2462	S72fs (c.216delC)	VHL	58			S72fs	frameshift
2463	H110P (c.329A>C)	VHL	58			H110P	point_mutation
2466	E52* (c.154G>T)	VHL	58			E52*	point_mutation
2467	L158E (c.473T>A)	VHL	58			L158E	point_mutation
2468	D427N	PRKCB	4517			D427N	point_mutation
2469	R176fs (c.526_528delA)	VHL	58			R176fs	frameshift
2470	W117C (c.351G>X)	VHL	58			W117C	point_mutation
2471	T104fs (c.313_315delC)	VHL	58			T104fs	frameshift
2473	M54fs (c.160delA)	VHL	58			M54fs	frameshift
2474	P59fs (c.176insAGCAdelTCCTGCGCT)	VHL	58			P59fs	frameshift
2475	F119L (c.355T>C)	VHL	58			F119L	point_mutation
2476	I151N (c.452T>A)	VHL	58			I151N	point_mutation
2477	V155fs (c.464_468delTGTAT)	VHL	58			V155fs	frameshift
2478	L163P (c.488T>C)	VHL	58			L163P	point_mutation
2480	Y98S (c.293A>C)	VHL	58			Y98S	point_mutation
2481	I151T (c.453T>C)	VHL	58			I151T	point_mutation
2482	A149fs (c.446delG)	VHL	58			A149fs	frameshift
2484	Y98N (c.292T>A)	VHL	58			Y98N	point_mutation
2486	R167fs (c.501insTTGTCCGT)	VHL	58			R167fs	frameshift
2487	I75del (c.221delTCA)	VHL	58			I75del	small_deletion
2488	*214G (c.640T>G)	VHL	58	ENST00000256474.2		*214G	point_mutation
2489	*214C (c.641insC)	VHL	58			*214C	point_mutation
2490	N131S (c.392A>G)	VHL	58			N131S	point_mutation
2491	G114V (c.341G>T)	VHL	58			G114V	point_mutation
2493	V194G (c.581T>G)	VHL	58			V194G	point_mutation
2494	R120T (c.359G>C)	VHL	58			R120T	point_mutation
2495	H208fs (c.623insTTTTGTTG)	VHL	58			H208fs	frameshift
2497	M54Gfs*77 (c.160_161delAT)	VHL	58			M54Gfs*77	frameshift
2498	L198Wfs*4 (c.592delC)	VHL	58			L198Wfs*4	frameshift
2499	K196fs (c.588insA)	VHL	58			K196fs	frameshift
2500	Y98S (c.293A>C) (Novel)	VHL	58			Y98S	point_mutation
2501	L198P (c.593T>C)	VHL	58			L198P	point_mutation
2502	E160V (c.479A>T)	VHL	58	ENST00000256474.2		E160V	point_mutation
2503	S183W (c.548C>G)	VHL	58			S183W	point_mutation
2505	L163F (c.487C>T)	VHL	58			L163F	point_mutation
2506	L85_E94del (c.254_283del30bp)	VHL	58			L85_E94del	small_deletion
2508	L129P (c.386T>G)	VHL	58			L129P	point_mutation
2509	V62Efs*71 (c.185_193delTGCTGCGCTinsAGCA)	VHL	58			V62Efs*71	frameshift
2510	R69Afs*63 (c.204_205insG)	VHL	58			R69Afs*63	frameshift
2511	S80Ifs*79 (c.239delG)	VHL	58			S80Ifs*79	frameshift
2512	S80fs (c.239_245delGTCCGCG)	VHL	58			S80fs	frameshift
2513	V87E (c.260T>A)	VHL	58			V87E	point_mutation
2514	D92fs (c.275delAinsCC)	VHL	58			D92fs	frameshift
2515	P97Afs*35 (c.287_288insA)	VHL	58			P97Afs*35	frameshift
2516	H110Pfs*49 (c.329delA)	VHL	58			H110Pfs*49	frameshift
2517	S111Tfs*48 (c.332delG)	VHL	58			S111Tfs*48	frameshift
2520	H115fs (c.343delC)	VHL	58			H115fs	frameshift
2521	W117G (c.349T>G)	VHL	58			W117G	point_mutation
2522	W117R (c.349T>A)	VHL	58			W117R	point_mutation
2523	W117S (c.350G>C)	VHL	58			W117S	point_mutation
2524	E134Dfs*72 (c.402_428delATTATTTGTGCCATCTCTCAATGTTGA)	VHL	58			E134Dfs*72	frameshift
2525	Q145fs (c.433_437delCAGCC)	VHL	58			Q145fs	frameshift
2526	P146Gfs*14 (c.435_436insGG)	VHL	58			P146Gfs*14	frameshift
2527	E160fs (c.480delG)	VHL	58			E160fs	frameshift
2528	C162* (c.486C>A)	VHL	58			C162*	point_mutation
2529	E189_D190del (c.565_570delGAAGAC)	VHL	58			E189_D190del	small_deletion
2532	R82G (c.244C>G)	VHL	58			R82G	point_mutation
2533	D126N (c.376G>A)	VHL	58			D126N	point_mutation
2537	R108fs (c.323delGC)	VHL	58			R108fs	frameshift
2539	V114R (c.341T>C)	VHL	58			V114R	point_mutation
2540	H115Q (c.346C>A)	VHL	58			H115Q	point_mutation
2541	S139F (c.416C>T)	VHL	58			S139F	point_mutation
2542	F190L (c.568T>C)	VHL	58			F190L	point_mutation
2543	L198fs (c.592delC)	VHL	58			L198fs	frameshift
2545	M54fs (c.160_175del)	VHL	58			M54fs	frameshift
2547	Asn67fs (c.197_213del)	VHL	58			N67fs	frameshift
2548	V84fs (c.249_255del)	VHL	58			V84fs	frameshift
2549	L89R(c.266T>G)	VHL	58			L89R	point_mutation
2551	G104fs*158 (c.311delC)	VHL	58			G104fs*158	frameshift
2552	R120fs*158 (c.359delG)	VHL	58			R120fs*158	frameshift
2553	D121_A122del (c.361_366del)	VHL	58			D121_A122del	small_deletion
2554	D126G (c.377A>G)	VHL	58			D126G	point_mutation
2555	G127fs (c.381delG)	VHL	58			G127fs	frameshift
2556	T133fs*157 (c.397_400delACTG)	VHL	58			T133fs*157	frameshift
2557	L135fs (c.405delA)	VHL	58			L135fs	frameshift
2558	F137fs (c.408insT)	VHL	58			F137fs	frameshift
2559	L140fs*158 (c.419delT)	VHL	58			L140fs*158	frameshift
2560	G144fs*158 (c.431delG)	VHL	58			G144fs*158	frameshift
2561	A149fs*158 (c.446delC)	VHL	58			A149fs*158	frameshift
2562	T157fs*158 (c.469delA)	VHL	58			T157fs*158	frameshift
2563	L163fs*169 (c.488delT)	VHL	58			L163fs*169	frameshift
2568	V804M	RET	42			V804M	point_mutation
2569	EZH2 Y641F	EZH2	63			Y641F	point_mutation
2573	D61Y	PTPN11	4685			D61Y	point_mutation
2574	D868N	SETBP1	10024			D868N	point_mutation
2576	G34V	CTNNB1	1290			G34V	point_mutation
2580	N131T (c.392A>C)	VHL	58			N131T	point_mutation
2587	JAK2 F694L	JAK2	28			F694L	point_mutation
2592	K642R	KIT	29			K642R	point_mutation
